episode,reward,avg_reward,steps,epsilon
1,-10000.0,-10000.0,9,0.9999595009112363
2,-10000.0,-10000.0,5,0.9999370022049485
3,-10000.0,-10000.0,4,0.9999190036448906
4,-10000.0,-10000.0,1,0.9999145040611214
5,-10000.0,-10000.0,8,0.999878508200881
6,-10000.0,-10000.0,2,0.9998695094607927
7,-10000.0,-10000.0,3,0.9998560115193856
8,-10000.0,-10000.0,3,0.9998425137804462
9,-10000.0,-10000.0,6,0.9998155189099578
10,50000.0,-4000.0,7,0.9997840259179265
11,-10000.0,-4545.454545454545,3,0.9997705292587629
12,-10000.0,-5000.0,2,0.9997615315984588
13,-10000.0,-5384.615384615385,3,0.9997480352767074
14,-10000.0,-5714.285714285715,1,0.9997435365477779
15,-10000.0,-6000.0,2,0.9997345391573994
16,-10000.0,-6250.0,3,0.9997210432405317
17,-10000.0,-6470.588235294118,2,0.9997120460750851
18,50000.0,-3333.3333333333335,6,0.9996850551185693
19,50000.0,-526.3157894736842,8,0.999649068436103
20,-10000.0,-1000.0,3,0.9996355738012865
21,50000.0,1428.5714285714287,5,0.9996130831930752
22,-10000.0,909.0909090909091,5,0.9995905931471222
23,-10000.0,434.7826086956522,1,0.9995860952054012
24,-10000.0,0.0,1,0.99958159728617
25,50000.0,2000.0,7,0.9995501124812524
26,-10000.0,1538.4615384615386,1,0.9995456147419343
27,-10000.0,1111.111111111111,2,0.999536619330764
28,-10000.0,714.2857142857143,12,0.9994826487527377
29,-10000,344.82758620689657,1,0.9994781513507374
30,-10000.0,0.0,11,0.9994286814128489
31,-10000.0,-322.5806451612903,2,0.999419687171006
32,-10000.0,-625.0,2,0.9994106930191052
33,-10000.0,-909.0909090909091,5,0.9993882080328432
34,50000.0,588.2352941176471,4,0.9993702204485589
35,-10000.0,285.7142857142857,4,0.9993522332240229
36,-10000.0,0.0,12,0.9992982737088311
37,-10000.0,-270.27027027027026,1,0.9992937772287037
38,-10000.0,-526.3157894736842,1,0.9992892807710587
39,-10000.0,-769.2307692307693,2,0.9992802879232153
40,-10000.0,-1000.0,1,0.9992757915330167
41,-10000.0,-1219.5121951219512,10,0.999230828867516
42,-10000.0,-1428.5714285714287,4,0.9992128444307837
43,-10000.0,-1627.906976744186,3,0.9991993563392781
44,-10000.0,-1818.1818181818182,4,0.9991813725319901
45,-10000.0,-2000.0,2,0.9991723807632236
46,-10000.0,-2173.913043478261,7,0.9991409102806337
47,-10000.0,-2340.425531914894,7,0.9991094408994912
48,-10000.0,-2500.0,4,0.9990914588904939
49,-10000.0,-2653.061224489796,9,0.9990510006851602
50,50000.0,-1600.0,8,0.999015039364364
51,-10000.0,-1764.7058823529412,3,0.9990015542399122
52,-10000.0,-1923.076923076923,4,0.9989835743886266
53,-10000.0,-2075.4716981132074,1,0.9989790794819919
54,-10000.0,-2222.222222222222,8,0.9989431210379863
55,-10000.0,-2363.6363636363635,8,0.9989071640322896
56,-10000.0,-2500.0,1,0.9989026695077059
57,-10000.0,-2631.5789473684213,1,0.9988981750055946
58,-10000.0,-2758.6206896551726,2,0.9988891860687893
59,-10000.0,-2881.35593220339,4,0.9988712084648446
60,-10000,-3000.0,1,0.998866714120038
61,-10000.0,-3114.754098360656,2,0.9988577254978401
62,-10000.0,-3225.8064516129034,3,0.9988442427330786
63,-10000.0,-3333.3333333333335,4,0.9988262660279916
64,50000.0,-2500.0,10,0.9987813258382043
65,50000.0,-1692.3076923076924,15,0.9987139197665257
66,-10000,-1818.1818181818182,1,0.9987094262081608
67,-10000.0,-1940.2985074626865,2,0.9987004391588341
68,50000.0,-1176.4705882352941,6,0.9986734785500704
69,-10000.0,-1304.3478260869565,2,0.9986644918602184
70,-10000.0,-1428.5714285714287,6,0.9986375323298576
71,-10000.0,-1549.2957746478874,3,0.9986240528679688
72,-10000.0,-1666.6666666666667,3,0.9986105736082705
73,-10000.0,-1780.8219178082193,2,0.9986015875474648
74,-10000.0,-1891.8918918918919,1,0.9985970945507596
75,-10000.0,-2000.0,2,0.9985881086247438
76,50000.0,-1315.7894736842106,10,0.998543180342529
77,-10000.0,-1428.5714285714287,3,0.9985297022959094
78,-10000.0,-1538.4615384615386,13,0.9984712997633631
79,-10000.0,-1645.5696202531647,6,0.9984443460286782
80,-10000.0,-1750.0,7,0.998412901026858
81,50000.0,-1111.111111111111,15,0.9983455225860041
82,50000.0,-487.8048780487805,17,0.9982691664617656
83,-10000.0,-602.4096385542168,3,0.9982556925253233
84,-10000.0,-714.2857142857143,1,0.998251201258089
85,-10000.0,-823.5294117647059,5,0.9982287452587586
86,-10000.0,-930.2325581395348,1,0.9982242541262601
87,-10000.0,-1034.4827586206898,13,0.9981658714471996
88,-10000.0,-1136.3636363636363,1,0.9981613806290695
89,-10000.0,-1235.9550561797753,5,0.9981389268752268
90,-10000.0,-1333.3333333333333,15,0.9980715689816637
91,-10000.0,-1428.5714285714287,3,0.9980580980091616
92,-10000.0,-1521.7391304347825,1,0.9980536077298973
93,50000.0,-967.741935483871,8,0.9980176863040213
94,-10000.0,-1063.8297872340424,4,0.9979997261298976
95,-10000.0,-1157.8947368421052,1,0.9979952361424919
96,-10000.0,-1250.0,8,0.9979593170514328
97,50000.0,-721.6494845360825,12,0.9979054411087042
98,-10000.0,-816.3265306122449,1,0.9979009515927224
99,50000.0,-303.030303030303,6,0.997874014968226
100,-10000.0,-400.0,3,0.9978605469590118
101,50000.0,200.0,16,0.9977887209883323
102,-10000.0,200.0,5,0.9977662765508641
103,-10000.0,200.0,7,0.9977348552810603
104,50000.0,800.0,4,0.9977169007635005
105,-10000.0,800.0,9,0.9976765044118908
106,-10000.0,800.0,3,0.9976630393653128
107,-10000.0,800.0,3,0.9976495745207089
108,-10000.0,800.0,2,0.997640598069846
109,-10000.0,800.0,11,0.9975912291946087
110,-10000.0,200.0,4,0.9975732775495418
111,-10000.0,200.0,14,0.9975104496191166
112,50000.0,800.0,2,0.9975014745594957
113,-10000.0,800.0,1,0.9974969870633418
114,-10000.0,800.0,23,0.9973937808443007
115,-10000.0,800.0,4,0.9973758331481615
116,-10000.0,800.0,6,0.9973489122769821
117,-10000.0,800.0,1,0.9973444255436376
118,-10000.0,200.0,1,0.9973399388327266
119,-10000.0,-400.0,2,0.9973309654782051
120,-10000.0,-400.0,3,0.9973175056146721
121,50000.0,-400.0,5,0.9972950729574411
122,-10000.0,-400.0,4,0.9972771272354398
123,-10000.0,-400.0,1,0.9972726408610196
124,-10000.0,-400.0,2,0.9972636681794745
125,50000.0,-400.0,13,0.9972053479364713
126,-10000.0,-400.0,1,0.9972008619209467
127,-10000.0,-400.0,6,0.9971739462988254
128,-10000.0,-400.0,22,0.9970752625924358
129,-10000.0,-400.0,2,0.9970662918846634
130,50000.0,200.0,11,0.9970169545953977
131,50000.0,800.0,8,0.9969810746348179
132,-10000.0,800.0,1,0.996976589740657
133,-10000.0,800.0,2,0.9969676200196083
134,-10000.0,200.0,3,0.9969541656062164
135,-10000.0,200.0,1,0.9969496808466002
136,-10000.0,200.0,24,0.9968420533426781
137,-10000.0,200.0,1,0.9968375691436218
138,-10000.0,200.0,1,0.9968330849669865
139,-10000.0,200.0,4,0.9968151484846526
140,50000.0,800.0,11,0.996765825007894
141,-10000.0,800.0,1,0.9967613411899785
142,-10000.0,800.0,2,0.9967523736214046
143,-10000.0,800.0,2,0.9967434061425058
144,50000.0,1400.0,15,0.9966761529090729
145,-10000.0,1400.0,3,0.9966627028676548
146,-10000.0,1400.0,7,0.9966313202222539
147,-10000.0,1400.0,8,0.9965954556867405
148,50000.0,2000.0,8,0.9965595925857799
149,-10000.0,2000.0,1,0.996555109799024
150,-10000.0,1400.0,7,0.9965237309193146
151,-10000.0,1400.0,7,0.9964923531378468
152,-10000.0,1400.0,32,0.9963489258358349
153,50000.0,2000.0,3,0.996335480702786
154,-10000.0,2000.0,4,0.9963175541724378
155,-10000.0,2000.0,2,0.996308591041712
156,-10000.0,2000.0,2,0.9962996280006168
157,-10000.0,2000.0,1,0.9962951465136805
158,-10000.0,2000.0,2,0.99628618360703
159,-10000.0,2000.0,2,0.996277220790008
160,-10000.0,2000.0,4,0.9962592954248466
161,-10000.0,2000.0,1,0.9962548141395726
162,-10000.0,2000.0,5,0.9962324080492965
163,-10000.0,2000.0,2,0.9962234457700274
164,-10000.0,1400.0,2,0.9962144835803807
165,50000.0,1400.0,10,0.9961696739764512
166,-10000.0,1400.0,1,0.9961651931392833
167,50000.0,2000.0,13,0.9961069442948373
168,-10000.0,1400.0,1,0.9961024637713171
169,-10000.0,1400.0,9,0.9960621400677375
170,50000.0,2000.0,15,0.9959949379273442
171,-10000.0,2000.0,3,0.9959814981040742
172,-10000.0,2000.0,9,0.9959411798438272
173,-10000.0,2000.0,4,0.9959232611994173
174,-10000.0,2000.0,3,0.9959098224512902
175,-10000.0,2000.0,1,0.9959053429133768
176,-10000.0,1400.0,7,0.9958739867751104
177,-10000.0,1400.0,2,0.9958650280800363
178,-10000.0,1400.0,2,0.9958560694745485
179,-10000.0,1400.0,12,0.9958023197228888
180,-10000.0,1400.0,1,0.9957978407224877
181,-10000.0,800.0,4,0.9957799249448317
182,50000.0,800.0,6,0.9957530519501802
183,-10000.0,800.0,6,0.9957261797617065
184,-10000,800.0,1,0.9957217011420043
185,-10000.0,800.0,2,0.9957127439697787
186,-10000.0,800.0,4,0.9956948298940408
187,-10000.0,800.0,1,0.9956903514310874
188,-10000.0,800.0,1,0.9956858729905264
189,-10000.0,800.0,7,0.995654524533573
190,-10000.0,800.0,1,0.9956500462721459
191,-10000.0,800.0,5,0.9956276553008775
192,-10000.0,800.0,4,0.9956097429268959
193,-10000.0,200.0,4,0.995591830911158
194,-10000.0,200.0,3,0.995578397134448
195,-10000.0,200.0,4,0.9955604857456197
196,-10000.0,200.0,1,0.9955560079543854
197,-10000.0,-400.0,40,0.9953769146627207
198,-10000.0,-400.0,7,0.9953455770191194
199,-10000.0,-1000.0,6,0.9953187170547104
200,50000.0,-400.0,14,0.9952560469379962
201,-10000.0,-1000.0,6,0.9952291896594493
202,-10000.0,-1000.0,6,0.9952023331866087
203,-10000.0,-1000.0,2,0.9951933812080367
204,-10000.0,-1600.0,5,0.9951710016532521
205,50000.0,-1000.0,2,0.9951620499879941
206,-10000.0,-1000.0,9,0.9951217686020825
207,-10000.0,-1000.0,4,0.9951038663457337
208,-10000.0,-1000.0,13,0.9950456864852871
209,-10000.0,-1000.0,2,0.9950367360731743
210,-10000.0,-1000.0,5,0.9950143604344692
211,50000.0,-400.0,15,0.9949472368746016
212,-10000.0,-1000.0,5,0.9949248634733483
213,-10000.0,-1000.0,2,0.9949159142694597
214,-10000.0,-1000.0,8,0.9948801183488122
215,-10000.0,-1000.0,1,0.9948756439594064
216,-10000.0,-1000.0,1,0.9948711695923725
217,-10000,-1000.0,1,0.9948666952477104
218,-10000.0,-1000.0,5,0.9948443238599727
219,-10000.0,-1000.0,14,0.99478168694962
220,-10000.0,-1000.0,14,0.9947190544236976
221,-10000.0,-1600.0,2,0.9947101072778891
222,-10000.0,-1600.0,1,0.9947056337385365
223,-10000.0,-1600.0,10,0.994660899575213
224,-10000.0,-1600.0,10,0.9946161676485418
225,-10000.0,-2200.0,4,0.9945982755041108
226,-10000.0,-2200.0,4,0.9945803837175192
227,-10000.0,-2200.0,3,0.9945669651124032
228,-10000.0,-2200.0,6,0.9945401285060009
229,50000.0,-1600.0,14,0.9944775128885777
230,-10000.0,-2200.0,4,0.9944596235172142
231,-10000.0,-2800.0,1,0.9944551512302774
232,-10000.0,-2800.0,5,0.9944327901310115
233,-10000.0,-2800.0,2,0.9944238458478317
234,-10000.0,-2800.0,1,0.9944193737397827
235,-10000.0,-2800.0,6,0.9943925415610553
236,-10000.0,-2800.0,11,0.9943433513240133
237,-10000.0,-2800.0,5,0.9943209930197102
238,50000.0,-2200.0,7,0.9942896923327197
239,-10000.0,-2200.0,1,0.9942852208954367
240,-10000.0,-2800.0,21,0.9941913258768174
241,-10000.0,-2800.0,8,0.9941555589391259
242,-10000.0,-2800.0,2,0.9941466174282441
243,50000.0,-2200.0,6,0.9941197934320831
244,-10000.0,-2800.0,14,0.9940572072370853
245,-10000.0,-2800.0,1,0.9940527369622248
246,-10000.0,-2800.0,5,0.9940303859231898
247,-10000.0,-2800.0,2,0.994021445664032
248,-10000.0,-3400.0,2,0.9940125054942763
249,-10000.0,-3400.0,5,0.9939901554610155
250,-10000.0,-3400.0,3,0.9939767457092571
251,-10000.0,-3400.0,4,0.993958866353137
252,-10000.0,-3400.0,9,0.9939186391092709
253,-10000.0,-4000.0,1,0.9939141695272493
254,-10000.0,-4000.0,3,0.9939007609152712
255,-10000.0,-4000.0,2,0.993891821952357
256,-10000.0,-4000.0,1,0.9938873525044208
257,-10000.0,-4000.0,3,0.9938739442946951
258,-10000.0,-4000.0,1,0.993869474936147
259,50000.0,-3400.0,8,0.9938337208722356
260,-10000.0,-3400.0,9,0.9937934992597894
261,-10000.0,-3400.0,1,0.9937890303034655
262,-10000.0,-3400.0,4,0.993771154701616
263,-10000,-3400.0,1,0.9937666858570147
264,-10000,-3400.0,1,0.9937622170347574
265,-10000.0,-4000.0,14,0.9936996558692314
266,-10000.0,-4000.0,4,0.9936817820548527
267,50000.0,-4000.0,9,0.9936415672794995
268,-10000.0,-4000.0,10,0.9935968863181689
269,-10000.0,-4000.0,4,0.9935790145591606
270,50000.0,-4000.0,10,0.9935343367253878
271,-10000.0,-4000.0,9,0.9934941285849251
272,-10000.0,-4000.0,1,0.9934896611254509
273,-10000.0,-4000.0,1,0.9934851936883139
274,-10000.0,-4000.0,3,0.9934717915109252
275,-10000,-4000.0,1,0.993467324163136
276,-10000.0,-4000.0,1,0.9934628568376835
277,50000.0,-3400.0,3,0.9934494549953451
278,-10000.0,-3400.0,1,0.9934449877592381
279,50000.0,-2800.0,5,0.9934226519137433
280,-10000.0,-2800.0,4,0.9934047836393884
281,-10000.0,-2800.0,2,0.9933958496362222
282,-10000.0,-3400.0,1,0.9933913826681413
283,-10000.0,-3400.0,1,0.9933869157223955
284,-10000.0,-3400.0,2,0.9933779818979074
285,-10000.0,-3400.0,1,0.993373515019165
286,-10000.0,-3400.0,32,0.9932305866913331
287,-10000.0,-3400.0,2,0.9932216544301277
288,-10000.0,-3400.0,1,0.9932171883330208
289,-10000.0,-3400.0,3,0.9932037901756822
290,-10000.0,-3400.0,7,0.993172528590107
291,-10000.0,-3400.0,11,0.9931234054519332
292,50000.0,-2800.0,9,0.9930832158029618
293,-10000.0,-2800.0,5,0.9930608890016529
294,-10000.0,-2800.0,1,0.9930564237083711
295,-10000.0,-2800.0,2,0.9930474931887867
296,-10000.0,-2800.0,3,0.9930340975768562
297,-10000.0,-2800.0,8,0.9929983769273709
298,50000.0,-2200.0,12,0.9929447986321202
299,-10000.0,-2200.0,2,0.992935869228781
300,-10000.0,-2800.0,2,0.9929269399147352
301,-10000.0,-2800.0,3,0.9929135461110903
302,-10000.0,-2800.0,2,0.9929046170202748
303,-10000.0,-2800.0,6,0.9928778302835672
304,-10000.0,-2800.0,1,0.9928733659055767
305,-10000.0,-3400.0,1,0.992868901549908
306,-10000.0,-3400.0,16,0.9927974748948883
307,-10000.0,-3400.0,4,0.9927796191239489
308,-10000.0,-3400.0,1,0.992775155237013
309,50000.0,-2800.0,10,0.9927305175952015
310,-10000.0,-2800.0,2,0.9927215903346618
311,-10000.0,-3400.0,2,0.9927126631633945
312,50000.0,-2800.0,12,0.9926591020104553
313,-10000.0,-2800.0,25,0.9925475265963127
314,50000.0,-2200.0,10,0.9925029003356487
315,50000.0,-1600.0,11,0.9924538140260161
316,-10000.0,-1600.0,1,0.9924493517681017
317,-10000.0,-1600.0,6,0.9924225786891467
318,-10000.0,-1600.0,2,0.9924136545079809
319,50000.0,-1000.0,21,0.9923199559935156
320,-10000.0,-1000.0,1,0.9923154944048896
321,-10000.0,-1000.0,7,0.9922842639091223
322,-10000.0,-1000.0,1,0.9922798024989563
323,-10000.0,-1000.0,13,0.9922218061966941
324,50000.0,-400.0,10,0.9921771962216429
325,50000.0,200.0,8,0.9921415098475262
326,-10000.0,200.0,8,0.9921058249008361
327,50000.0,800.0,5,0.9920835225339943
328,-10000.0,800.0,24,0.9919764789340347
329,-10000.0,200.0,1,0.9919720190627898
330,-10000.0,200.0,4,0.9919541798008017
331,-10000.0,200.0,2,0.9919452603036013
332,-10000.0,200.0,2,0.9919363408955952
333,-10000.0,200.0,2,0.991927421576783
334,50000.0,800.0,6,0.9919006641554989
335,-10000.0,800.0,5,0.9918783669176118
336,50000.0,1400.0,6,0.9918516109679455
337,-10000.0,1400.0,13,0.9917936424972283
338,-10000.0,800.0,6,0.9917668890892565
339,-10000.0,800.0,2,0.9917579714649538
340,-10000.0,800.0,1,0.9917535126862433
341,-10000.0,800.0,17,0.9916777168590334
342,-10000.0,800.0,3,0.9916643417935938
343,-10000.0,200.0,1,0.9916598834830306
344,-10000.0,200.0,1,0.9916554251947589
345,-10000.0,200.0,1,0.9916509669287786
346,-10000.0,200.0,4,0.991633134087769
347,-10000.0,200.0,3,0.9916197596910659
348,-10000.0,200.0,1,0.9916153016034127
349,50000.0,800.0,8,0.9915796377046313
350,-10000.0,800.0,12,0.9915261445311803
351,-10000.0,800.0,4,0.9915083141865937
352,50000.0,1400.0,9,0.9914681972150939
353,-10000,1400.0,1,0.9914637398852512
354,50000.0,2000.0,12,0.9914102536654608
355,-10000.0,2000.0,1,0.9914057966253349
356,-10000.0,2000.0,1,0.9914013396074944
357,-10000.0,2000.0,1,0.9913968826119388
358,-10000.0,2000.0,5,0.9913745979684329
359,50000.0,2000.0,22,0.9912765521552748
360,-10000.0,2000.0,3,0.9912631831072606
361,50000.0,2600.0,7,0.9912319894417443
362,50000.0,3200.0,8,0.9911963408751426
363,-10000.0,3200.0,2,0.9911874289562935
364,-10000.0,3200.0,2,0.9911785171265632
365,-10000.0,3200.0,4,0.9911606937344551
366,-10000.0,3200.0,5,0.9911384149955972
367,-10000.0,2600.0,1,0.9911339593146614
368,50000.0,3200.0,5,0.9911116812441556
369,-10000.0,3200.0,1,0.9911072256968882
370,-10000.0,2600.0,2,0.9910983146691865
371,-10000.0,2600.0,2,0.9910894037305946
372,-10000.0,2600.0,2,0.9910804928811117
373,-10000.0,2600.0,2,0.9910715821207366
374,-10000.0,2600.0,2,0.9910626714494689
375,-10000.0,2600.0,6,0.9910359399702996
376,-10000.0,2600.0,5,0.9910136643502467
377,-10000.0,2000.0,2,0.9910047542581537
378,50000.0,2600.0,2,0.9909958442551613
379,-10000.0,2000.0,1,0.9909913892870774
380,-10000.0,2000.0,15,0.9909245674387316
381,-10000.0,2000.0,5,0.9909022946029572
382,50000.0,2600.0,28,0.9907775770121477
383,-10000.0,2600.0,4,0.990759761638762
384,-10000.0,2600.0,4,0.9907419466216799
385,-10000.0,2600.0,2,0.9907330392467507
386,50000.0,3200.0,21,0.9906395171876238
387,-10000.0,3200.0,13,0.9905816275004418
388,-10000.0,3200.0,3,0.9905682688762193
389,-10000.0,3200.0,4,0.9905504576889542
390,-10000.0,3200.0,5,0.9905281942058066
391,-10000.0,3200.0,6,0.990501478760714
392,-10000.0,2600.0,3,0.9904881213387136
393,-10000.0,2600.0,2,0.9904792165020245
394,50000.0,3200.0,7,0.990448050274859
395,-10000.0,3200.0,1,0.9904435980457382
396,-10000.0,3200.0,11,0.9903946249946171
397,-10000.0,3200.0,5,0.9903723654072382
398,-10000.0,2600.0,5,0.990350106376342
399,-10000.0,2600.0,12,0.9902966869725576
400,-10000.0,2600.0,1,0.9902922355002515
401,-10000.0,2600.0,1,0.9902877840502026
402,-10000.0,2600.0,5,0.9902655271338139
403,50000.0,3200.0,4,0.9902477220013232
404,-10000.0,3200.0,7,0.9902165638763235
405,-10000,3200.0,1,0.9902121128046317
406,-10000.0,3200.0,1,0.9902076617551955
407,-10000.0,3200.0,10,0.9901631524848487
408,-10000.0,3200.0,6,0.9901364479908435
409,-10000.0,2600.0,1,0.9901319973197303
410,-10000.0,2600.0,1,0.9901275466708703
411,-10000.0,2600.0,1,0.9901230960442635
412,-10000.0,2000.0,2,0.990114194857809
413,-10000.0,2000.0,2,0.990105293760366
414,-10000.0,1400.0,3,0.990091942281096
415,-10000.0,800.0,22,0.9899940375523039
416,-10000.0,800.0,7,0.9899628883061046
417,-10000.0,800.0,27,0.9898427514256052
418,50000.0,1400.0,4,0.989824954748544
419,50000.0,1400.0,10,0.9897804646130692
420,-10000.0,1400.0,1,0.9897760157218684
421,-10000.0,1400.0,16,0.9897048364878179
422,-10000.0,1400.0,6,0.9896781457430865
423,-10000.0,1400.0,11,0.9896292147906841
424,50000.0,1400.0,4,0.989611422384313
425,-10000.0,800.0,2,0.9896025263145696
426,-10000.0,800.0,2,0.9895936303337864
427,50000.0,800.0,5,0.9895713907710237
428,-10000.0,800.0,6,0.9895447040296037
429,50000.0,1400.0,11,0.9894957804162938
430,-10000.0,1400.0,16,0.989424623600171
431,-10000.0,1400.0,1,0.9894201764881709
432,-10000.0,1400.0,1,0.9894157293984062
433,-10000.0,1400.0,1,0.9894112823308768
434,-10000.0,800.0,2,0.9894023882625239
435,-10000.0,800.0,6,0.9893757065911032
436,-10000.0,200.0,1,0.9893712597236873
437,-10000.0,200.0,5,0.9893490257201205
438,-10000.0,200.0,1,0.9893445789861088
439,-10000.0,200.0,1,0.9893401322743306
440,-10000.0,200.0,27,0.9892200794602208
441,-10000.0,200.0,2,0.989211187303887
442,-10000.0,200.0,1,0.9892067412590656
443,-10000.0,200.0,3,0.989193403257982
444,-10000.0,200.0,1,0.9891889573020807
445,-10000.0,200.0,4,0.9891711737007712
446,-10000.0,200.0,14,0.9891089338970307
447,-10000.0,200.0,14,0.989046698449924
448,-10000.0,200.0,3,0.9890333628494644
449,-10000.0,-400.0,6,0.98900669224864
450,-10000.0,-400.0,1,0.9890022472262914
451,-10000.0,-400.0,2,0.9889933572482691
452,-10000.0,-1000.0,2,0.988984467359146
453,-10000.0,-1000.0,1,0.9889800224479216
454,-10000.0,-1600.0,4,0.9889622430252675
455,-10000.0,-1600.0,1,0.9889577982251644
456,-10000.0,-1600.0,2,0.9889489086916299
457,-10000.0,-1600.0,6,0.988922240624392
458,-10000.0,-1600.0,3,0.9889089068907859
459,-10000.0,-2200.0,1,0.9889044623573628
460,50000.0,-1600.0,11,0.9888555739563766
461,-10000.0,-2200.0,2,0.9888466854450797
462,-10000.0,-2800.0,1,0.988842241222763
463,-10000.0,-2800.0,23,0.9887400302422663
464,-10000.0,-2800.0,3,0.9887266992417955
465,-10000,-2800.0,1,0.9887222556194084
466,50000.0,-2200.0,20,0.9886333878373096
467,-10000.0,-2200.0,4,0.9886156153472783
468,-10000.0,-2800.0,5,0.9885934002345846
469,-10000,-2800.0,1,0.9885889572786909
470,-10000.0,-2800.0,1,0.9885845143450118
471,-10000.0,-2800.0,3,0.9885711856772619
472,-10000.0,-2800.0,3,0.9885578572094406
473,-10000.0,-2800.0,4,0.9885400862300068
474,-10000.0,-2800.0,3,0.9885267582286735
475,-10000.0,-2800.0,3,0.9885134304272589
476,-10000.0,-2800.0,7,0.988482333001402
477,-10000.0,-2800.0,1,0.9884778906008431
478,-10000.0,-3400.0,1,0.988473448222496
479,-10000.0,-3400.0,1,0.9884690058663608
480,-10000.0,-3400.0,10,0.9884245835266352
481,-10000.0,-3400.0,1,0.9884201414148229
482,-10000.0,-4000.0,3,0.9884068152126485
483,-10000.0,-4000.0,4,0.9883890472540243
484,50000.0,-3400.0,5,0.9883668378054623
485,50000.0,-2800.0,6,0.9883401872000892
486,-10000.0,-3400.0,1,0.9883357455102575
487,-10000.0,-3400.0,2,0.988326862197219
488,-10000.0,-3400.0,7,0.9882957713011359
489,-10000,-3400.0,1,0.9882913298333831
490,-10000.0,-3400.0,5,0.9882691228277259
491,-10000.0,-3400.0,6,0.9882424751537583
492,-10000.0,-3400.0,7,0.9882113872111701
493,-10000.0,-3400.0,2,0.9882025051417083
494,-10000.0,-4000.0,2,0.988193623161067
495,-10000.0,-4000.0,9,0.9881536553473073
496,-10000.0,-4000.0,1,0.9881492145901324
497,-10000.0,-4000.0,2,0.9881403331423938
498,50000.0,-3400.0,10,0.9880959272358936
499,-10000.0,-3400.0,2,0.988087046321026
500,50000.0,-2800.0,26,0.9879716025090145
501,-10000.0,-2800.0,3,0.9879582830348732
502,-10000.0,-2800.0,2,0.9879494034964407
503,-10000.0,-3400.0,4,0.9879316446859594
504,-10000.0,-3400.0,2,0.987922765413909
505,-10000.0,-3400.0,3,0.9879094466723185
506,-10000.0,-3400.0,3,0.9878961281305078
507,50000.0,-2800.0,2,0.9878872492136211
508,-10000.0,-2800.0,4,0.9878694916462131
509,50000.0,-2200.0,9,0.9878295384180434
510,-10000.0,-2200.0,5,0.9878073429570274
511,50000.0,-1600.0,14,0.9877451986180976
512,-10000.0,-1600.0,2,0.9877363212104986
513,-10000,-1600.0,1,0.9877318825399892
514,-10000.0,-1600.0,2,0.9877230052655502
515,-10000.0,-1600.0,2,0.9877141280798836
516,-10000.0,-1600.0,3,0.9877008124678298
517,-10000.0,-1600.0,1,0.9876963739748637
518,-10000.0,-2200.0,17,0.987620922989788
519,-10000.0,-2800.0,4,0.9876031707488513
520,-10000.0,-2800.0,5,0.9875809809469562
521,50000.0,-2200.0,24,0.9874744776195701
522,50000.0,-1600.0,18,0.9873946085107481
523,-10000.0,-1600.0,2,0.9873857346090326
524,-10000.0,-2200.0,2,0.9873768607960556
525,-10000.0,-2200.0,1,0.9873724239228439
526,-10000.0,-2200.0,14,0.987310310027181
527,50000.0,-2200.0,5,0.9872881275467125
528,-10000.0,-2200.0,9,0.9872482004793385
529,-10000.0,-2800.0,3,0.9872348918561463
530,-10000.0,-2800.0,2,0.9872260195515893
531,-10000.0,-2800.0,3,0.9872127112611084
532,-10000.0,-2800.0,9,0.9871727875873911
533,-10000.0,-2800.0,15,0.9871062521234332
534,-10000.0,-2800.0,5,0.9870840747443486
535,-10000.0,-2800.0,2,0.9870752039479551
536,-10000.0,-2800.0,4,0.98705746262129
537,-10000.0,-2800.0,11,0.9870086758024956
538,-10000.0,-2800.0,3,0.9869953707721466
539,-10000.0,-2800.0,3,0.9869820659413715
540,-10000.0,-2800.0,2,0.986973196165061
541,-10000.0,-2800.0,7,0.9869421526464599
542,-10000.0,-2800.0,6,0.9869155447810005
543,-10000.0,-2800.0,2,0.9869066756698984
544,-10000.0,-2800.0,12,0.9868534628657584
545,-10000,-2800.0,1,0.9868490286095296
546,-10000.0,-2800.0,9,0.9868091213011633
547,-10000.0,-2800.0,8,0.9867736496457492
548,-10000.0,-2800.0,5,0.9867514805816224
549,-10000.0,-2800.0,2,0.986742613111154
550,-10000.0,-2800.0,3,0.9867293120717154
551,50000.0,-2200.0,16,0.9866583765642079
552,-10000.0,-2200.0,3,0.9866450767883079
553,-10000.0,-2200.0,2,0.9866362103818722
554,-10000,-2200.0,1,0.9866317772119032
555,-10000.0,-2200.0,6,0.9866051786575671
556,50000.0,-1600.0,11,0.9865564167137066
557,-10000.0,-1600.0,2,0.9865475511938673
558,-10000.0,-1600.0,1,0.9865431184671931
559,-10000.0,-1600.0,1,0.9865386857626826
560,50000.0,-1600.0,15,0.9864721978545781
561,-10000.0,-1600.0,5,0.986450036326652
562,-10000.0,-1600.0,6,0.9864234432244607
563,50000.0,-1000.0,9,0.9863835550670059
564,-10000.0,-1000.0,6,0.9863569639592225
565,-10000.0,-1000.0,1,0.9863525321854821
566,-10000.0,-1600.0,6,0.9863259420083711
567,-10000.0,-1600.0,12,0.9862727640472055
568,-10000.0,-1600.0,4,0.986255038769178
569,-10000.0,-1600.0,2,0.9862461762631028
570,-10000.0,-1600.0,7,0.986215158189753
571,-10000.0,-1600.0,4,0.9861974340638311
572,50000.0,-1000.0,10,0.9861531252998562
573,-10000.0,-1000.0,1,0.9861486945453066
574,50000.0,-400.0,24,0.9860423630819766
575,-10000.0,-400.0,1,0.9860379328812368
576,-10000.0,-400.0,5,0.9860157822097992
577,-10000.0,-400.0,3,0.9860024920727424
578,-10000.0,-400.0,3,0.985989202135036
579,-10000.0,-400.0,8,0.9859537632757325
580,-10000.0,-400.0,1,0.9859493335179906
581,-10000.0,-400.0,1,0.9859449037823974
582,-10000.0,-400.0,16,0.9858740310250428
583,-10000.0,-400.0,10,0.9858297384308157
584,-10000.0,-1000.0,1,0.9858253092931965
585,-10000.0,-1600.0,10,0.9857810191349948
586,50000.0,-1000.0,7,0.9857500173418597
587,-10000,-1000.0,1,0.9857455886028449
588,-10000.0,-1000.0,4,0.9857278738682207
589,-10000.0,-1000.0,5,0.9857057309481617
590,50000.0,-400.0,16,0.9856348773238686
591,50000.0,200.0,11,0.985586168745114
592,50000.0,800.0,13,0.9855286075149058
593,-10000.0,800.0,4,0.98551089711986
594,-10000.0,800.0,4,0.9854931870790187
595,50000.0,1400.0,20,0.985404642187629
596,-10000.0,1400.0,11,0.9853559462714587
597,-10000,1400.0,1,0.9853515195027943
598,-10000.0,800.0,1,0.9853470927562636
599,-10000.0,800.0,5,0.9853249593556134
600,-10000.0,200.0,17,0.985249709932214
601,-10000.0,200.0,8,0.985214300652007
602,-10000.0,200.0,5,0.985192170571118
603,-10000.0,200.0,10,0.985147912069061
604,50000.0,800.0,5,0.9851257836478657
605,-10000.0,800.0,5,0.9851036557798741
606,-10000.0,800.0,3,0.9850903793246111
607,-10000.0,200.0,3,0.9850771030684934
608,-10000.0,200.0,4,0.9850594017034462
609,-10000.0,-400.0,1,0.985054976417501
610,-10000.0,-400.0,1,0.9850505511536821
611,-10000.0,-1000.0,4,0.9850328503196679
612,-10000.0,-1000.0,1,0.9850284251664791
613,-10000.0,-1000.0,1,0.9850240000354161
614,-10000.0,-1000.0,12,0.9849709001884255
615,50000.0,-400.0,17,0.9848956808587762
616,-10000.0,-400.0,3,0.9848824075231135
617,-10000.0,-400.0,7,0.9848514371808345
618,-10000,-400.0,1,0.9848470129347091
619,-10000,-400.0,1,0.984842588710705
620,-10000.0,-400.0,3,0.9848293161714187
621,-10000.0,-1000.0,1,0.9848248920358982
622,50000.0,-1000.0,11,0.9847762280051092
623,-10000.0,-1000.0,6,0.9847496851164145
624,50000.0,-400.0,5,0.9847275666507685
625,-10000.0,-400.0,1,0.9847231430239943
626,-10000.0,-400.0,1,0.9847187194193382
627,-10000.0,-1000.0,6,0.9846921782558751
628,-10000.0,-1000.0,4,0.9846744845892472
629,-10000.0,-1000.0,3,0.9846612145715038
630,-10000.0,-1000.0,2,0.984652368003591
631,-10000.0,-1000.0,11,0.9846037134613629
632,-10000.0,-1000.0,5,0.9845815986449628
633,50000.0,-400.0,18,0.9845019898835328
634,-10000.0,-400.0,2,0.9844931449078589
635,50000.0,200.0,13,0.9844356547218911
636,50000.0,800.0,2,0.9844268104095656
637,-10000.0,800.0,3,0.984413544106907
638,-10000.0,800.0,2,0.9844047000156864
639,-10000.0,800.0,18,0.9843251071744166
640,50000.0,1400.0,8,0.9842897348775803
641,50000.0,2000.0,3,0.9842764706310392
642,-10000.0,2000.0,1,0.9842720492597394
643,-10000.0,2000.0,1,0.9842676279105464
644,-10000.0,2000.0,5,0.9842455214961802
645,-10000.0,2000.0,17,0.9841703638210993
646,50000.0,2600.0,9,0.9841305770499365
647,-10000.0,2600.0,1,0.9841261564081029
648,-10000.0,2600.0,6,0.9840996330212635
649,-10000.0,2600.0,4,0.9840819512054217
650,-10000.0,2600.0,1,0.9840775308067167
651,-10000.0,2000.0,2,0.9840686900756124
652,-10000.0,2000.0,3,0.9840554291447184
653,-10000.0,2000.0,2,0.9840465886346297
654,-10000.0,2000.0,2,0.9840377482129454
655,-10000.0,2000.0,4,0.9840200676347876
656,-10000.0,1400.0,3,0.9840068074332248
657,-10000.0,1400.0,3,0.9839935474305637
658,-10000.0,1400.0,1,0.9839891274738763
659,-10000.0,1400.0,12,0.9839360897173764
660,-10000.0,800.0,10,0.9838918940177924
661,-10000.0,800.0,10,0.9838477005279379
662,-10000.0,800.0,3,0.9838344429118624
663,-10000.0,200.0,1,0.9838300237506957
664,-10000.0,200.0,2,0.9838211854946496
665,-10000.0,200.0,1,0.9838167663997698
666,-10000.0,200.0,1,0.9838123473269855
667,-10000.0,200.0,4,0.9837946712568003
668,-10000.0,200.0,1,0.9837902522944915
669,-10000.0,200.0,6,0.9837637389846242
670,-10000.0,200.0,7,0.9837328077950587
671,-10000.0,200.0,2,0.9837239705111673
672,-10000.0,-400.0,1,0.9837195519023613
673,-10000.0,-400.0,1,0.9837151333156482
674,-10000.0,-1000.0,5,0.983693040713474
675,-10000.0,-1000.0,3,0.9836797854172783
676,-10000.0,-1000.0,9,0.9836400207216468
677,-10000.0,-1000.0,3,0.983626766220745
678,-10000.0,-1000.0,1,0.9836223480979592
679,-10000.0,-1000.0,2,0.9836135119186592
680,-10000.0,-1000.0,1,0.9836090938621448
681,-10000.0,-1000.0,1,0.9836046758277206
682,-10000.0,-1000.0,5,0.983582585986949
683,-10000.0,-1000.0,4,0.9835649145119446
684,-10000.0,-1000.0,5,0.9835428256651936
685,-10000.0,-1000.0,2,0.983533990281114
686,-10000.0,-1600.0,10,0.9834898146859989
687,-10000.0,-1600.0,1,0.9834853972479691
688,-10000.0,-1600.0,2,0.9834765624381708
689,50000.0,-1000.0,8,0.983441224082445
690,-10000.0,-1600.0,6,0.9834147212432671
691,50000.0,-1600.0,6,0.9833882191991625
692,-10000.0,-2200.0,2,0.9833793853611398
693,50000.0,-1600.0,5,0.9833573011525595
694,-10000.0,-1600.0,9,0.9833175509683936
695,-10000.0,-2200.0,5,0.9832954683056537
696,50000.0,-1600.0,12,0.9832424721674554
697,-10000.0,-1600.0,4,0.9832248074946595
698,-10000.0,-1600.0,8,0.98318947920893
699,-10000.0,-1600.0,15,0.9831232424818978
700,-10000.0,-1600.0,3,0.9831099957326113
701,-10000.0,-1600.0,9,0.9830702566769388
702,-10000.0,-1600.0,5,0.983048180196479
703,-10000.0,-1600.0,2,0.9830393497588293
704,-10000.0,-2200.0,3,0.9830261042679244
705,50000.0,-1600.0,25,0.9829157329032449
706,-10000.0,-1600.0,6,0.982889245828566
707,-10000,-1600.0,1,0.9828848313933728
708,-10000.0,-1600.0,5,0.9828627595484872
709,-10000.0,-1600.0,1,0.9828583452457252
710,50000.0,-1000.0,10,0.9828142034320175
711,-10000.0,-1000.0,4,0.9827965473245105
712,-10000.0,-1000.0,1,0.9827921333528089
713,-10000,-1000.0,1,0.982787719403177
714,50000.0,-400.0,12,0.9827347537289989
715,-10000.0,-1000.0,7,0.9827038585532871
716,-10000.0,-1000.0,14,0.9826420714457624
717,50000.0,-400.0,5,0.9826200056697996
718,50000.0,200.0,8,0.9825847015756594
719,-10000.0,200.0,1,0.9825802886631837
720,50000.0,800.0,5,0.9825582244317712
721,-10000.0,800.0,2,0.9825493988936547
722,-10000.0,200.0,1,0.982544986157692
723,-10000.0,200.0,5,0.9825229228088311
724,-10000.0,-400.0,8,0.9824876225979277
725,50000.0,200.0,5,0.9824655606831378
726,50000.0,800.0,23,0.9823640829787391
727,50000.0,1400.0,8,0.9823287891213018
728,50000.0,2000.0,16,0.982258205641549
729,-10000.0,2000.0,4,0.9822405606538865
730,-10000.0,2000.0,5,0.9822185049155682
731,50000.0,2600.0,12,0.9821655733932347
732,-10000.0,2600.0,5,0.9821435195295743
733,-10000.0,2000.0,1,0.9821391088230035
734,-10000.0,2000.0,1,0.9821346981384861
735,-10000.0,1400.0,1,0.982130287476022
736,-10000.0,800.0,3,0.9821170556209491
737,-10000.0,800.0,2,0.9821082344944986
738,-10000.0,800.0,1,0.9821038239643524
739,-10000.0,800.0,18,0.982024438192609
740,-10000.0,200.0,10,0.9819803380732115
741,-10000.0,-400.0,3,0.9819671084673627
742,-10000.0,-400.0,1,0.9819626986428449
743,-10000.0,-400.0,2,0.9819538790599565
744,50000.0,200.0,23,0.981852460195561
745,-10000.0,200.0,15,0.9817863237411945
746,50000.0,200.0,5,0.9817642793586568
747,-10000,200.0,1,0.9817598705482821
748,-10000.0,200.0,3,0.9817466442494214
749,-10000.0,200.0,1,0.981742235527222
750,-10000.0,200.0,1,0.9817378268270661
751,-10000.0,200.0,2,0.9817290094928844
752,50000.0,800.0,5,0.9817069665431852
753,-10000.0,800.0,6,0.9816805157309532
754,-10000.0,800.0,17,0.9816055760720966
755,-10000.0,800.0,1,0.9816011680552363
756,-10000.0,800.0,22,0.9815041972602416
757,-10000.0,800.0,2,0.9814953822623441
758,-10000.0,800.0,1,0.9814909747964515
759,-10000.0,800.0,1,0.9814865673525961
760,-10000.0,800.0,2,0.9814777525309968
761,-10000.0,800.0,1,0.9814733451532526
762,-10000.0,800.0,2,0.9814645304638746
763,-10000.0,800.0,1,0.9814601231522405
764,-10000.0,800.0,1,0.981455715862643
765,-10000.0,800.0,5,0.9814336797451991
766,-10000.0,800.0,4,0.9814160512478898
767,-10000.0,800.0,2,0.981407237131448
768,-10000.0,800.0,5,0.9813852022259572
769,-10000.0,800.0,5,0.981363167871332
770,-10000.0,800.0,3,0.9813499475229668
771,-10000.0,800.0,2,0.981341134067559
772,-10000.0,800.0,1,0.9813367273729053
773,-10000.0,800.0,13,0.9812794423474096
774,-10000.0,800.0,12,0.9812265671671401
775,-10000.0,800.0,7,0.9811957247770342
776,-10000.0,800.0,4,0.9811781010387767
777,-10000.0,800.0,2,0.9811692893018249
778,-10000.0,800.0,9,0.9811296375759769
779,-10000.0,800.0,7,0.9810987985783474
780,-10000.0,800.0,1,0.9810943930953682
781,-10000.0,800.0,5,0.9810723660108805
782,-10000.0,800.0,2,0.9810635553312739
783,-10000.0,800.0,3,0.981050339477063
784,-10000.0,800.0,1,0.9810459342363788
785,50000.0,1400.0,4,0.9810283134939021
786,-10000.0,1400.0,1,0.9810239083633474
787,-10000.0,1400.0,6,0.9809974780425533
788,-10000.0,1400.0,3,0.9809842631794944
789,-10000.0,800.0,1,0.9809798582691908
790,-10000.0,800.0,1,0.9809754533809116
791,-10000,200.0,1,0.9809710485146569
792,-10000.0,200.0,1,0.9809666436704264
793,-10000.0,-400.0,2,0.9809578340480379
794,-10000.0,-400.0,1,0.9809534292698796
795,50000.0,200.0,9,0.9809137872575145
796,-10000.0,-400.0,5,0.9808917646881163
797,50000.0,200.0,7,0.9808609340158921
798,-10000.0,200.0,2,0.9808521254505949
799,-10000.0,200.0,1,0.9808477212009783
800,-10000.0,200.0,1,0.9808433169733828
801,50000.0,800.0,12,0.9807904679598507
802,-10000.0,800.0,12,0.9807376221171643
803,-10000.0,800.0,2,0.9807288147849799
804,50000.0,1400.0,4,0.9807112003848286
805,50000.0,1400.0,8,0.9806759726413729
806,-10000.0,1400.0,1,0.9806715692725181
807,50000.0,2000.0,9,0.9806319399435673
808,-10000.0,2000.0,8,0.9805967153704659
809,-10000.0,2000.0,1,0.9805923123978963
810,-10000.0,1400.0,1,0.9805879094473419
811,-10000.0,1400.0,1,0.9805835065188019
812,-10000.0,1400.0,2,0.9805747007277658
813,50000.0,2000.0,8,0.980539478444187
814,-10000.0,1400.0,3,0.9805262704510705
815,-10000.0,1400.0,6,0.9804998550591899
816,-10000.0,1400.0,5,0.9804778428379674
817,50000.0,1400.0,20,0.980389799455926
818,-10000.0,800.0,3,0.9803765937079775
819,-10000.0,800.0,6,0.9803501828063317
820,-10000.0,200.0,3,0.9803369776526286
821,-10000.0,200.0,7,0.9803061663976108
822,-10000.0,200.0,3,0.9802929619041488
823,-10000.0,200.0,11,0.9802445471226628
824,-10000.0,200.0,9,0.9802049370092765
825,-10000.0,-400.0,1,0.980200535995594
826,50000.0,-400.0,7,0.9801697295159507
827,-10000.0,-1000.0,2,0.980160927862664
828,50000.0,-1000.0,16,0.9800905178048748
829,-10000.0,-1000.0,11,0.980042114157508
830,-10000.0,-1000.0,5,0.9800201133796649
831,-10000.0,-1600.0,2,0.980011313222532
832,-10000.0,-1600.0,4,0.9799937131722686
833,-10000.0,-1600.0,2,0.9799849132791364
834,-10000.0,-1600.0,2,0.9799761134740027
835,-10000.0,-1600.0,3,0.9799629139312974
836,-10000.0,-1600.0,2,0.9799541143461561
837,-10000.0,-1600.0,4,0.9799365154398588
838,-10000.0,-1600.0,3,0.9799233164911195
839,-10000.0,-1600.0,12,0.9798705226759604
840,-10000.0,-1600.0,1,0.9798661233343454
841,-10000.0,-1600.0,9,0.9798265302496464
842,-10000.0,-1600.0,1,0.9798221311279931
843,50000.0,-1000.0,7,0.9797913378922883
844,-10000.0,-1600.0,3,0.979778141121196
845,-10000.0,-1600.0,1,0.9797737422414875
846,-10000,-2200.0,1,0.9797693433837734
847,-10000.0,-2200.0,16,0.9796989646514896
848,50000.0,-1600.0,9,0.9796593790887621
849,50000.0,-1000.0,7,0.9796285915492791
850,-10000.0,-1000.0,1,0.9796241934173168
851,-10000.0,-1000.0,3,0.9796109991533727
852,-10000.0,-1600.0,1,0.979606601109372
853,-10000.0,-1600.0,5,0.979584611219219
854,-10000.0,-1600.0,17,0.9795098497046749
855,-10000.0,-1600.0,1,0.9795054521664202
856,-10000.0,-1600.0,2,0.9794966571558735
857,-10000.0,-1600.0,11,0.9794482861699444
858,-10000.0,-1600.0,10,0.9794043148549278
859,-10000.0,-1600.0,2,0.9793955208557494
860,-10000.0,-1600.0,3,0.979382330021868
861,-10000.0,-1600.0,5,0.9793603457384222
862,50000.0,-1000.0,23,0.9792592251132097
863,-10000.0,-1000.0,2,0.9792504325649214
864,50000.0,-400.0,12,0.9791976791215866
865,-10000.0,-400.0,2,0.9791888871887551
866,-10000.0,-400.0,2,0.9791800953438425
867,-10000.0,-400.0,4,0.9791625119177706
868,50000.0,200.0,6,0.9791361374380322
869,50000.0,800.0,14,0.9790746000622448
870,-10000.0,800.0,2,0.9790658093601977
871,-10000.0,800.0,3,0.9790526234719518
872,-10000.0,800.0,3,0.9790394377814926
873,-10000.0,800.0,7,0.9790086719395756
874,50000.0,1400.0,20,0.9789207754672785
875,50000.0,2000.0,12,0.9788680418027762
876,-10000.0,2000.0,1,0.978863647473553
877,-10000.0,2000.0,1,0.9788592531663015
878,-10000.0,2000.0,12,0.9788065231930265
879,-10000.0,2000.0,1,0.9788021291713956
880,-10000.0,2000.0,4,0.9787845533045715
881,-10000.0,2000.0,8,0.9787494026254575
882,-10000.0,2000.0,17,0.9786747121006266
883,-10000.0,2000.0,2,0.9786659253974392
884,-10000.0,2000.0,8,0.9786307794633466
885,-10000.0,1400.0,12,0.9785780631980826
886,-10000.0,1400.0,5,0.978556099021056
887,50000.0,2000.0,5,0.978534135393127
888,50000.0,2600.0,10,0.9784902097845067
889,-10000.0,2600.0,3,0.9784770325301896
890,-10000.0,2600.0,10,0.9784331097766411
891,-10000.0,2600.0,1,0.9784287176220726
892,50000.0,3200.0,17,0.9783540543543086
893,-10000.0,3200.0,5,0.978332095777433
894,-10000.0,3200.0,23,0.9782310933941669
895,-10000.0,2600.0,1,0.9782267022496779
896,-10000.0,2600.0,5,0.9782047468565652
897,-10000.0,2000.0,1,0.9782003558438085
898,-10000.0,2000.0,1,0.9781959648530067
899,-10000,2000.0,1,0.9781915738841599
900,-10000.0,2000.0,2,0.9781827920123305
901,-10000.0,1400.0,7,0.9781520561524907
902,50000.0,2000.0,10,0.9781081496473548
903,-10000.0,2000.0,7,0.9780774163999522
904,-10000.0,1400.0,2,0.9780686356696919
905,-10000.0,800.0,1,0.9780642453374894
906,50000.0,1400.0,17,0.977989613048553
907,-10000.0,800.0,13,0.9779325455784177
908,-10000.0,800.0,6,0.977906207997116
909,50000.0,1400.0,6,0.97787987120593
910,-10000.0,1400.0,9,0.9778403675005657
911,50000.0,2000.0,7,0.9778096436253741
912,-10000.0,2000.0,2,0.9778008655728283
913,-10000.0,1400.0,2,0.9777920876080624
914,50000.0,2000.0,26,0.977677982053695
915,-10000.0,2000.0,3,0.9776648169827026
916,-10000.0,2000.0,1,0.9776604286695885
917,-10000.0,1400.0,1,0.9776560403784158
918,-10000.0,1400.0,4,0.9776384874331383
919,50000.0,2000.0,8,0.9776033825957424
920,50000.0,2600.0,12,0.9775507279724411
921,-10000.0,2600.0,7,0.9775200142344557
922,-10000,2600.0,1,0.9775156266453535
923,-10000.0,2600.0,10,0.9774717519608974
924,-10000.0,2600.0,1,0.977467364613106
925,-10000.0,2600.0,3,0.9774542027013514
926,-10000.0,2000.0,7,0.9774234923416912
927,-10000.0,2000.0,1,0.9774191052351974
928,-10000.0,1400.0,2,0.9774103310880158
929,-10000.0,1400.0,1,0.977405944047328
930,-10000.0,1400.0,8,0.9773708485114815
931,-10000.0,1400.0,8,0.9773357543794283
932,-10000.0,1400.0,2,0.9773269810657512
933,-10000.0,1400.0,1,0.9773225944418125
934,-10000.0,1400.0,6,0.9772962751587704
935,50000.0,2000.0,14,0.9772348665688351
936,-10000.0,2000.0,5,0.9772129359713044
937,50000.0,2600.0,8,0.9771778481556266
938,-10000.0,2600.0,20,0.977090134756554
939,-10000.0,2600.0,21,0.9769980451271948
940,-10000,2600.0,1,0.9769936601479315
941,50000.0,3200.0,15,0.9769278880899034
942,-10000.0,3200.0,2,0.9769191188548688
943,-10000.0,2600.0,1,0.976914734270236
944,-10000.0,2600.0,2,0.9769059651667389
945,-10000,2600.0,1,0.9769015806478745
946,-10000.0,2600.0,6,0.9768752739950567
947,-10000.0,2600.0,9,0.9768358154955498
948,-10000.0,2000.0,3,0.976822663056961
949,-10000,1400.0,1,0.9768182789546059
950,-10000.0,1400.0,2,0.9768095108156571
951,-10000.0,1400.0,7,0.9767788230198181
952,50000.0,2000.0,1,0.9767744391366627
953,-10000.0,2000.0,2,0.9767656714361099
954,-10000.0,2000.0,1,0.9767612876187124
955,-10000.0,2000.0,5,0.9767393688605075
956,-10000.0,2000.0,5,0.9767174506502647
957,-10000.0,2000.0,4,0.976699916476594
958,-10000.0,2000.0,2,0.9766911495212641
959,50000.0,2600.0,12,0.9766385496303054
960,50000.0,3200.0,12,0.9765859528952454
961,-10000.0,3200.0,4,0.9765684213515036
962,-10000.0,2600.0,1,0.9765640385203539
963,-10000.0,2600.0,8,0.9765289766600549
964,50000.0,2600.0,5,0.9765070637095514
965,50000.0,3200.0,2,0.9764982986827395
966,-10000.0,3200.0,2,0.9764895337435775
967,-10000.0,3200.0,1,0.9764851513068649
968,-10000.0,2600.0,23,0.9763843613100005
969,-10000.0,2000.0,5,0.9763624519748356
970,-10000.0,2000.0,10,0.9763186349476717
971,-10000.0,2000.0,1,0.9763142533654509
972,-10000.0,2000.0,14,0.9762529135146352
973,-10000.0,2000.0,14,0.9761915779574586
974,-10000.0,1400.0,6,0.9761652926044021
975,-10000.0,800.0,2,0.9761565309952842
976,50000.0,1400.0,4,0.9761390080398945
977,-10000.0,1400.0,3,0.976125866053339
978,50000.0,2000.0,6,0.9760995826716101
979,-10000.0,2000.0,1,0.976095202184648
980,-10000.0,2000.0,3,0.9760820608551755
981,-10000.0,2000.0,4,0.9760645393891736
982,-10000.0,2000.0,1,0.9760601590774275
983,50000.0,2600.0,10,0.9760163571645305
984,-10000.0,2600.0,18,0.9759375192401455
985,-10000.0,2600.0,21,0.9758455506290619
986,-10000.0,2600.0,8,0.9758105175077038
987,-10000.0,2000.0,2,0.9758017594463191
988,-10000.0,1400.0,4,0.9757842435862893
989,-10000.0,1400.0,1,0.9757798646760186
990,-10000.0,1400.0,2,0.9757711069211608
991,-10000.0,1400.0,1,0.9757667280765734
992,-10000.0,800.0,3,0.9757535916741755
993,-10000,800.0,1,0.975749212917164
994,-10000.0,800.0,2,0.975740455468822
995,-10000.0,800.0,8,0.9757054265511864
996,-10000.0,800.0,3,0.9756922910683045
997,-10000.0,800.0,1,0.9756879126177952
998,-10000,800.0,1,0.9756835341891783
999,-10000.0,800.0,3,0.9756703990346793
1000,-10000.0,800.0,3,0.9756572640772062
1001,-10000.0,800.0,1,0.9756528858018315
1002,-10000.0,200.0,4,0.975635372919245
1003,50000.0,800.0,6,0.9756091042520894
1004,-10000.0,800.0,3,0.9755959702140311
1005,50000.0,1400.0,5,0.9755740805883972
1006,-10000.0,800.0,2,0.9755653248913699
1007,-10000.0,800.0,5,0.9755434360318594
1008,-10000.0,800.0,1,0.9755390583256236
1009,-10000.0,200.0,7,0.9755084149948436
1010,-10000.0,200.0,1,0.9755040374637124
1011,-10000.0,-400.0,2,0.9754952824671128
1012,-10000.0,-400.0,8,0.9754602633562011
1013,-10000.0,-400.0,18,0.9753814754780068
1014,-10000.0,-1000.0,31,0.9752458018642843
1015,-10000.0,-1000.0,4,0.9752282971232951
1016,50000.0,-400.0,5,0.9752064166893736
1017,-10000.0,-400.0,1,0.9752020406682301
1018,50000.0,200.0,11,0.9751539058797122
1019,-10000.0,-400.0,2,0.975145154384411
1020,-10000.0,-1000.0,2,0.9751364029766243
1021,-10000.0,-1000.0,11,0.97508827179808
1022,-10000.0,-1000.0,9,0.9750488937118628
1023,50000.0,-400.0,8,0.975013892456144
1024,-10000.0,-400.0,1,0.9750095173976194
1025,-10000.0,-400.0,4,0.9749920173822721
1026,-10000.0,-400.0,3,0.9749788926004476
1027,-10000.0,-400.0,2,0.9749701428552703
1028,-10000.0,-400.0,1,0.9749657680154932
1029,-10000.0,-400.0,4,0.9749482688751248
1030,-10000.0,-400.0,1,0.9749438941447173
1031,-10000.0,-400.0,2,0.9749351447495229
1032,50000.0,200.0,5,0.9749132716443192
1033,-10000.0,200.0,12,0.9748607784228328
1034,-10000.0,200.0,2,0.9748520298587916
1035,-10000.0,-400.0,1,0.9748476556095779
1036,-10000.0,-400.0,2,0.974838907176764
1037,-10000.0,-1000.0,3,0.9748257846915752
1038,-10000.0,-1000.0,1,0.9748214105735872
1039,-10000.0,-1000.0,13,0.9747645490299199
1040,-10000.0,-1000.0,4,0.9747470539138912
1041,50000.0,-1000.0,4,0.974729559147761
1042,-10000.0,-1000.0,1,0.9747251855108994
1043,50000.0,-400.0,22,0.9746289710323867
1044,50000.0,200.0,12,0.9745764948684253
1045,-10000.0,200.0,1,0.9745721219968831
1046,50000.0,800.0,11,0.9745240218529394
1047,50000.0,1400.0,9,0.9744846691573983
1048,-10000.0,1400.0,7,0.9744540627295935
1049,-10000.0,1400.0,1,0.9744496904702105
1050,-10000.0,1400.0,3,0.9744365738232286
1051,-10000.0,1400.0,10,0.9743928530875647
1052,-10000.0,800.0,2,0.9743841092027535
1053,-10000.0,800.0,1,0.9743797372931372
1054,-10000.0,800.0,18,0.9743010466579125
1055,-10000.0,800.0,1,0.974296675163608
1056,-10000.0,800.0,1,0.9742923036911608
1057,-10000.0,800.0,30,0.9741611696809038
1058,-10000.0,800.0,4,0.9741436866323413
1059,-10000.0,200.0,4,0.9741262039334362
1060,50000.0,200.0,18,0.9740475361151871
1061,-10000.0,200.0,2,0.9740387956835282
1062,-10000.0,200.0,3,0.9740256851999218
1063,-10000.0,200.0,7,0.9739950948362743
1064,-10000.0,-400.0,6,0.9739688753767232
1065,-10000.0,-1000.0,1,0.9739645055432709
1066,50000.0,-400.0,5,0.9739426567037438
1067,-10000,-400.0,1,0.9739382870013846
1068,50000.0,200.0,16,0.9738683747349525
1069,-10000.0,200.0,4,0.9738508975422303
1070,50000.0,800.0,18,0.9737722545004414
1071,-10000.0,800.0,2,0.9737635168215849
1072,-10000.0,800.0,2,0.9737547792301047
1073,-10000.0,800.0,24,0.9736499349473798
1074,-10000.0,800.0,4,0.9736324621234097
1075,-10000.0,800.0,2,0.97362372584247
1076,-10000.0,200.0,3,0.9736106215848644
1077,-10000.0,200.0,1,0.9736062535426767
1078,-10000.0,-400.0,2,0.9735975175238214
1079,-10000.0,-400.0,8,0.9735625743219892
1080,-10000.0,-400.0,3,0.9735494709816497
1081,50000.0,200.0,16,0.9734795898192549
1082,-10000.0,200.0,1,0.9734752224322242
1083,-10000.0,-400.0,4,0.9734577531024694
1084,-10000.0,-400.0,3,0.9734446513344365
1085,-10000.0,-400.0,2,0.9734359169315951
1086,-10000.0,-400.0,3,0.9734228154911023
1087,50000.0,200.0,6,0.9733966131996739
1088,-10000.0,200.0,15,0.9733311109100505
1089,-10000.0,200.0,2,0.9733223776426078
1090,-10000.0,200.0,13,0.9732656135329146
1091,-10000.0,200.0,1,0.9732612472157628
1092,-10000.0,200.0,3,0.9732481483952958
1093,-10000.0,200.0,1,0.9732437821654695
1094,-10000.0,200.0,13,0.9731870231643163
1095,-10000.0,200.0,1,0.9731826572401152
1096,-10000.0,200.0,2,0.9731739254572018
1097,-10000.0,200.0,1,0.9731695595984893
1098,-10000.0,200.0,2,0.9731608279465516
1099,-10000.0,200.0,1,0.9731564621533263
1100,-10000.0,200.0,8,0.973121536593356
1101,-10000.0,200.0,1,0.973117170996587
1102,-10000.0,200.0,18,0.9730385939872158
1103,-10000.0,-400.0,1,0.9730342288051588
1104,-10000.0,-400.0,1,0.9730298636449277
1105,-10000.0,-1000.0,7,0.9729993081344247
1106,50000.0,-400.0,5,0.9729774834245313
1107,-10000.0,-400.0,3,0.9729643888604894
1108,50000.0,200.0,5,0.972942565023567
1109,-10000.0,200.0,7,0.9729120125684623
1110,-10000.0,200.0,9,0.9728727324117069
1111,-10000.0,200.0,2,0.9728640037280263
1112,-10000.0,200.0,1,0.9728596394189184
1113,-10000.0,200.0,3,0.9728465466225233
1114,-10000.0,200.0,4,0.972829089866159
1115,-10000.0,200.0,2,0.9728203616189017
1116,-10000.0,-400.0,3,0.9728072694116692
1117,-10000.0,-400.0,3,0.9727941774008183
1118,-10000.0,-1000.0,1,0.9727898134408413
1119,-10000.0,-1000.0,6,0.9727636301391895
1120,-10000.0,-1000.0,2,0.9727549025465262
1121,-10000.0,-1000.0,1,0.9727505387829228
1122,50000.0,-400.0,4,0.9727330839466961
1123,-10000.0,-1000.0,9,0.9726938118415476
1124,-10000.0,-1000.0,6,0.9726676314199005
1125,-10000.0,-1000.0,2,0.9726589047872196
1126,-10000.0,-1000.0,8,0.9726239991291459
1127,-10000.0,-1000.0,1,0.9726196360200581
1128,-10000.0,-1000.0,6,0.9725934578236524
1129,50000.0,-400.0,25,0.9724843904582768
1130,-10000.0,-400.0,2,0.9724756656579963
1131,-10000.0,-400.0,1,0.9724713032905739
1132,-10000.0,-1000.0,3,0.9724582163191771
1133,-10000.0,-1000.0,3,0.9724451295440834
1134,-10000,-1000.0,1,0.9724407673293411
1135,-10000.0,-1000.0,2,0.9724320429652897
1136,-10000.0,-1000.0,1,0.9724276808159803
1137,-10000.0,-1000.0,5,0.9724058703965913
1138,-10000.0,-1000.0,1,0.9724015083781444
1139,-10000.0,-1000.0,4,0.972384060522456
1140,-10000.0,-1000.0,1,0.9723796986130581
1141,50000.0,-1000.0,3,0.9723666130157212
1142,-10000.0,-1000.0,3,0.9723535276146666
1143,-10000.0,-1600.0,2,0.972344804123008
1144,-10000.0,-2200.0,3,0.9723317190490844
1145,-10000.0,-2200.0,7,0.9723011879732146
1146,-10000.0,-2800.0,1,0.9722968264781786
1147,-10000.0,-3400.0,1,0.9722924650049499
1148,-10000.0,-3400.0,15,0.9722270455233358
1149,-10000.0,-3400.0,6,0.9722008791044684
1150,-10000.0,-3400.0,1,0.9721965181109753
1151,-10000.0,-3400.0,1,0.9721921571392872
1152,-10000.0,-3400.0,9,0.9721529093752972
1153,-10000.0,-3400.0,1,0.9721485486216522
1154,-10000.0,-3400.0,2,0.9721398271797733
1155,50000.0,-2800.0,5,0.9721180239566353
1156,-10000.0,-2800.0,1,0.9721136633774169
1157,50000.0,-2200.0,8,0.9720787795285635
1158,-10000.0,-2200.0,1,0.9720744191455668
1159,-10000.0,-2200.0,10,0.9720308165146844
1160,-10000.0,-2800.0,1,0.9720264563715022
1161,-10000.0,-2800.0,30,0.9718956622128536
1162,-10000.0,-2800.0,2,0.9718869432998261
1163,50000.0,-2200.0,3,0.9718738650937633
1164,-10000.0,-2200.0,4,0.9718564277908351
1165,-10000.0,-2200.0,1,0.9718520685195944
1166,-10000.0,-2800.0,9,0.971812836059248
1167,50000.0,-2200.0,12,0.9717605288583161
1168,-10000.0,-2800.0,11,0.9717125833477426
1169,50000.0,-2200.0,16,0.9716428491304806
1170,-10000.0,-2800.0,6,0.971616700237242
1171,-10000.0,-2800.0,1,0.971612342164636
1172,-10000.0,-2800.0,2,0.9716036260847948
1173,-10000.0,-2800.0,2,0.9715949100921141
1174,-10000.0,-2800.0,1,0.9715905521284585
1175,-10000.0,-2800.0,1,0.9715861941865928
1176,50000.0,-2200.0,4,0.971568762637025
1177,-10000.0,-2200.0,2,0.9715600469929769
1178,-10000.0,-2200.0,2,0.9715513314360849
1179,-10000.0,-2200.0,4,0.9715339005837653
1180,-10000.0,-2200.0,2,0.971525185288336
1181,-10000.0,-2800.0,1,0.9715208276733036
1182,-10000,-2800.0,1,0.9715164700800593
1183,50000.0,-2200.0,8,0.9714816101184599
1184,-10000.0,-2200.0,1,0.9714772527213028
1185,-10000.0,-2200.0,18,0.9713988232979349
1186,-10000.0,-2200.0,4,0.9713813954957475
1187,-10000.0,-2800.0,3,0.971368324872845
1188,-10000.0,-2800.0,2,0.9713596112331646
1189,50000.0,-2200.0,22,0.9712637669474612
1190,-10000.0,-2200.0,5,0.9712419856255552
1191,50000.0,-1600.0,11,0.9711940686340752
1192,-10000,-1600.0,1,0.971189712674622
1193,-10000.0,-1600.0,8,0.9711548657830574
1194,50000.0,-1000.0,5,0.9711330871836464
1195,-10000.0,-1000.0,6,0.9711069535830369
1196,-10000.0,-1000.0,10,0.9710633993242233
1197,-10000.0,-1000.0,5,0.9710416230114453
1198,-10000.0,-1000.0,1,0.9710372678142182
1199,-10000.0,-1000.0,11,0.9709893620819081
1200,50000.0,-400.0,13,0.9709327496132979
1201,-10000.0,-400.0,1,0.9709283949604366
1202,-10000.0,-400.0,2,0.9709196857200332
1203,-10000.0,-400.0,3,0.9709066220227254
1204,50000.0,200.0,25,0.970797765498647
1205,-10000.0,200.0,2,0.9707890575645318
1206,50000.0,200.0,10,0.9707455192001218
1207,-10000.0,200.0,1,0.97074116548341
1208,50000.0,200.0,6,0.9707150436402752
1209,-10000.0,200.0,9,0.9706758623448971
1210,-10000.0,200.0,4,0.9706584490017842
1211,-10000.0,200.0,1,0.9706540957204224
1212,-10000.0,200.0,1,0.970649742460827
1213,50000.0,800.0,22,0.9705539762563941
1214,-10000.0,800.0,1,0.9705496234973947
1215,-10000.0,800.0,5,0.9705278600288518
1216,-10000.0,800.0,2,0.9705191547937777
1217,-10000.0,800.0,2,0.9705104496457556
1218,-10000.0,800.0,6,0.970484334723992
1219,-10000.0,800.0,4,0.9704669252113932
1220,-10000.0,800.0,2,0.9704582205856643
1221,-10000.0,800.0,1,0.9704538683054421
1222,50000.0,800.0,4,0.9704364594021656
1223,-10000,800.0,1,0.970432107230749
1224,-10000.0,800.0,1,0.9704277550810932
1225,-10000.0,800.0,4,0.9704103467000761
1226,-10000.0,800.0,7,0.9703798828710617
1227,50000.0,1400.0,13,0.9703233100173126
1228,-10000.0,1400.0,14,0.9702623895178538
1229,-10000.0,800.0,2,0.9702536869374717
1230,-10000.0,800.0,2,0.9702449844441148
1231,-10000.0,800.0,3,0.9702319308672502
1232,-10000.0,800.0,1,0.9702275797184737
1233,-10000,800.0,1,0.9702232285914529
1234,-10000.0,800.0,1,0.9702188774861878
1235,-10000.0,800.0,19,0.970136210619565
1236,50000.0,1400.0,21,0.9700448511139078
1237,-10000.0,1400.0,1,0.9700405009005278
1238,-10000.0,1400.0,2,0.9700318005390207
1239,-10000.0,1400.0,10,0.9699883000365154
1240,-10000.0,1400.0,1,0.96998395010589
1241,-10000.0,800.0,1,0.9699796001970143
1242,-10000.0,800.0,3,0.9699665506008835
1243,-10000.0,800.0,6,0.9699404519958466
1244,50000.0,1400.0,21,0.9698491130437659
1245,-10000.0,1400.0,1,0.9698447638090738
1246,-10000.0,1400.0,2,0.9698360654049278
1247,-10000.0,1400.0,1,0.9698317162354737
1248,-10000.0,1400.0,5,0.9698099707143879
1249,-10000.0,1400.0,1,0.969805621675407
1250,50000.0,2000.0,5,0.9697838768066771
1251,-10000.0,2000.0,4,0.9697664813030965
1252,50000.0,2600.0,7,0.9697360400089767
1253,-10000.0,2600.0,7,0.9697055997802835
1254,-10000.0,2600.0,4,0.9696882058422279
1255,-10000.0,2000.0,6,0.9696621155874084
1256,50000.0,2600.0,6,0.9696360261152848
1257,-10000.0,2000.0,8,0.9696012413699397
1258,-10000.0,2000.0,1,0.9695968933746029
1259,-10000.0,2000.0,2,0.9695881974491488
1260,-10000.0,2000.0,1,0.9695838495190314
1261,50000.0,2600.0,3,0.9695708058591164
1262,50000.0,3200.0,5,0.9695490668607085
1263,-10000.0,2600.0,9,0.9695099380331049
1264,-10000.0,2600.0,3,0.9694968954818539
1265,50000.0,3200.0,9,0.9694577690019096
1266,50000.0,3800.0,6,0.9694316856600915
1267,50000.0,3800.0,9,0.9693925621145233
1268,-10000.0,3800.0,17,0.9693186668873351
1269,-10000.0,3200.0,7,0.9692882412664455
1270,-10000.0,3200.0,1,0.9692838948361053
1271,50000.0,3800.0,6,0.9692578167104341
1272,-10000.0,3800.0,2,0.9692491241757297
1273,-10000.0,3800.0,9,0.9692100088452433
1274,-10000.0,3800.0,7,0.9691795870273187
1275,-10000.0,3800.0,1,0.9691752411402482
1276,50000.0,3800.0,6,0.969149166274139
1277,-10000.0,3800.0,3,0.9691361291344237
1278,-10000.0,3800.0,3,0.969123092190264
1279,-10000.0,3800.0,1,0.9691187465856671
1280,-10000.0,3800.0,4,0.969101364384558
1281,-10000.0,3800.0,4,0.9690839825310894
1282,-10000.0,3800.0,6,0.9690579104026974
1283,-10000.0,3200.0,1,0.9690535651240085
1284,-10000.0,3200.0,1,0.9690492198670461
1285,-10000.0,3200.0,5,0.969027493908125
1286,50000.0,3800.0,8,0.9689927335035814
1287,-10000.0,3800.0,12,0.9689405955037268
1288,-10000.0,3800.0,3,0.9689275614925497
1289,-10000.0,3200.0,1,0.9689232168656037
1290,-10000.0,3200.0,2,0.968914527676881
1291,-10000.0,2600.0,2,0.96890583857505
1292,-10000.0,2600.0,1,0.9689014940567183
1293,-10000.0,2600.0,5,0.9688797717908963
1294,-10000.0,2000.0,1,0.9688754274028984
1295,-10000.0,2000.0,1,0.9688710830366223
1296,-10000.0,2000.0,4,0.9688537057887346
1297,-10000.0,2000.0,1,0.9688493615310664
1298,-10000.0,2000.0,5,0.9688276405685412
1299,-10000.0,2000.0,2,0.9688189523355768
1300,-10000.0,1400.0,1,0.9688146082516753
1301,-10000.0,1400.0,2,0.9688059201490333
1302,50000.0,2000.0,15,0.9687407621484778
1303,50000.0,2600.0,3,0.9687277311347784
1304,50000.0,2600.0,14,0.9686669223219322
1305,50000.0,3200.0,7,0.9686365195117033
1306,-10000.0,2600.0,3,0.9686234900616316
1307,-10000.0,2600.0,2,0.9686148038701621
1308,-10000.0,2000.0,10,0.968571374215719
1309,-10000.0,2000.0,4,0.9685540029619478
1310,-10000.0,2000.0,2,0.9685453174653458
1311,-10000.0,2000.0,2,0.9685366320555981
1312,-10000.0,2000.0,2,0.9685279467327044
1313,-10000.0,1400.0,1,0.9685236041038273
1314,-10000.0,1400.0,2,0.9685149189112123
1315,-10000,1400.0,1,0.9685105763474741
1316,-10000.0,1400.0,6,0.9684845214210095
1317,50000.0,2000.0,6,0.968458467276181
1318,-10000.0,2000.0,1,0.9684541249947004
1319,50000.0,2600.0,10,0.9684107033740003
1320,50000.0,3200.0,7,0.9683803095312775
1321,-10000.0,3200.0,3,0.9683672839243267
1322,-10000.0,2600.0,1,0.9683629420987617
1323,-10000.0,2600.0,5,0.9683412332965704
1324,-10000.0,2600.0,2,0.9683325499276544
1325,50000.0,3200.0,6,0.9683065003419024
1326,-10000.0,3200.0,7,0.9682761101462218
1327,-10000.0,2600.0,2,0.968267427428534
1328,-10000.0,2600.0,25,0.9681589007831621
1329,50000.0,3200.0,7,0.9681285157533759
1330,-10000.0,3200.0,5,0.9681068128117699
1331,-10000.0,3200.0,5,0.9680851104127307
1332,-10000.0,3200.0,14,0.9680243465817607
1333,-10000.0,3200.0,2,0.968015666381696
1334,-10000.0,3200.0,4,0.9679983062419704
1335,-10000.0,3200.0,1,0.9679939662612891
1336,-10000.0,2600.0,4,0.9679766065555615
1337,-10000.0,2600.0,5,0.967954907411638
1338,-10000,2600.0,1,0.9679505676479504
1339,-10000.0,2600.0,5,0.9679288691549915
1340,-10000.0,2600.0,12,0.9678767949850829
1341,-10000.0,2600.0,7,0.9678464198288268
1342,-10000.0,2600.0,5,0.9678247239395308
1343,-10000.0,2600.0,1,0.9678203848267589
1344,-10000.0,2000.0,8,0.9677856727056129
1345,-10000.0,2000.0,3,0.9677726560181477
1346,-10000.0,2000.0,2,0.967763978334976
1347,-10000.0,2000.0,9,0.9677249298345487
1348,-10000.0,2000.0,1,0.9677205912207462
1349,50000.0,2600.0,6,0.9676945599934799
1350,-10000,2000.0,1,0.9676902215315261
1351,-10000.0,2000.0,3,0.9676772062758177
1352,-10000.0,1400.0,16,0.9676077948758087
1353,-10000.0,1400.0,12,0.967555739969779
1354,-10000.0,1400.0,1,0.9675514022019235
1355,-10000,1400.0,1,0.9675470644557569
1356,50000.0,1400.0,8,0.9675123632672071
1357,-10000.0,1400.0,1,0.9675080257162346
1358,-10000,1400.0,1,0.9675036881869499
1359,-10000.0,1400.0,1,0.9674993506793527
1360,50000.0,2000.0,6,0.9674733260892032
1361,-10000.0,1400.0,4,0.9674559767961749
1362,-10000.0,800.0,1,0.9674516395271341
1363,50000.0,1400.0,10,0.9674082680294541
1364,-10000.0,1400.0,12,0.9673562250946761
1365,-10000.0,800.0,1,0.9673518883243926
1366,-10000.0,200.0,15,0.9672868393721344
1367,-10000.0,-400.0,3,0.9672738301671131
1368,50000.0,200.0,7,0.9672434761142562
1369,-10000.0,200.0,8,0.9672087870689973
1370,50000.0,800.0,3,0.9671957790347517
1371,50000.0,800.0,7,0.9671654277136367
1372,-10000.0,800.0,2,0.9671567561027177
1373,-10000.0,800.0,2,0.9671480845785144
1374,-10000.0,800.0,6,0.9671220705261897
1375,-10000.0,800.0,4,0.9671047282582025
1376,-10000.0,200.0,9,0.9670657094233612
1377,50000.0,800.0,2,0.9670570388096201
1378,-10000.0,800.0,3,0.9670440330515814
1379,-10000.0,800.0,1,0.9670396978422542
1380,50000.0,1400.0,8,0.967005016947963
1381,-10000.0,1400.0,3,0.9669920119702464
1382,-10000.0,1400.0,2,0.9669833420934761
1383,-10000.0,1400.0,2,0.9669746723034042
1384,50000.0,2000.0,18,0.966896648094039
1385,-10000.0,2000.0,2,0.9668879791709027
1386,-10000.0,1400.0,7,0.9668576386225946
1387,-10000.0,1400.0,2,0.966848970089551
1388,-10000.0,1400.0,1,0.9668446358555361
1389,-10000.0,1400.0,1,0.9668403016431925
1390,-10000.0,1400.0,1,0.9668359674525197
1391,50000.0,2000.0,20,0.9667492881898098
1392,-10000.0,2000.0,2,0.9667406207402652
1393,-10000.0,2000.0,1,0.9667362870479956
1394,-10000.0,2000.0,3,0.9667232861011974
1395,-10000.0,2000.0,9,0.966684284430867
1396,-10000.0,2000.0,5,0.9666626175945928
1397,50000.0,2600.0,6,0.9666366181060592
1398,-10000.0,2600.0,2,0.9666279517832098
1399,-10000.0,2600.0,1,0.9666236186542838
1400,50000.0,3200.0,3,0.9666106193974986
1401,-10000.0,3200.0,12,0.9665586243202027
1402,-10000.0,2600.0,2,0.9665499587772872
1403,-10000.0,2000.0,1,0.9665456260383253
1404,-10000.0,1400.0,7,0.9665152974721668
1405,-10000.0,800.0,5,0.9664936348605139
1406,-10000.0,800.0,1,0.9664893024031707
1407,-10000.0,800.0,1,0.9664849699674898
1408,-10000.0,800.0,6,0.9664589758083051
1409,-10000.0,800.0,19,0.9663766661153756
1410,-10000.0,800.0,1,0.9663723342428747
1411,50000.0,1400.0,2,0.9663636705628508
1412,-10000.0,1400.0,1,0.9663593387553275
1413,50000.0,2000.0,6,0.9663333483650227
1414,-10000.0,2000.0,1,0.96632901670911
1415,-10000.0,2000.0,3,0.9663160218713209
1416,-10000.0,2000.0,6,0.966290032780503
1417,-10000.0,1400.0,1,0.9662857013411676
1418,-10000.0,1400.0,1,0.9662813699234896
1419,-10000.0,800.0,4,0.9662640444693462
1420,-10000.0,200.0,18,0.9661860842136081
1421,-10000.0,200.0,4,0.9661687606651599
1422,-10000.0,200.0,15,0.9661038004441487
1423,50000.0,800.0,18,0.9660258546097239
1424,50000.0,1400.0,4,0.9660085342658358
1425,-10000.0,800.0,1,0.9660042042339895
1426,-10000.0,800.0,1,0.9659998742237934
1427,-10000.0,800.0,19,0.9659176081434429
1428,-10000.0,800.0,5,0.9658959604738363
1429,-10000.0,200.0,3,0.9658829721318419
1430,-10000.0,200.0,16,0.965813704264823
1431,50000.0,800.0,9,0.9657747435247543
1432,-10000.0,800.0,3,0.9657617570010006
1433,50000.0,1400.0,22,0.9656665284453971
1434,-10000.0,1400.0,1,0.9656622001235756
1435,-10000.0,1400.0,1,0.9656578718233958
1436,-10000.0,1400.0,1,0.9656535435448574
1437,-10000.0,1400.0,3,0.9656405588390897
1438,-10000.0,1400.0,2,0.9656319024767832
1439,-10000.0,1400.0,9,0.965592949917611
1440,-10000.0,1400.0,1,0.9655886219636812
1441,-10000.0,1400.0,4,0.9655713103643586
1442,-10000.0,1400.0,1,0.9655669825186264
1443,50000.0,2000.0,11,0.9655193776437339
1444,-10000.0,2000.0,2,0.9655107224932333
1445,-10000.0,2000.0,6,0.9654847575610344
1446,-10000.0,2000.0,1,0.9654804301480652
1447,-10000.0,2000.0,2,0.9654717753870375
1448,-10000,2000.0,1,0.965467448038979
1449,-10000.0,1400.0,12,0.965415521549907
1450,50000.0,2000.0,6,0.9653895594736935
1451,-10000.0,2000.0,7,0.9653592713691568
1452,-10000.0,2000.0,6,0.9653333109804235
1453,-10000.0,2000.0,2,0.9653246576905803
1454,-10000.0,2000.0,2,0.9653160044872694
1455,-10000.0,2000.0,4,0.9652986983402417
1456,-10000.0,1400.0,2,0.9652900453965232
1457,-10000.0,1400.0,6,0.9652640870845378
1458,-10000.0,1400.0,2,0.9652554344869301
1459,-10000.0,1400.0,4,0.9652381295512903
1460,-10000.0,800.0,6,0.965212172796757
1461,-10000.0,800.0,38,0.9650477981000163
1462,-10000.0,800.0,2,0.9650391476652875
1463,-10000.0,200.0,7,0.9650088718249497
1464,-10000,200.0,1,0.965004546791403
1465,-10000.0,200.0,4,0.964987246873467
1466,-10000.0,200.0,3,0.9649742721620744
1467,-10000.0,200.0,4,0.9649569728496249
1468,-10000.0,-400.0,8,0.9649223752626672
1469,-10000.0,-400.0,5,0.9649007524735718
1470,-10000.0,-1000.0,2,0.9648921035092919
1471,-10000.0,-1600.0,4,0.9648748058401989
1472,-10000.0,-1600.0,8,0.9648402115398559
1473,50000.0,-1000.0,6,0.9648142667226839
1474,-10000.0,-1000.0,1,0.9648099426621605
1475,50000.0,-400.0,17,0.9647364369410716
1476,50000.0,200.0,7,0.9647061716954236
1477,-10000.0,-400.0,1,0.9647018481753739
1478,-10000.0,-400.0,3,0.9646888777449297
1479,-10000.0,-400.0,16,0.9646197054016408
1480,-10000.0,-1000.0,3,0.9646067362033289
1481,50000.0,-400.0,11,0.9645591841405314
1482,-10000.0,-400.0,7,0.964528925098623
1483,50000.0,200.0,15,0.9644640878606674
1484,-10000.0,-400.0,6,0.9644381543270365
1485,-10000.0,-400.0,4,0.9644208657368364
1486,-10000.0,-400.0,5,0.9643992554853222
1487,-10000.0,-400.0,6,0.9643733238966334
1488,-10000.0,-400.0,9,0.964334427972223
1489,-10000.0,-400.0,1,0.9643301063108873
1490,-10000.0,-400.0,1,0.9643257846711598
1491,-10000.0,-1000.0,2,0.9643171414565292
1492,50000.0,-400.0,14,0.9642566413741549
1493,-10000.0,-400.0,2,0.9642479988509538
1494,-10000.0,-400.0,5,0.9642263929210578
1495,50000.0,200.0,6,0.9642004665181682
1496,-10000.0,200.0,1,0.9641961455266381
1497,-10000.0,-400.0,2,0.9641875036083924
1498,-10000.0,-400.0,1,0.9641831826816768
1499,-10000.0,-400.0,5,0.9641615783721647
1500,50000.0,-400.0,18,0.9640838073298605
1501,-10000.0,-400.0,2,0.9640751665349914
1502,-10000.0,-400.0,6,0.9640492446688251
1503,-10000.0,-400.0,3,0.9640362840273602
1504,-10000.0,-400.0,8,0.964001723267219
1505,50000.0,200.0,4,0.9639844434055528
1506,-10000.0,200.0,7,0.9639542044792179
1507,-10000.0,200.0,4,0.9639369255679181
1508,-10000.0,200.0,4,0.9639196470021929
1509,-10000.0,200.0,7,0.9638894103436925
1510,-10000.0,200.0,1,0.9638850909074392
1511,-10000.0,-400.0,6,0.9638591747434565
1512,-10000.0,-400.0,4,0.9638418977327323
1513,-10000.0,-1000.0,3,0.963828940201448
1514,50000.0,-400.0,5,0.9638073447478873
1515,-10000.0,-400.0,1,0.9638030257219611
1516,-10000.0,-400.0,5,0.9637814309162543
1517,50000.0,200.0,8,0.9637468803500335
1518,-10000.0,200.0,2,0.9637382429244172
1519,-10000.0,200.0,2,0.9637296055851748
1520,-10000.0,200.0,15,0.9636648282939347
1521,-10000.0,200.0,3,0.9636518734186721
1522,-10000.0,200.0,1,0.9636475551701006
1523,-10000.0,-400.0,11,0.9636000558608092
1524,-10000.0,-1000.0,9,0.9635611947326774
1525,50000.0,-400.0,34,0.9634144018073251
1526,-10000.0,-400.0,4,0.9633971336919707
1527,-10000.0,-400.0,2,0.9633884997638035
1528,-10000.0,-400.0,2,0.9633798659219751
1529,-10000.0,-400.0,1,0.9633755490334377
1530,-10000.0,-400.0,15,0.9633107982954433
1531,50000.0,-400.0,19,0.9632287876651718
1532,-10000.0,-400.0,7,0.963198575186325
1533,-10000.0,-1000.0,1,0.9631942592042391
1534,-10000.0,-1000.0,4,0.9631769954916927
1535,-10000.0,-1000.0,1,0.9631726796175049
1536,50000.0,-400.0,8,0.9631381534008492
1537,-10000.0,-400.0,1,0.9631338377208712
1538,-10000.0,-400.0,2,0.9631252064256506
1539,-10000.0,-400.0,1,0.9631208908104075
1540,-10000.0,-400.0,2,0.9631122596446553
1541,-10000.0,-400.0,4,0.9630949975720837
1542,50000.0,200.0,10,0.9630518439010559
1543,-10000.0,-400.0,3,0.9630388982204903
1544,50000.0,200.0,19,0.9629569134194991
1545,-10000.0,200.0,1,0.9629525986457189
1546,-10000.0,200.0,1,0.9629482838935126
1547,-10000.0,200.0,1,0.9629439691628798
1548,50000.0,800.0,9,0.9629051375579852
1549,50000.0,1400.0,6,0.962879250792162
1550,-10000.0,800.0,3,0.9628663077004734
1551,-10000.0,800.0,4,0.9628490505468916
1552,-10000.0,800.0,3,0.9628361079082034
1553,50000.0,1400.0,7,0.9628059091729075
1554,-10000.0,1400.0,3,0.9627929671813351
1555,-10000.0,1400.0,3,0.9627800253838912
1556,-10000.0,1400.0,9,0.9627412011563006
1557,-10000.0,1400.0,2,0.9627325737874259
1558,-10000.0,1400.0,2,0.9627239465048245
1559,-10000.0,1400.0,6,0.9626980651746513
1560,-10000.0,1400.0,2,0.9626894382371343
1561,-10000.0,1400.0,19,0.9626074866332646
1562,-10000.0,1400.0,1,0.962603173606614
1563,-10000.0,1400.0,2,0.9625945476180079
1564,-10000.0,1400.0,1,0.9625902346560522
1565,50000.0,2000.0,10,0.9625471062225393
1566,-10000.0,2000.0,1,0.9625427934977899
1567,-10000.0,2000.0,1,0.9625384807946042
1568,-10000.0,2000.0,1,0.962534168112982
1569,50000.0,2600.0,25,0.9624263580802354
1570,-10000.0,2600.0,4,0.9624091097255578
1571,50000.0,3200.0,15,0.9623444314677934
1572,-10000.0,3200.0,5,0.9623228731264871
1573,-10000.0,2600.0,4,0.962305626841488
1574,-10000.0,2600.0,1,0.9623013153241325
1575,-10000.0,2000.0,2,0.9622926923540942
1576,50000.0,2000.0,19,0.9622107784392931
1577,50000.0,2600.0,3,0.9621978453746147
1578,-10000.0,2600.0,1,0.9621935343961653
1579,-10000.0,2600.0,2,0.962184912503931
1580,-10000.0,2600.0,2,0.962176290697915
1581,-10000.0,2000.0,1,0.9621719798272387
1582,-10000.0,2000.0,2,0.962163358150549
1583,-10000.0,1400.0,8,0.9621288723059443
1584,-10000.0,1400.0,4,0.9621116299009229
1585,-10000.0,1400.0,5,0.962090077379583
1586,-10000,1400.0,1,0.9620857669399723
1587,-10000.0,1400.0,3,0.9620728357504522
1588,-10000.0,1400.0,2,0.9620642150651982
1589,-10000.0,1400.0,7,0.9620340433456791
1590,-10000.0,1400.0,4,0.9620168028372179
1591,-10000.0,1400.0,5,0.961995252686525
1592,-10000.0,800.0,3,0.9619823228547086
1593,-10000.0,800.0,1,0.9619780129538691
1594,-10000.0,800.0,5,0.9619564637729111
1595,-10000.0,200.0,1,0.9619521540013668
1596,-10000.0,200.0,2,0.9619435345229242
1597,-10000.0,200.0,1,0.9619392248160259
1598,-10000.0,200.0,1,0.961934915130676
1599,50000.0,800.0,11,0.9618875100139964
1600,-10000.0,200.0,1,0.96188320058722
1601,-10000.0,200.0,4,0.9618659630955837
1602,-10000.0,200.0,4,0.9618487259486939
1603,50000.0,800.0,19,0.961766854208698
1604,-10000.0,800.0,2,0.9617582365832441
1605,-10000.0,200.0,1,0.9617539278028331
1606,-10000.0,200.0,5,0.9617323842239338
1607,-10000.0,200.0,1,0.9617280755727844
1608,50000.0,800.0,12,0.9616763734393295
1609,-10000.0,800.0,7,0.9616462152940298
1610,-10000.0,800.0,4,0.961628982542052
1611,-10000.0,800.0,21,0.9615385162484487
1612,50000.0,1400.0,17,0.9614652885867873
1613,-10000.0,1400.0,5,0.9614437522237782
1614,-10000.0,800.0,1,0.961439445015785
1615,-10000.0,800.0,5,0.9614179092988573
1616,-10000.0,800.0,2,0.961409295162835
1617,-10000.0,200.0,5,0.9613877601996441
1618,50000.0,800.0,13,0.9613317718148734
1619,-10000.0,800.0,3,0.9613188519351956
1620,-10000.0,800.0,26,0.9612068877622728
1621,-10000.0,800.0,2,0.9611982757364554
1622,50000.0,1400.0,8,0.9611638284943754
1623,-10000.0,1400.0,2,0.9611552168991485
1624,-10000.0,1400.0,15,0.9610906326798196
1625,-10000.0,800.0,2,0.9610820218165472
1626,-10000.0,800.0,33,0.9609399550037818
1627,-10000.0,800.0,1,0.9609356503147685
1628,-10000.0,800.0,2,0.9609270410013121
1629,-10000.0,800.0,3,0.9609141271925509
1630,-10000.0,800.0,4,0.9608969090821886
1631,-10000.0,200.0,10,0.9608538653128377
1632,-10000.0,200.0,6,0.9608280400842587
1633,-10000.0,200.0,7,0.9607979116301067
1634,-10000.0,200.0,3,0.9607849997582717
1635,50000.0,800.0,3,0.960772088080113
1636,-10000.0,200.0,14,0.9607118361427899
1637,-10000.0,200.0,2,0.9607032290674639
1638,50000.0,800.0,3,0.9606903186158564
1639,-10000.0,800.0,3,0.9606774083579045
1640,-10000.0,800.0,2,0.9606688016268546
1641,50000.0,1400.0,4,0.9606515884229546
1642,-10000.0,800.0,5,0.9606300724021956
1643,-10000.0,800.0,5,0.9606085569193301
1644,-10000.0,200.0,5,0.960587041974345
1645,-10000.0,200.0,8,0.9605526191811266
1646,-10000.0,200.0,5,0.9605311056345675
1647,-10000.0,200.0,1,0.9605268029897959
1648,-10000.0,-400.0,1,0.9605225003665374
1649,-10000.0,-1000.0,3,0.9605095926258402
1650,-10000.0,-1000.0,1,0.9605052900886336
1651,-10000.0,-1000.0,2,0.9604966850787577
1652,-10000.0,-1000.0,6,0.960470870565425
1653,-10000.0,-1600.0,4,0.9604536613201068
1654,-10000.0,-1600.0,9,0.9604149417765436
1655,50000.0,-1000.0,3,0.9604020356492131
1656,-10000.0,-1000.0,2,0.9603934316718766
1657,-10000.0,-1000.0,1,0.9603891297154732
1658,-10000.0,-1000.0,19,0.9603073966305332
1659,50000.0,-400.0,13,0.9602514784671122
1660,50000.0,200.0,25,0.9601439537527384
1661,50000.0,800.0,10,0.9601009476302129
1662,50000.0,1400.0,6,0.9600751449888255
1663,50000.0,2000.0,14,0.9600149418358113
1664,-10000.0,2000.0,3,0.9600020417084348
1665,-10000.0,1400.0,6,0.9599762420341806
1666,-10000.0,1400.0,3,0.959963342487297
1667,-10000.0,1400.0,6,0.9599375439740021
1668,50000.0,2000.0,5,0.9599160458041309
1669,-10000.0,1400.0,2,0.9599074466866686
1670,-10000.0,1400.0,12,0.9598558537876698
1671,-10000.0,800.0,1,0.959851554519149
1672,-10000.0,800.0,10,0.9598085630162196
1673,-10000.0,800.0,1,0.9598042639841521
1674,-10000.0,800.0,8,0.959769872501427
1675,-10000.0,800.0,10,0.9597268850824964
1676,-10000.0,200.0,3,0.9597139892759389
1677,50000.0,200.0,5,0.9596924966948653
1678,-10000.0,200.0,3,0.9596796014041298
1679,-10000.0,200.0,1,0.9596753030168688
1680,-10000.0,200.0,2,0.9596667063068223
1681,50000.0,800.0,8,0.9596323203262942
1682,-10000.0,800.0,1,0.959628022175438
1683,-10000.0,800.0,1,0.9596237240460724
1684,-10000.0,800.0,1,0.9596194259381975
1685,-10000.0,800.0,9,0.9595807439343819
1686,-10000.0,800.0,15,0.9595162777960972
1687,-10000.0,800.0,16,0.9594475192442522
1688,-10000.0,800.0,1,0.9594432220173992
1689,-10000.0,800.0,2,0.959434627628151
1690,-10000.0,800.0,13,0.9593787661928714
1691,50000.0,1400.0,4,0.9593615787894222
1692,-10000.0,1400.0,1,0.9593572819922702
1693,-10000.0,1400.0,2,0.959348688462418
1694,-10000.0,1400.0,1,0.9593443917297176
1695,-10000.0,1400.0,3,0.9593315016605174
1696,-10000.0,1400.0,2,0.9593229083884672
1697,-10000.0,1400.0,2,0.9593143152023493
1698,-10000.0,1400.0,2,0.9593057221021628
1699,-10000.0,800.0,1,0.9593014255842937
1700,-10000.0,800.0,1,0.959297129087907
1701,-10000.0,800.0,8,0.959262757890172
1702,-10000.0,800.0,11,0.9592154997380992
1703,-10000.0,200.0,2,0.9592069076260624
1704,-10000.0,200.0,1,0.9592026116022644
1705,-10000.0,200.0,5,0.9591811318054729
1706,-10000.0,200.0,6,0.9591553567581463
1707,-10000.0,200.0,1,0.9591510609921019
1708,-10000.0,-400.0,3,0.9591381738228411
1709,-10000.0,-400.0,3,0.9591252868468864
1710,-10000.0,-400.0,4,0.9591081045129732
1711,-10000.0,-400.0,1,0.9591038089831896
1712,-10000.0,-1000.0,3,0.9590909225227034
1713,-10000.0,-1000.0,1,0.9590866270788295
1714,-10000.0,-1000.0,1,0.9590823316564326
1715,-10000.0,-1000.0,12,0.9590307882628506
1716,-10000.0,-1000.0,4,0.9590136078188903
1717,-10000.0,-1000.0,3,0.9590007227114116
1718,-10000.0,-1600.0,17,0.9589277107530333
1719,-10000.0,-1600.0,5,0.9589062378286771
1720,-10000.0,-1600.0,16,0.9588375280780775
1721,-10000.0,-1600.0,1,0.9588332339011726
1722,-10000.0,-2200.0,11,0.9587859993722695
1723,-10000.0,-2200.0,2,0.9587774115552149
1724,-10000.0,-2200.0,1,0.9587731176788918
1725,-10000.0,-2200.0,4,0.9587559423882918
1726,-10000,-2200.0,1,0.9587516486193142
1727,50000.0,-1600.0,18,0.9586743644487783
1728,-10000.0,-1600.0,1,0.9586700710876894
1729,-10000.0,-1600.0,4,0.9586528978580007
1730,50000.0,-1000.0,10,0.9586099662864059
1731,-10000.0,-1000.0,10,0.9585670368613363
1732,-10000.0,-1000.0,1,0.9585627440368839
1733,-10000.0,-1000.0,3,0.9585498656923113
1734,-10000.0,-1000.0,1,0.9585455729537147
1735,-10000.0,-1600.0,1,0.9585412802365816
1736,-10000.0,-1600.0,4,0.9585241095826841
1737,50000.0,-1000.0,12,0.9584725996814215
1738,-10000.0,-1600.0,3,0.958459722689004
1739,-10000,-1600.0,1,0.9584554304011214
1740,-10000.0,-1600.0,9,0.9584168007759263
1741,-10000.0,-2200.0,2,0.9584082166508393
1742,-10000.0,-2200.0,6,0.9583824647906196
1743,-10000.0,-2200.0,17,0.9583095053819312
1744,-10000.0,-2200.0,3,0.9582966308359098
1745,50000.0,-1600.0,17,0.9582236787227975
1746,-10000.0,-1600.0,1,0.9582193876151317
1747,50000.0,-1000.0,3,0.9582065144208666
1748,-10000.0,-1000.0,2,0.9581979323986326
1749,-10000.0,-1000.0,6,0.9581721868468458
1750,-10000.0,-1000.0,4,0.9581550235747422
1751,-10000.0,-1000.0,4,0.9581378606459006
1752,50000.0,-400.0,7,0.9581078263463813
1753,-10000.0,-400.0,2,0.9580992453110231
1754,-10000.0,-400.0,1,0.9580949548255226
1755,-10000.0,-1000.0,2,0.9580863739188791
1756,-10000.0,-1000.0,6,0.9580606317137965
1757,-10000.0,-1000.0,7,0.9580306001172425
1758,-10000.0,-1000.0,1,0.9580263099749673
1759,-10000.0,-1600.0,10,0.9579834097319836
1760,-10000.0,-2200.0,3,0.9579705400773603
1761,-10000.0,-2800.0,2,0.9579619604148578
1762,-10000.0,-3400.0,1,0.9579576706157803
1763,-10000.0,-4000.0,1,0.9579533808381516
1764,-10000.0,-4000.0,12,0.9579019051795865
1765,-10000.0,-4000.0,13,0.9578461433680283
1766,-10000.0,-4000.0,7,0.9578161192784351
1767,-10000.0,-4000.0,1,0.9578118302085615
1768,-10000,-4600.0,1,0.9578075411601331
1769,-10000,-4600.0,1,0.9578032521331498
1770,-10000.0,-4600.0,1,0.9577989631276117
1771,-10000.0,-4600.0,2,0.9577903851808701
1772,-10000.0,-4600.0,2,0.9577818073199078
1773,-10000.0,-4600.0,2,0.9577732295447234
1774,-10000.0,-4600.0,2,0.9577646518553166
1775,-10000.0,-4600.0,2,0.9577560742516861
1776,-10000.0,-4600.0,2,0.9577474967338312
1777,-10000.0,-5200.0,3,0.9577346306178764
1778,-10000.0,-5200.0,1,0.9577303419554449
1779,-10000.0,-5200.0,2,0.9577217646949118
1780,-10000.0,-5200.0,2,0.9577131875201508
1781,-10000.0,-5800.0,1,0.9577088989649346
1782,-10000.0,-5800.0,4,0.9576917449584958
1783,-10000.0,-5800.0,1,0.9576874565104921
1784,-10000.0,-5800.0,3,0.957674591295134
1785,50000.0,-5200.0,3,0.9576617262727525
1786,-10000.0,-5200.0,3,0.9576488614433448
1787,-10000.0,-5200.0,3,0.9576359968069081
1788,-10000.0,-5200.0,1,0.9576317086376446
1789,-10000.0,-5200.0,1,0.9576274204898217
1790,-10000.0,-5200.0,1,0.9576231323634395
1791,50000.0,-5200.0,6,0.9575974040553952
1792,-10000.0,-5200.0,1,0.9575931160790949
1793,-10000.0,-5200.0,14,0.9575330866620235
1794,-10000.0,-5200.0,8,0.9574987860245744
1795,50000.0,-4600.0,8,0.9574644867591232
1796,50000.0,-4000.0,14,0.9574044663457891
1797,-10000.0,-4000.0,17,0.9573315900634356
1798,-10000.0,-4000.0,2,0.9573230167904013
1799,50000.0,-3400.0,8,0.957288724555579
1800,-10000.0,-3400.0,5,0.9572672926053657
1801,-10000.0,-3400.0,2,0.9572587199753029
1802,-10000.0,-3400.0,7,0.9572287164451685
1803,-10000.0,-3400.0,4,0.9572115720422842
1804,-10000.0,-3400.0,1,0.957207285995139
1805,-10000.0,-3400.0,3,0.9571944279822846
1806,50000.0,-2800.0,6,0.9571687125351788
1807,50000.0,-2200.0,7,0.9571387121552496
1808,-10000,-2200.0,1,0.9571344264724031
1809,-10000.0,-2200.0,6,0.9571087128253155
1810,-10000.0,-2200.0,4,0.9570915708224796
1811,-10000.0,-2200.0,2,0.9570829999496259
1812,-10000.0,-2200.0,1,0.9570787145453397
1813,-10000.0,-2200.0,8,0.9570444320824117
1814,-10000.0,-2200.0,2,0.9570358616809429
1815,-10000.0,-2200.0,1,0.9570315765123474
1816,-10000.0,-2200.0,1,0.9570272913651777
1817,-10000.0,-2200.0,15,0.9569630167286544
1818,-10000.0,-2200.0,7,0.9569330235479526
1819,50000.0,-1600.0,6,0.9569073159428622
1820,-10000.0,-1600.0,5,0.9568858935277449
1821,50000.0,-1000.0,6,0.9568601873365339
1822,-10000.0,-1000.0,4,0.956843050304158
1823,-10000.0,-1000.0,3,0.9568301977547978
1824,-10000.0,-1000.0,3,0.9568173453982244
1825,-10000.0,-1000.0,2,0.9568087772676112
1826,50000.0,-400.0,2,0.9568002092226787
1827,-10000.0,-1000.0,1,0.9567959252323427
1828,-10000.0,-1000.0,19,0.9567145334856147
1829,-10000.0,-1000.0,9,0.9566759821990184
1830,-10000.0,-1600.0,3,0.956663132155661
1831,-10000.0,-1600.0,9,0.9566245831820723
1832,-10000.0,-1600.0,2,0.9566160169790716
1833,-10000.0,-1600.0,1,0.9566117339096945
1834,-10000.0,-1600.0,2,0.9566031678351857
1835,-10000.0,-1600.0,2,0.9565946018463374
1836,-10000.0,-1600.0,7,0.9565646215599308
1837,-10000.0,-2200.0,2,0.9565560559565434
1838,-10000.0,-2200.0,3,0.956543207712066
1839,-10000.0,-2200.0,2,0.9565346423228159
1840,-10000.0,-2200.0,2,0.9565260770192193
1841,-10000.0,-2200.0,2,0.9565175118012753
1842,-10000.0,-2200.0,1,0.9565132292244227
1843,-10000.0,-2200.0,1,0.956508946668983
1844,-10000.0,-2200.0,2,0.9565003816223416
1845,-10000.0,-2800.0,1,0.9564960991311398
1846,-10000.0,-2800.0,3,0.9564832517860081
1847,50000.0,-2800.0,14,0.956423300056718
1848,-10000.0,-2800.0,1,0.9564190179509231
1849,-10000.0,-2800.0,1,0.9564147358665386
1850,-10000.0,-2800.0,13,0.9563590707178441
1851,-10000.0,-2800.0,3,0.9563462254281233
1852,-10000.0,-3400.0,10,0.9563034091872669
1853,-10000.0,-3400.0,3,0.9562905647324627
1854,-10000.0,-3400.0,1,0.9562862832903427
1855,-10000.0,-3400.0,2,0.9562777204703239
1856,50000.0,-2800.0,5,0.9562563137948966
1857,-10000.0,-2800.0,2,0.9562477512745714
1858,50000.0,-2200.0,4,0.9562306264907944
1859,50000.0,-1600.0,10,0.9561878160297402
1860,-10000.0,-1600.0,2,0.9561792541943892
1861,-10000.0,-1600.0,2,0.956170692444656
1862,-10000.0,-1600.0,3,0.9561578499805882
1863,-10000.0,-1600.0,2,0.9561492884448961
1864,-10000.0,-1600.0,1,0.9561450077091557
1865,-10000.0,-1600.0,1,0.956140726994819
1866,50000.0,-1000.0,12,0.9560893600922218
1867,-10000.0,-1000.0,2,0.9560807992414252
1868,-10000.0,-1000.0,1,0.9560765188481299
1869,-10000.0,-1000.0,1,0.9560722384762367
1870,-10000.0,-1000.0,4,0.9560551172026804
1871,-10000.0,-1000.0,3,0.9560422764722281
1872,-10000.0,-1000.0,4,0.9560251557979059
1873,-10000.0,-1000.0,3,0.9560123155168713
1874,-10000.0,-1000.0,1,0.9560080354659939
1875,50000.0,-400.0,6,0.9559823556101297
1876,-10000.0,-400.0,3,0.955969515971093
1877,-10000.0,-400.0,3,0.9559566765246497
1878,-10000.0,-400.0,1,0.9559523967519664
1879,50000.0,200.0,9,0.9559138797607514
1880,50000.0,800.0,6,0.9558882027295159
1881,-10000.0,800.0,5,0.9558668057919105
1882,-10000.0,800.0,1,0.9558625264685798
1883,-10000.0,800.0,5,0.955841130172873
1884,-10000.0,800.0,7,0.9558111762575136
1885,-10000.0,200.0,4,0.9557940602051495
1886,-10000.0,200.0,4,0.9557769444951031
1887,-10000.0,200.0,1,0.9557726656210778
1888,-10000.0,200.0,1,0.9557683867684468
1889,-10000.0,200.0,11,0.9557213208015004
1890,50000.0,800.0,6,0.9556956495469472
1891,-10000.0,200.0,1,0.9556913710793956
1892,50000.0,800.0,2,0.9556828142084692
1893,50000.0,1400.0,8,0.955648587580438
1894,-10000.0,1400.0,2,0.9556400311373445
1895,-10000.0,800.0,5,0.9556186404039514
1896,50000.0,800.0,6,0.9555929722297637
1897,-10000.0,800.0,12,0.9555416381914665
1898,-10000.0,800.0,3,0.9555288051631415
1899,-10000.0,200.0,5,0.955507417210363
1900,-10000.0,200.0,5,0.9554860297922767
1901,-10000.0,200.0,3,0.9554731975980715
1902,-10000.0,200.0,1,0.9554689202427769
1903,-10000.0,200.0,4,0.9554518110354647
1904,-10000.0,200.0,8,0.9554175936473756
1905,-10000.0,200.0,1,0.9554133165701
1906,-10000.0,-400.0,1,0.9554090395142099
1907,50000.0,-400.0,3,0.9553962084748502
1908,50000.0,200.0,10,0.9553534397336538
1909,-10000.0,200.0,2,0.9553448862420241
1910,-10000.0,200.0,2,0.9553363328359287
1911,50000.0,800.0,5,0.9553149496948983
1912,-10000.0,800.0,1,0.9553106731308412
1913,-10000.0,800.0,3,0.9552978435669662
1914,-10000.0,800.0,6,0.9552721850165393
1915,-10000.0,800.0,4,0.9552550797438923
1916,-10000.0,800.0,1,0.9552508034791842
1917,-10000.0,800.0,1,0.9552465272358575
1918,-10000.0,800.0,2,0.9552379748133473
1919,50000.0,800.0,18,0.955161006859224
1920,-10000.0,800.0,3,0.9551481795403263
1921,50000.0,800.0,3,0.9551353524138367
1922,-10000.0,800.0,3,0.9551225254797528
1923,50000.0,1400.0,2,0.9551139742972541
1924,50000.0,2000.0,14,0.9550541184140335
1925,-10000.0,2000.0,1,0.9550498431541297
1926,-10000.0,1400.0,5,0.9550284671752516
1927,-10000.0,1400.0,1,0.9550241920436037
1928,-10000,1400.0,1,0.9550199169333311
1929,-10000.0,1400.0,9,0.9549814419027639
1930,-10000.0,1400.0,9,0.954942968603534
1931,-10000.0,1400.0,5,0.9549215952964863
1932,-10000.0,1400.0,4,0.9549044970355636
1933,-10000.0,1400.0,1,0.9549002225237647
1934,-10000.0,1400.0,1,0.9548959480333383
1935,-10000.0,1400.0,2,0.9548873991166026
1936,-10000.0,1400.0,11,0.9548403816026447
1937,-10000.0,1400.0,3,0.9548275590930897
1938,-10000.0,1400.0,7,0.9547976406520972
1939,-10000.0,1400.0,5,0.954776270978203
1940,-10000.0,1400.0,1,0.9547719971075328
1941,-10000.0,1400.0,1,0.9547677232582318
1942,-10000.0,1400.0,2,0.9547591756237376
1943,-10000.0,1400.0,3,0.9547463543322631
1944,-10000.0,1400.0,3,0.9547335332331066
1945,50000.0,2000.0,1,0.9547292595761245
1946,-10000.0,2000.0,8,0.9546950710895158
1947,-10000.0,1400.0,3,0.9546822507596021
1948,-10000,1400.0,1,0.9546779773590319
1949,50000.0,2000.0,4,0.9546608839704191
1950,-10000.0,2000.0,2,0.9546523374043123
1951,-10000.0,2000.0,9,0.9546138789144517
1952,-10000.0,2000.0,1,0.9546096058557397
1953,-10000.0,2000.0,4,0.9545925138345435
1954,50000.0,2600.0,2,0.9545839679521345
1955,-10000.0,2600.0,4,0.9545668764436912
1956,-10000.0,2000.0,4,0.9545497852770746
1957,-10000.0,2000.0,1,0.95454551253883
1958,-10000.0,1400.0,15,0.9544814240287388
1959,-10000.0,800.0,4,0.9544643345711533
1960,-10000.0,800.0,3,0.9544515177022616
1961,-10000.0,800.0,1,0.9544472454553536
1962,-10000.0,800.0,3,0.9544344288427966
1963,-10000.0,800.0,1,0.9544301566813328
1964,-10000.0,800.0,2,0.9544216124224874
1965,-10000.0,800.0,4,0.9544045241611222
1966,-10000.0,200.0,2,0.9543959801586006
1967,50000.0,800.0,9,0.9543575332045564
1968,-10000.0,800.0,1,0.9543532614275699
1969,50000.0,1400.0,7,0.9543233595867051
1970,-10000.0,1400.0,7,0.9542934587923866
1971,-10000.0,1400.0,3,0.9542806444866122
1972,-10000.0,1400.0,13,0.9542251180493494
1973,-10000.0,1400.0,1,0.9542208469344369
1974,-10000.0,1400.0,1,0.95421657584088
1975,-10000.0,800.0,3,0.9542037626883412
1976,-10000.0,800.0,1,0.9541994916802053
1977,-10000,800.0,1,0.9541952206934244
1978,-10000.0,800.0,1,0.9541909497279983
1979,50000.0,800.0,11,0.9541439705177034
1980,-10000.0,200.0,5,0.9541226171853583
1981,-10000.0,200.0,1,0.9541183465829489
1982,-10000.0,200.0,5,0.9540969938911941
1983,-10000.0,200.0,6,0.9540713713657172
1984,-10000.0,200.0,3,0.9540585603912292
1985,50000.0,800.0,8,0.9540243987320512
1986,-10000.0,800.0,2,0.9540158585307651
1987,-10000.0,800.0,1,0.9540115884621476
1988,-10000.0,800.0,8,0.9539774286818092
1989,-10000.0,800.0,2,0.9539688889502211
1990,-10000.0,200.0,8,0.9539347308778291
1991,-10000.0,200.0,1,0.9539304612148489
1992,50000.0,200.0,3,0.9539176523539974
1993,50000.0,200.0,7,0.9538877657591834
1994,-10000.0,200.0,7,0.9538578802103821
1995,-10000.0,200.0,2,0.9538493416742727
1996,-10000.0,-400.0,1,0.9538450724382374
1997,-10000.0,-400.0,2,0.9538365340302052
1998,-10000.0,-400.0,14,0.9537767675646738
1999,-10000.0,-400.0,1,0.953772498691508
2000,-10000.0,-400.0,2,0.9537639610092097
2001,-10000.0,-10000.0,2,0.9537554234122876
2002,-10000.0,-10000.0,4,0.9537383484745694
2003,-10000.0,-10000.0,5,0.9537170052826485
2004,-10000.0,-10000.0,1,0.9537127367082935
2005,-10000,-10000.0,1,0.9537084681552813
2006,-10000.0,-10000.0,1,0.9537041996236119
2007,-10000.0,-10000.0,1,0.9536999311132851
2008,-10000.0,-10000.0,2,0.9536913941566588
2009,-10000.0,-10000.0,2,0.9536828572854017
2010,-10000.0,-10000.0,2,0.9536743204995128
2011,-10000.0,-10000.0,5,0.9536529789082714
2012,-10000.0,-10000.0,1,0.9536487106540474
2013,-10000.0,-10000.0,3,0.9536359060194226
2014,-10000.0,-10000.0,2,0.9536273697030442
2015,-10000.0,-10000.0,4,0.9536102973263744
2016,-10000.0,-10000.0,5,0.9535889573356923
2017,-10000.0,-10000.0,5,0.9535676178785031
2018,-10000.0,-10000.0,1,0.9535633500510834
2019,50000.0,-6842.105263157895,7,0.953533475856633
2020,50000.0,-4000.0,3,0.9535206729505171
2021,-10000.0,-4285.714285714285,1,0.9535164053578215
2022,50000.0,-1818.1818181818182,7,0.9534865328064066
2023,-10000.0,-2173.913043478261,3,0.9534737306044312
2024,-10000.0,-2500.0,3,0.9534609285944875
2025,-10000.0,-2800.0,3,0.9534481267765724
2026,50000.0,-769.2307692307693,8,0.9534139895342508
2027,-10000.0,-1111.111111111111,4,0.9533969214251418
2028,-10000.0,-1428.5714285714287,2,0.9533883874985972
2029,-10000.0,-1724.1379310344828,1,0.9533841205673271
2030,50000.0,0.0,3,0.9533713199015238
2031,-10000.0,-322.5806451612903,1,0.9533670530555913
2032,50000.0,1250.0,7,0.9533371857314157
2033,-10000.0,909.0909090909091,3,0.9533243857696296
2034,-10000.0,588.2352941176471,1,0.9533201191583673
2035,-10000.0,285.7142857142857,2,0.9533115859998417
2036,-10000.0,0.0,9,0.9532731878424366
2037,-10000.0,-270.27027027027026,5,0.9532518562793862
2038,-10000.0,-526.3157894736842,6,0.9532262591076573
2039,-10000.0,-769.2307692307693,1,0.9532219929870271
2040,-10000.0,-1000.0,5,0.9532006627038321
2041,-10000.0,-1219.5121951219512,6,0.9531750670678875
2042,-10000.0,-1428.5714285714287,3,0.9531622695378631
2043,-10000.0,-1627.906976744186,2,0.9531537379578257
2044,-10000.0,-1818.1818181818182,1,0.9531494721998004
2045,-10000.0,-2000.0,2,0.9531409407477357
2046,50000.0,-869.5652173913044,6,0.9531153469034228
2047,50000.0,212.7659574468085,3,0.9531025502691943
2048,-10000.0,0.0,1,0.9530982847671067
2049,-10000.0,-204.08163265306123,1,0.9530940192863466
2050,50000.0,800.0,10,0.953051365651732
2051,-10000.0,588.2352941176471,2,0.9530428351807279
2052,-10000.0,384.61538461538464,6,0.9530172442795379
2053,-10000.0,188.67924528301887,1,0.9530129792039792
2054,50000.0,1111.111111111111,5,0.9529916541460635
2055,-10000.0,909.0909090909091,1,0.9529873891984552
2056,-10000.0,714.2857142857143,4,0.9529703296212675
2057,-10000.0,526.3157894736842,2,0.9529617999606196
2058,-10000.0,344.82758620689657,3,0.952949005629578
2059,50000.0,1186.4406779661017,14,0.9528893012888602
2060,-10000.0,1000.0,3,0.9528765080452904
2061,-10000.0,819.672131147541,2,0.9528679793228537
2062,-10000.0,645.1612903225806,2,0.9528594506857037
2063,-10000.0,476.1904761904762,3,0.9528466578898896
2064,-10000.0,312.5,8,0.9528125447058422
2065,50000.0,1076.923076923077,13,0.9527571136919638
2066,-10000.0,909.0909090909091,1,0.9527528499170549
2067,-10000.0,746.2686567164179,1,0.9527485861634647
2068,-10000.0,588.2352941176471,4,0.9527315313622899
2069,-10000.0,434.7826086956522,2,0.9527230040896127
2070,-10000.0,285.7142857142857,9,0.9526846324177978
2071,-10000.0,140.8450704225352,5,0.9526633155684491
2072,-10000.0,0.0,4,0.9526462624726693
2073,-10000.0,-136.986301369863,2,0.9526377360526767
2074,-10000.0,-270.27027027027026,2,0.952629209717948
2075,-10000.0,-400.0,2,0.952620683468482
2076,-10000.0,-526.3157894736842,8,0.9525865793232308
2077,-10000.0,-649.3506493506494,1,0.9525823164009914
2078,-10000.0,-769.2307692307693,4,0.9525652649251788
2079,50000.0,-126.58227848101266,2,0.9525567393151576
2080,-10000.0,-250.0,3,0.95254395105998
2081,-10000.0,-370.3703703703704,1,0.9525396883508815
2082,50000.0,243.90243902439025,2,0.9525311629966249
2083,50000.0,843.3734939759037,13,0.9524757502719632
2084,50000.0,1428.5714285714287,3,0.9524629632316121
2085,-10000.0,1294.1176470588234,9,0.9524246032613726
2086,-10000.0,1162.7906976744187,5,0.9524032929126715
2087,50000.0,1724.1379310344828,3,0.9523905069591726
2088,-10000.0,1590.909090909091,6,0.9523649356275358
2089,50000.0,2134.8314606741574,6,0.9523393650630273
2090,50000.0,2666.6666666666665,5,0.9523180568452546
2091,-10000.0,2527.4725274725274,5,0.9522967491601806
2092,-10000.0,2391.304347826087,3,0.952283964804826
2093,-10000.0,2258.064516129032,1,0.9522797033956556
2094,-10000.0,2127.659574468085,4,0.9522626579720426
2095,-10000.0,2000.0,1,0.9522583966694059
2096,-10000.0,1875.0,3,0.9522456128893345
2097,-10000.0,1752.5773195876288,1,0.952241351671923
2098,-10000.0,1632.6530612244899,2,0.9522328293010183
2099,-10000.0,1515.1515151515152,3,0.9522200459044544
2100,-10000.0,1400.0,2,0.9522115237466062
2101,-10000.0,1400.0,9,0.952173175090889
2102,-10000.0,1400.0,5,0.9521518710278135
2103,50000.0,2000.0,4,0.9521348281608222
2104,-10000.0,2000.0,2,0.9521263068551472
2105,-10000.0,2000.0,2,0.9521177856346849
2106,-10000.0,2000.0,2,0.9521092644994342
2107,-10000.0,2000.0,2,0.9521007434493945
2108,50000.0,2600.0,4,0.9520837016049446
2109,-10000.0,2600.0,3,0.9520709204452794
2110,50000.0,3200.0,6,0.9520453587010942
2111,-10000.0,3200.0,5,0.9520240578333886
2112,-10000.0,3200.0,5,0.9520027574981981
2113,-10000.0,3200.0,2,0.951994237513223
2114,-10000.0,3200.0,7,0.9519644182367505
2115,-10000.0,3200.0,2,0.9519558986351662
2116,-10000.0,3200.0,4,0.9519388596875836
2117,-10000.0,3200.0,4,0.9519218210807764
2118,-10000.0,3200.0,5,0.9519005233014728
2119,-10000.0,2600.0,2,0.9518920043388347
2120,-10000.0,2000.0,4,0.9518749666691251
2121,-10000.0,2000.0,1,0.9518707073049402
2122,-10000.0,1400.0,1,0.9518664479620521
2123,-10000.0,1400.0,2,0.9518579293401656
2124,-10000.0,1400.0,5,0.9518366331581354
2125,-10000.0,1400.0,1,0.9518323739856177
2126,-10000.0,800.0,7,0.9518025603742694
2127,-10000.0,800.0,8,0.9517684889532874
2128,50000.0,1400.0,8,0.9517344188951349
2129,-10000.0,1400.0,1,0.9517301602336872
2130,-10000.0,800.0,2,0.9517216429746712
2131,-10000.0,800.0,2,0.9517131258008273
2132,-10000.0,200.0,4,0.9516960917086529
2133,-10000.0,200.0,6,0.9516705412091611
2134,-10000.0,200.0,12,0.9516194425096647
2135,-10000.0,200.0,4,0.9516024102911373
2136,-10000.0,200.0,3,0.9515896363507877
2137,50000.0,800.0,7,0.951559831235108
2138,-10000.0,800.0,2,0.9515513156793735
2139,-10000.0,800.0,2,0.9515428002087941
2140,-10000.0,800.0,4,0.9515257695230974
2141,-10000.0,800.0,9,0.9514874517256258
2142,-10000.0,800.0,3,0.9514746795096417
2143,-10000.0,800.0,1,0.9514704221468876
2144,-10000.0,800.0,1,0.9514661648054202
2145,50000.0,1400.0,2,0.9514576501863453
2146,-10000.0,800.0,1,0.9514533929087376
2147,-10000.0,200.0,2,0.9514448784173811
2148,-10000.0,200.0,6,0.9514193354541749
2149,50000.0,800.0,2,0.9514108213033912
2150,-10000.0,200.0,1,0.9514065642599273
2151,-10000.0,200.0,2,0.9513980502368549
2152,-10000.0,200.0,9,0.9513597381866218
2153,-10000.0,200.0,2,0.9513512246318078
2154,-10000.0,-400.0,3,0.9513384544592148
2155,-10000.0,-400.0,1,0.9513341977775842
2156,-10000.0,-400.0,3,0.9513214278603922
2157,-10000.0,-400.0,2,0.9513129146886796
2158,-10000.0,-400.0,8,0.9512788628531332
2159,-10000.0,-1000.0,3,0.9512660937659588
2160,-10000.0,-1000.0,10,0.9512235315253355
2161,-10000,-1000.0,1,0.9512192754183181
2162,-10000.0,-1000.0,2,0.9512107632681247
2163,-10000.0,-1000.0,2,0.9512022512030525
2164,-10000.0,-1000.0,2,0.9511937392231004
2165,-10000.0,-1600.0,3,0.9511809714127708
2166,-10000.0,-1600.0,4,0.9511639479635776
2167,-10000.0,-1600.0,3,0.9511511806001137
2168,-10000.0,-1600.0,2,0.9511426691308651
2169,-10000.0,-1600.0,17,0.9510703250786546
2170,-10000.0,-1600.0,2,0.9510618144179573
2171,50000.0,-1000.0,2,0.9510533038423661
2172,-10000.0,-1000.0,1,0.951049048586485
2173,-10000.0,-1000.0,1,0.9510447933518802
2174,-10000.0,-1000.0,8,0.9510107522409728
2175,-10000.0,-1000.0,3,0.9509979871754275
2176,-10000.0,-1000.0,9,0.9509596931276272
2177,-10000.0,-1000.0,12,0.9509086370777363
2178,-10000.0,-1000.0,1,0.9509043825451873
2179,-10000.0,-1600.0,3,0.9508916190751754
2180,-10000.0,-1600.0,1,0.9508873646277161
2181,-10000.0,-1600.0,2,0.950878855796614
2182,-10000.0,-2200.0,2,0.9508703470505998
2183,-10000.0,-2800.0,4,0.9508533298138319
2184,-10000.0,-3400.0,3,0.9508405671096051
2185,-10000.0,-3400.0,5,0.9508192963613128
2186,-10000.0,-3400.0,1,0.9508150422754662
2187,-10000.0,-4000.0,1,0.95081078821089
2188,50000.0,-3400.0,3,0.9507980261447826
2189,-10000.0,-4000.0,4,0.9507810103544181
2190,-10000.0,-4600.0,4,0.9507639949043661
2191,-10000.0,-4600.0,6,0.950738472367359
2192,-10000.0,-4600.0,6,0.9507129505960165
2193,-10000.0,-4600.0,4,0.950695936507146
2194,50000.0,-4000.0,4,0.9506789227585539
2195,-10000.0,-4000.0,2,0.9506704160118601
2196,-10000.0,-4000.0,7,0.9506406430683293
2197,-10000.0,-4000.0,2,0.9506321367044305
2198,-10000.0,-4000.0,1,0.9506278835543799
2199,-10000.0,-4000.0,2,0.9506193773180756
2200,50000.0,-3400.0,5,0.9505981120994589
2201,-10000.0,-3400.0,5,0.9505768474124662
2202,-10000.0,-3400.0,5,0.9505555832570839
2203,50000.0,-3400.0,5,0.9505343196332988
2204,-10000.0,-3400.0,1,0.9505300669723323
2205,-10000.0,-3400.0,2,0.950521561714189
2206,50000.0,-2800.0,6,0.9504960464500685
2207,-10000.0,-2800.0,2,0.9504875415321286
2208,-10000.0,-3400.0,1,0.9504832891050521
2209,-10000.0,-3400.0,4,0.9504662796093654
2210,-10000.0,-4000.0,2,0.9504577749890925
2211,50000.0,-3400.0,2,0.9504492704538653
2212,-10000.0,-3400.0,3,0.9504365138104836
2213,-10000.0,-3400.0,1,0.950432261638545
2214,-10000.0,-3400.0,1,0.9504280094878672
2215,-10000.0,-3400.0,2,0.9504195052502935
2216,-10000.0,-3400.0,4,0.9504024970302714
2217,50000.0,-2800.0,10,0.9503599779684052
2218,-10000.0,-2800.0,3,0.9503472226644006
2219,-10000.0,-2800.0,1,0.9503429709389167
2220,-10000.0,-2800.0,2,0.9503344675517243
2221,-10000.0,-2800.0,6,0.9503089579003444
2222,-10000.0,-2800.0,3,0.9502962033616352
2223,-10000.0,-2800.0,4,0.950279197607626
2224,50000.0,-2200.0,2,0.9502706948581638
2225,50000.0,-1600.0,5,0.9502494383564998
2226,-10000.0,-1600.0,2,0.9502409359046285
2227,-10000.0,-1600.0,3,0.9502281823862416
2228,-10000.0,-2200.0,1,0.9502239312559575
2229,-10000.0,-2200.0,1,0.950219680146929
2230,-10000.0,-2200.0,5,0.9501984249206168
2231,-10000.0,-2200.0,1,0.9501941739391196
2232,-10000.0,-2200.0,2,0.9501856720398898
2233,-10000.0,-2200.0,2,0.9501771702256786
2234,-10000.0,-2200.0,14,0.9501176599066482
2235,-10000.0,-2200.0,4,0.9501006577234725
2236,50000.0,-1600.0,3,0.9500879063092424
2237,-10000.0,-2200.0,2,0.9500794054726837
2238,-10000.0,-2200.0,1,0.9500751550862823
2239,-10000.0,-2200.0,3,0.950062404054589
2240,-10000.0,-2200.0,2,0.9500539034730514
2241,-10000.0,-2200.0,5,0.9500326523911041
2242,50000.0,-1600.0,2,0.9500241521070818
2243,-10000.0,-1600.0,2,0.9500156519080617
2244,-10000.0,-1600.0,3,0.9500029017689094
2245,-10000.0,-2200.0,2,0.9499944017823917
2246,-10000.0,-2200.0,5,0.9499731521879682
2247,-10000.0,-2200.0,4,0.9499561528949179
2248,50000.0,-1600.0,9,0.9499179057286053
2249,-10000.0,-2200.0,4,0.9499009075404732
2250,-10000.0,-2200.0,3,0.9498881591224735
2251,-10000.0,-2200.0,1,0.9498839096923015
2252,50000.0,-1600.0,8,0.9498499150158118
2253,50000.0,-1000.0,2,0.949841416559154
2254,-10000.0,-1000.0,2,0.9498329181874804
2255,-10000.0,-1000.0,6,0.9498074235823557
2256,-10000.0,-1000.0,5,0.9497861786623288
2257,-10000.0,-1000.0,9,0.9497479391446846
2258,-10000.0,-1000.0,3,0.9497351930211936
2259,-10000.0,-1000.0,1,0.9497309443558501
2260,-10000.0,-1000.0,1,0.94972669571175
2261,-10000.0,-1000.0,11,0.9496799620286739
2262,50000.0,-400.0,3,0.949667216924832
2263,-10000.0,-400.0,2,0.949658720295146
2264,-10000.0,-400.0,6,0.9496332309158797
2265,-10000.0,-400.0,3,0.9496204865129992
2266,50000.0,200.0,12,0.9495695108130948
2267,-10000.0,200.0,1,0.9495652629761603
2268,-10000.0,200.0,5,0.9495440241100728
2269,-10000.0,200.0,4,0.9495270333994983
2270,-10000.0,200.0,2,0.9495185381716404
2271,50000.0,200.0,7,0.9494888055431285
2272,-10000.0,200.0,4,0.9494718159369142
2273,-10000.0,200.0,2,0.9494633212612283
2274,-10000.0,200.0,6,0.9494378377438452
2275,-10000.0,200.0,1,0.9494335905652744
2276,-10000.0,200.0,1,0.9494293434079395
2277,-10000.0,200.0,3,0.9494166020633488
2278,50000.0,800.0,4,0.9493996139011897
2279,-10000.0,800.0,5,0.9493783791762773
2280,50000.0,1400.0,5,0.9493571449822263
2281,-10000.0,1400.0,3,0.9493444047206039
2282,-10000.0,1400.0,6,0.9493189247706635
2283,-10000.0,1400.0,3,0.9493061850823398
2284,-10000.0,1400.0,3,0.94929344558511
2285,-10000.0,1400.0,2,0.9492849526931186
2286,-10000.0,1400.0,4,0.9492679671639206
2287,-10000.0,1400.0,5,0.9492467357301355
2288,50000.0,1400.0,12,0.9491957824546053
2289,-10000.0,1400.0,3,0.9491830446134026
2290,-10000.0,1400.0,3,0.949170306963266
2291,-10000.0,1400.0,6,0.94914483223618
2292,-10000.0,1400.0,7,0.9491151126871468
2293,-10000.0,1400.0,8,0.9490811487619223
2294,-10000.0,800.0,2,0.9490726579928885
2295,-10000.0,800.0,1,0.949068412640212
2296,-10000.0,800.0,1,0.9490641673087622
2297,-10000.0,800.0,1,0.949059921998539
2298,50000.0,1400.0,4,0.9490429409699098
2299,-10000.0,1400.0,4,0.9490259602808979
2300,-10000.0,800.0,6,0.9490004898841473
2301,50000.0,1400.0,12,0.9489495513829246
2302,-10000.0,1400.0,1,0.9489453066457795
2303,-10000.0,800.0,5,0.9489240832784066
2304,-10000.0,800.0,2,0.9489155940800198
2305,-10000.0,800.0,1,0.9489113495126609
2306,-10000.0,200.0,1,0.9489071049665246
2307,-10000.0,200.0,1,0.9489028604416111
2308,50000.0,800.0,7,0.9488731493614426
2309,-10000.0,800.0,2,0.9488646606723925
2310,50000.0,1400.0,12,0.9488137303206781
2311,-10000.0,800.0,2,0.9488052422258153
2312,-10000.0,800.0,3,0.9487925102426721
2313,-10000.0,800.0,5,0.9487712906951614
2314,-10000.0,800.0,6,0.9487458279383839
2315,-10000.0,800.0,1,0.9487415842198536
2316,-10000.0,800.0,2,0.9487330968464482
2317,-10000.0,200.0,3,0.9487203659454775
2318,-10000.0,200.0,1,0.9487161223542567
2319,50000.0,800.0,2,0.948707635235469
2320,-10000.0,800.0,2,0.9486991482015518
2321,-10000.0,800.0,3,0.9486864178098069
2322,-10000.0,800.0,2,0.9486779309880631
2323,-10000.0,800.0,5,0.948656714304998
2324,-10000.0,200.0,1,0.9486524710320346
2325,-10000.0,-400.0,1,0.9486482277802877
2326,-10000.0,-400.0,4,0.9486312549854605
2327,-10000.0,-400.0,4,0.948614282530086
2328,-10000.0,-400.0,2,0.9486057964296912
2329,-10000.0,-400.0,3,0.9485930674382125
2330,-10000.0,-400.0,2,0.9485845815499676
2331,-10000.0,-400.0,6,0.9485591243943803
2332,-10000.0,-400.0,2,0.9485506388455642
2333,-10000.0,-400.0,6,0.9485251827082427
2334,-10000.0,-400.0,7,0.9484954848465637
2335,-10000.0,-400.0,3,0.9484827575097462
2336,-10000.0,-1000.0,10,0.9484403344324565
2337,-10000.0,-1000.0,1,0.9484360922413897
2338,-10000.0,-1000.0,1,0.948431850071534
2339,-10000.0,-1000.0,2,0.9484233657954547
2340,50000.0,-400.0,4,0.9484063974978224
2341,50000.0,200.0,4,0.9483894295395525
2342,-10000.0,-400.0,3,0.9483767037935528
2343,-10000.0,-400.0,5,0.9483554946410735
2344,-10000.0,-400.0,2,0.9483470111285447
2345,50000.0,200.0,9,0.9483088363719824
2346,50000.0,800.0,4,0.9482918703649156
2347,-10000.0,800.0,2,0.9482833874886264
2348,-10000.0,200.0,1,0.9482791460822925
2349,-10000.0,200.0,1,0.9482749046971656
2350,-10000.0,200.0,2,0.9482664219905321
2351,-10000.0,200.0,1,0.9482621806690256
2352,-10000.0,-400.0,6,0.9482367331853195
2353,-10000.0,-1000.0,4,0.9482197686203021
2354,-10000.0,-1000.0,6,0.9481943224089385
2355,-10000.0,-1000.0,3,0.9481815995895239
2356,50000.0,-400.0,10,0.9481391915697537
2357,-10000.0,-400.0,3,0.9481264695772953
2358,-10000.0,-400.0,3,0.9481137477756654
2359,-10000.0,-400.0,14,0.9480543818911513
2360,-10000.0,-400.0,3,0.9480416611708287
2361,-10000.0,-400.0,4,0.9480247005072123
2362,50000.0,-400.0,5,0.9480035001547052
2363,-10000.0,-400.0,7,0.9479738205515958
2364,-10000.0,-400.0,3,0.9479611010396842
2365,-10000,-400.0,1,0.9479568612447785
2366,-10000.0,-1000.0,1,0.9479526214710716
2367,50000.0,-400.0,6,0.9479271832740025
2368,-10000.0,-400.0,3,0.9479144644616446
2369,-10000.0,-400.0,4,0.9478975063419371
2370,-10000.0,-400.0,4,0.9478805485613887
2371,-10000.0,-1000.0,1,0.9478763091692444
2372,-10000.0,-1000.0,1,0.947872069798297
2373,50000.0,-400.0,4,0.9478551125264743
2374,50000.0,200.0,3,0.9478423947951696
2375,-10000.0,200.0,3,0.9478296772546295
2376,-10000.0,200.0,2,0.9478211990002483
2377,-10000.0,200.0,9,0.9477830479046994
2378,-10000.0,-400.0,2,0.9477745701166093
2379,-10000.0,-400.0,4,0.9477576147947607
2380,50000.0,-400.0,11,0.947710989408157
2381,50000.0,200.0,3,0.9476982738386828
2382,-10000.0,200.0,3,0.9476855584599407
2383,-10000.0,200.0,2,0.9476770816467404
2384,-10000.0,200.0,2,0.9476686049183076
2385,-10000.0,200.0,2,0.9476601282746417
2386,-10000.0,200.0,2,0.9476516517157418
2387,-10000.0,200.0,2,0.9476431752416071
2388,-10000.0,-400.0,2,0.9476346988522367
2389,50000.0,200.0,4,0.9476177463277855
2390,-10000.0,200.0,2,0.947609270192703
2391,-10000.0,200.0,2,0.9476007941423814
2392,-10000.0,200.0,2,0.9475923181768199
2393,-10000.0,200.0,6,0.9475668907886873
2394,-10000.0,200.0,1,0.9475626529648279
2395,-10000.0,200.0,4,0.94754570188128
2396,-10000.0,200.0,12,0.947494850664719
2397,50000.0,800.0,6,0.9474694262005678
2398,50000.0,800.0,5,0.9474482397297448
2399,50000.0,1400.0,9,0.9474101054169854
2400,-10000.0,1400.0,6,0.9473846834951536
2401,-10000.0,800.0,2,0.9473762096906878
2402,-10000.0,800.0,2,0.9473677359709595
2403,-10000.0,800.0,2,0.9473592623359681
2404,50000.0,1400.0,8,0.9473253686433529
2405,-10000.0,1400.0,6,0.9472999492635863
2406,-10000.0,1400.0,3,0.9472872398596681
2407,-10000.0,1400.0,3,0.9472745306463896
2408,50000.0,1400.0,3,0.9472618216237477
2409,-10000.0,1400.0,1,0.9472575853252304
2410,-10000.0,800.0,4,0.9472406403429743
2411,-10000.0,800.0,6,0.9472152235050185
2412,-10000.0,800.0,1,0.9472109874394912
2413,-10000.0,800.0,4,0.9471940433891834
2414,-10000.0,800.0,2,0.947185571491109
2415,50000.0,1400.0,5,0.9471643921165651
2416,-10000.0,1400.0,3,0.9471516847459888
2417,-10000.0,1400.0,5,0.9471305062186028
2418,-10000.0,1400.0,1,0.9471262705766609
2419,-10000.0,800.0,8,0.9470923862035299
2420,50000.0,1400.0,7,0.9470627384888508
2421,-10000.0,1400.0,1,0.9470585031857466
2422,-10000.0,1400.0,6,0.9470330918118235
2423,-10000.0,1400.0,3,0.947020386410737
2424,-10000.0,1400.0,1,0.9470161513193928
2425,-10000.0,1400.0,1,0.9470119162492239
2426,-10000.0,1400.0,2,0.9470034461724118
2427,50000.0,2000.0,6,0.9469780364501743
2428,-10000.0,2000.0,3,0.9469653318749122
2429,50000.0,2600.0,5,0.9469441580062898
2430,50000.0,3200.0,7,0.9469145154795068
2431,-10000.0,3200.0,2,0.9469060463766976
2432,-10000.0,3200.0,2,0.9468975773585789
2433,-10000.0,3200.0,3,0.946884873990194
2434,-10000.0,3200.0,1,0.9468806395764101
2435,-10000.0,3200.0,4,0.9468637021329936
2436,-10000.0,3200.0,1,0.9468594678250688
2437,50000.0,3800.0,11,0.9468128918351899
2438,-10000.0,3800.0,2,0.9468044237486121
2439,-10000.0,3800.0,4,0.9467874878294968
2440,-10000.0,3200.0,4,0.9467705522490966
2441,-10000.0,2600.0,2,0.9467620845859124
2442,-10000.0,2600.0,2,0.9467536170074046
2443,-10000.0,2600.0,3,0.9467409157984087
2444,-10000.0,2600.0,2,0.9467324484315877
2445,-10000.0,2000.0,3,0.9467197475401181
2446,-10000.0,1400.0,4,0.9467028133145102
2447,-10000,1400.0,1,0.9466985798110273
2448,-10000.0,1400.0,4,0.9466816460087697
2449,50000.0,2000.0,5,0.9466604792322053
2450,-10000.0,2000.0,2,0.9466520126697459
2451,-10000.0,2000.0,4,0.9466350797988218
2452,-10000.0,2000.0,1,0.9466308466340057
2453,-10000.0,2000.0,3,0.9466181472665517
2454,-10000.0,2000.0,5,0.9465969820774359
2455,-10000.0,2000.0,2,0.9465885161499449
2456,50000.0,2000.0,4,0.9465715845489384
2457,-10000.0,2000.0,11,0.9465250243922043
2458,50000.0,2600.0,7,0.9464953965348412
2459,-10000.0,2600.0,1,0.9464911640684396
2460,-10000.0,2600.0,2,0.9464826991991233
2461,50000.0,3200.0,6,0.9464573050990608
2462,-10000.0,2600.0,2,0.9464488405683326
2463,50000.0,3200.0,7,0.9464192153773564
2464,-10000.0,3200.0,3,0.9464065191843475
2465,-10000.0,3200.0,6,0.9463811273696511
2466,-10000.0,3200.0,4,0.9463641999163788
2467,-10000.0,2600.0,2,0.9463557363166977
2468,-10000.0,2600.0,7,0.9463261143843135
2469,50000.0,3200.0,8,0.94629226201679
2470,-10000.0,3200.0,3,0.9462795677280671
2471,50000.0,3800.0,4,0.9462626423059673
2472,50000.0,4400.0,5,0.9462414860043645
2473,-10000.0,3800.0,2,0.9462330236318165
2474,-10000.0,3200.0,2,0.9462245613438917
2475,-10000.0,3200.0,10,0.9461822511735876
2476,-10000.0,3200.0,8,0.9461484045604773
2477,50000.0,3800.0,2,0.9461399431187391
2478,-10000.0,3800.0,1,0.9461357124296002
2479,-10000.0,3800.0,3,0.9461230204891035
2480,-10000.0,3200.0,13,0.9460680242801679
2481,-10000.0,2600.0,3,0.9460553333549858
2482,-10000.0,2600.0,4,0.9460384124175287
2483,-10000.0,2600.0,3,0.9460257219365212
2484,-10000.0,2600.0,3,0.9460130316458697
2485,-10000.0,2600.0,2,0.9460045715578537
2486,-10000.0,2600.0,4,0.9459876516356224
2487,-10000.0,2600.0,1,0.945983421707939
2488,-10000.0,2600.0,1,0.9459791918014052
2489,-10000.0,2000.0,6,0.945953812806338
2490,50000.0,2600.0,6,0.9459284345726292
2491,-10000.0,2600.0,3,0.9459157457412771
2492,-10000.0,2600.0,15,0.945852304439425
2493,-10000.0,2600.0,4,0.9458353875625055
2494,-10000,2600.0,1,0.9458311583961407
2495,50000.0,3200.0,9,0.9457930968504041
2496,-10000.0,3200.0,8,0.9457592658031555
2497,-10000.0,2600.0,3,0.945746579509316
2498,-10000.0,2000.0,3,0.9457338934057693
2499,-10000.0,1400.0,2,0.9457254361091217
2500,-10000.0,1400.0,9,0.9456873793207811
2501,-10000.0,1400.0,3,0.9456746941052306
2502,-10000.0,1400.0,1,0.9456704657423309
2503,-10000.0,1400.0,2,0.9456620090799569
2504,-10000.0,800.0,5,0.9456408677939971
2505,-10000.0,800.0,2,0.9456324114276011
2506,-10000.0,800.0,2,0.9456239551457682
2507,50000.0,1400.0,4,0.945607042835789
2508,-10000.0,800.0,1,0.9456028148111449
2509,-10000.0,800.0,2,0.9455943588252768
2510,-10000.0,800.0,7,0.9455647635406385
2511,-10000.0,800.0,1,0.9455605357273903
2512,-10000.0,800.0,1,0.9455563079352811
2513,-10000.0,800.0,6,0.9455309416265396
2514,-10000.0,800.0,5,0.9455098036172251
2515,-10000.0,200.0,1,0.9455055760787758
2516,-10000.0,200.0,1,0.9455013485614644
2517,-10000.0,200.0,10,0.9454590745508954
2518,-10000.0,200.0,2,0.9454506200024226
2519,-10000.0,200.0,1,0.9454463927598907
2520,50000.0,200.0,4,0.9454294840011237
2521,-10000.0,200.0,1,0.9454252568642715
2522,-10000.0,200.0,2,0.945416802653974
2523,-10000.0,200.0,8,0.9453829866581922
2524,-10000.0,200.0,2,0.9453745328705947
2525,-10000.0,200.0,8,0.9453407185655704
2526,-10000.0,200.0,3,0.9453280385498923
2527,-10000.0,-400.0,2,0.9453195853117732
2528,-10000.0,-400.0,1,0.9453153587244131
2529,-10000.0,-1000.0,1,0.9453111321581859
2530,50000.0,-1000.0,6,0.9452857732046073
2531,-10000.0,-1000.0,3,0.9452730940131033
2532,-10000.0,-1000.0,2,0.9452646413244268
2533,-10000.0,-1000.0,6,0.9452392837655523
2534,50000.0,-400.0,3,0.9452266052713848
2535,50000.0,200.0,3,0.9452139269673933
2536,-10000.0,200.0,4,0.9451970228578955
2537,-10000.0,-400.0,1,0.9451927968833462
2538,-10000.0,-400.0,1,0.9451885709299267
2539,-10000.0,-400.0,2,0.9451801190864767
2540,-10000.0,-400.0,4,0.9451632156531298
2541,-10000.0,-400.0,9,0.9451251841641404
2542,-10000.0,-400.0,1,0.9451209585487836
2543,-10000.0,-400.0,1,0.9451167329545548
2544,-10000.0,-400.0,11,0.945070252812458
2545,-10000.0,-400.0,2,0.9450618021521833
2546,-10000.0,-400.0,1,0.9450575768537357
2547,50000.0,200.0,5,0.9450364506783926
2548,-10000.0,200.0,6,0.9450110999651349
2549,-10000.0,-400.0,2,0.9450026498963857
2550,50000.0,200.0,5,0.9449815250941994
2551,50000.0,800.0,4,0.9449646256326927
2552,-10000.0,800.0,16,0.9448970311664567
2553,-10000.0,800.0,14,0.9448378904442246
2554,-10000.0,800.0,3,0.9448252179709117
2555,-10000.0,800.0,7,0.944795649605732
2556,-10000.0,200.0,3,0.944782977766027
2557,-10000.0,200.0,3,0.9447703061163982
2558,-10000.0,-400.0,2,0.9447618584555754
2559,-10000.0,-400.0,4,0.9447449633873575
2560,-10000.0,-400.0,2,0.9447365159799607
2561,-10000.0,-1000.0,1,0.94473229230794
2562,50000.0,-400.0,4,0.9447153978310392
2563,-10000.0,-1000.0,2,0.9447069507192966
2564,-10000.0,-1000.0,6,0.9446816098908893
2565,-10000.0,-1000.0,1,0.9446773864933984
2566,50000.0,-400.0,7,0.9446478233022298
2567,-10000.0,-400.0,4,0.9446309305146923
2568,-10000.0,-400.0,2,0.9446224842476185
2569,-10000.0,-1000.0,8,0.9445887000239376
2570,-10000.0,-1000.0,8,0.9445549171515987
2571,-10000.0,-1600.0,1,0.9445506943875698
2572,-10000.0,-2200.0,3,0.9445380262221655
2573,-10000.0,-2200.0,2,0.94452958088413
2574,50000.0,-1600.0,10,0.9444873554607301
2575,-10000.0,-1600.0,1,0.9444831330345089
2576,-10000.0,-1600.0,4,0.9444662435407437
2577,50000.0,-1600.0,8,0.9444324655665661
2578,-10000.0,-1600.0,1,0.9444282434147937
2579,50000.0,-1000.0,12,0.9443775792401292
2580,-10000.0,-1000.0,3,0.9443649136714326
2581,-10000.0,-1000.0,1,0.9443606918574189
2582,-10000.0,-1000.0,3,0.9443480265420311
2583,-10000.0,-1000.0,8,0.9443142532964388
2584,-10000.0,-1000.0,2,0.9443058101961215
2585,-10000.0,-1000.0,1,0.9443015886776243
2586,-10000.0,-1000.0,2,0.9442931457039524
2587,-10000.0,-1000.0,2,0.9442847028147098
2588,-10000.0,-1000.0,2,0.9442762600098957
2589,-10000.0,-1000.0,1,0.9442720386391492
2590,-10000.0,-1600.0,4,0.9442551533672298
2591,-10000.0,-1600.0,3,0.9442424896349074
2592,50000.0,-1000.0,8,0.944208720610707
2593,-10000.0,-1000.0,6,0.9441833947289788
2594,-10000.0,-1000.0,3,0.944170732073028
2595,50000.0,-1000.0,8,0.9441369659190727
2596,-10000.0,-1000.0,1,0.9441327452447947
2597,-10000.0,-1000.0,2,0.9441243039595488
2598,-10000.0,-1000.0,3,0.944111642189953
2599,50000.0,-400.0,4,0.9440947601259303
2600,-10000.0,-400.0,2,0.9440863192205337
2601,-10000.0,-400.0,2,0.9440778783995456
2602,50000.0,200.0,7,0.9440483361907933
2603,-10000.0,200.0,1,0.944044115959663
2604,-10000.0,200.0,3,0.944031455392878
2605,-10000.0,200.0,3,0.9440187950160003
2606,-10000.0,200.0,4,0.9440019148089026
2607,-10000.0,-400.0,4,0.9439850349394056
2608,-10000.0,-400.0,2,0.9439765951312553
2609,50000.0,200.0,5,0.9439554959801175
2610,-10000.0,200.0,7,0.9439259580546749
2611,-10000.0,200.0,1,0.9439217384354337
2612,-10000.0,200.0,1,0.9439175188372906
2613,-10000.0,200.0,11,0.9438711046501563
2614,-10000.0,200.0,6,0.9438457888967551
2615,-10000.0,200.0,3,0.9438331313048538
2616,-10000.0,200.0,3,0.943820473902815
2617,-10000.0,200.0,1,0.9438162548109932
2618,-10000.0,200.0,2,0.9438078166906357
2619,-10000.0,200.0,8,0.9437740650530054
2620,-10000.0,-400.0,4,0.943757189740458
2621,-10000.0,-400.0,3,0.9437445334775341
2622,-10000.0,-400.0,3,0.9437318774044527
2623,-10000.0,-400.0,9,0.9436939103242352
2624,-10000.0,-400.0,3,0.9436812550104955
2625,50000.0,200.0,11,0.9436348538175144
2626,-10000.0,200.0,5,0.9436137632098026
2627,-10000.0,200.0,5,0.9435926731293495
2628,-10000.0,200.0,3,0.9435800193341563
2629,-10000.0,200.0,2,0.9435715835761418
2630,-10000.0,-400.0,4,0.9435547123131834
2631,-10000.0,-400.0,3,0.9435420590873982
2632,-10000.0,-400.0,1,0.9435378413876471
2633,50000.0,200.0,10,0.9434956655499823
2634,-10000.0,-400.0,2,0.9434872306355014
2635,-10000,-1000.0,1,0.9434830132098919
2636,-10000.0,-1000.0,2,0.9434745784219338
2637,-10000.0,-1000.0,4,0.9434577090990591
2638,-10000.0,-1000.0,2,0.943449274564141
2639,-10000.0,-1000.0,2,0.9434408401135675
2640,-10000.0,-1000.0,6,0.9434155372679087
2641,-10000.0,-1000.0,1,0.9434113202007651
2642,-10000.0,-1000.0,2,0.9434028861297336
2643,50000.0,-400.0,5,0.9433818013211415
2644,-10000,-400.0,1,0.9433775844226772
2645,-10000.0,-400.0,2,0.9433691506890016
2646,-10000.0,-400.0,2,0.9433607170396631
2647,-10000.0,-1000.0,1,0.9433565002466199
2648,-10000.0,-1000.0,2,0.943348066723785
2649,50000.0,-400.0,9,0.9433101169146597
2650,-10000.0,-1000.0,1,0.9433059003746165
2651,-10000.0,-1600.0,4,0.943289034425269
2652,-10000.0,-1600.0,1,0.943284817990638
2653,-10000.0,-1600.0,6,0.9432595198255725
2654,-10000.0,-1600.0,2,0.9432510872725373
2655,-10000.0,-1600.0,18,0.9431751980897471
2656,-10000.0,-1600.0,6,0.9431499032132294
2657,-10000.0,-1600.0,9,0.9431119623212614
2658,-10000.0,-1600.0,3,0.9430993157366762
2659,-10000.0,-1600.0,2,0.9430908847856736
2660,-10000.0,-1600.0,2,0.9430824539189802
2661,-10000.0,-1600.0,3,0.9430698077770177
2662,-10000.0,-2200.0,1,0.9430655924385172
2663,50000.0,-1600.0,12,0.9430150100204585
2664,50000.0,-1000.0,7,0.9429855050114485
2665,-10000.0,-1000.0,4,0.9429686454699443
2666,-10000.0,-1600.0,3,0.9429560010350957
2667,50000.0,-1000.0,4,0.9429391420836651
2668,-10000.0,-1000.0,2,0.942930712734391
2669,-10000.0,-1000.0,2,0.9429222834694101
2670,-10000.0,-1000.0,2,0.9429138542887213
2671,-10000.0,-1000.0,5,0.9428927817057726
2672,-10000.0,-1000.0,3,0.942880138408872
2673,50000.0,-400.0,2,0.9428717096496317
2674,-10000.0,-1000.0,3,0.9428590666688095
2675,-10000.0,-1000.0,3,0.9428464238776306
2676,-10000.0,-1000.0,4,0.9428295671177214
2677,-10000.0,-1600.0,4,0.9428127106949438
2678,-10000.0,-1600.0,4,0.9427958546092913
2679,-10000.0,-2200.0,11,0.9427495021119932
2680,-10000.0,-2200.0,3,0.9427368609642702
2681,-10000.0,-2200.0,4,0.9427200063955972
2682,-10000.0,-2200.0,2,0.9427115792376691
2683,-10000.0,-2200.0,5,0.9426905117115334
2684,-10000.0,-2200.0,7,0.9426610180597653
2685,-10000.0,-2200.0,1,0.9426568047652083
2686,-10000.0,-2200.0,3,0.9426441650079352
2687,-10000.0,-2200.0,5,0.9426230991671342
2688,50000.0,-1600.0,5,0.9426020338529725
2689,-10000.0,-1600.0,2,0.942593607874764
2690,50000.0,-1000.0,9,0.9425556920155228
2691,-10000.0,-1000.0,3,0.9425430537749296
2692,50000.0,-1000.0,8,0.9425093527268041
2693,-10000.0,-1000.0,2,0.9425009276754021
2694,-10000.0,-1000.0,1,0.942496715181295
2695,-10000.0,-1600.0,3,0.9424840778253477
2696,-10000.0,-1600.0,2,0.9424756530266934
2697,-10000.0,-1600.0,3,0.9424630159866761
2698,50000.0,-1000.0,4,0.9424461668948478
2699,-10000.0,-1600.0,4,0.9424293181399981
2700,-10000.0,-1600.0,2,0.942420893888938
2701,-10000.0,-1600.0,3,0.9424082576703016
2702,-10000.0,-2200.0,14,0.9423492911561168
2703,-10000.0,-2200.0,1,0.9423450794201903
2704,-10000.0,-2200.0,10,0.9423029632191331
2705,-10000.0,-2200.0,5,0.9422819059082701
2706,-10000.0,-2200.0,5,0.9422608491238332
2707,-10000.0,-2200.0,3,0.9422482153058503
2708,-10000.0,-2200.0,1,0.9422440040753018
2709,-10000.0,-2800.0,5,0.942222948238399
2710,-10000.0,-2800.0,6,0.9421976819289484
2711,-10000.0,-2800.0,3,0.9421850490584662
2712,-10000.0,-2800.0,1,0.9421808381437482
2713,-10000.0,-2800.0,3,0.942168205525921
2714,-10000.0,-2800.0,2,0.942159783885974
2715,50000.0,-2200.0,5,0.9421387301545495
2716,-10000.0,-2200.0,2,0.9421303088093548
2717,-10000.0,-2200.0,4,0.9421134663716036
2718,-10000.0,-2200.0,3,0.9421008347643454
2719,-10000.0,-2200.0,3,0.9420882033465597
2720,-10000.0,-2200.0,3,0.9420755721182439
2721,-10000.0,-2200.0,2,0.9420671514046264
2722,50000.0,-1600.0,4,0.9420503102300106
2723,-10000.0,-1600.0,6,0.9420250490996226
2724,-10000.0,-1600.0,2,0.9420166288912327
2725,50000.0,-1600.0,6,0.9419913687712695
2726,-10000.0,-1600.0,3,0.9419787389954616
2727,-10000.0,-1600.0,2,0.9419703192501704
2728,50000.0,-1000.0,11,0.9419240121560685
2729,-10000.0,-1000.0,3,0.9419113833906021
2730,-10000.0,-1000.0,4,0.9418945453313154
2731,-10000.0,-1000.0,2,0.9418861264279567
2732,50000.0,-400.0,6,0.9418608702230089
2733,-10000.0,-1000.0,8,0.9418271964616796
2734,-10000.0,-1000.0,1,0.9418229873362202
2735,-10000.0,-1000.0,3,0.9418103600861147
2736,-10000.0,-1000.0,4,0.9417935240472739
2737,-10000.0,-1000.0,2,0.941785106154123
2738,-10000.0,-1000.0,3,0.9417724794722311
2739,-10000.0,-1000.0,3,0.9417598529797379
2740,-10000.0,-1000.0,1,0.941755644190995
2741,-10000.0,-1000.0,2,0.9417472266766407
2742,-10000.0,-1000.0,2,0.9417388092464611
2743,50000.0,-1000.0,9,0.9417009318522928
2744,-10000.0,-1000.0,2,0.9416925148850592
2745,-10000.0,-1000.0,2,0.9416840980019948
2746,-10000.0,-1000.0,5,0.941663056162569
2747,-10000.0,-1000.0,4,0.9416462230697772
2748,-10000.0,-1000.0,3,0.9416335984711158
2749,-10000.0,-1600.0,5,0.9416125578941623
2750,-10000.0,-1600.0,1,0.941608349841893
2751,-10000.0,-1600.0,3,0.9415957258113258
2752,-10000.0,-1600.0,6,0.9415704783182658
2753,-10000.0,-1600.0,1,0.9415662704763939
2754,-10000.0,-1600.0,1,0.941562062655561
2755,-10000.0,-1600.0,4,0.9415452315826193
2756,-10000.0,-1600.0,1,0.9415410238669806
2757,-10000.0,-1600.0,3,0.9415284008462955
2758,-10000.0,-1600.0,16,0.9414610812670468
2759,-10000.0,-1600.0,4,0.9414442522137126
2760,-10000.0,-1600.0,4,0.9414274234969561
2761,-10000.0,-1600.0,4,0.9414105951167704
2762,-10000.0,-1600.0,3,0.9413979740525019
2763,-10000.0,-2200.0,5,0.9413769393660852
2764,-10000.0,-2800.0,3,0.9413643188066493
2765,-10000.0,-2800.0,5,0.9413432849616032
2766,-10000.0,-2800.0,4,0.9413264582641715
2767,-10000.0,-3400.0,3,0.9413138384619463
2768,-10000.0,-3400.0,3,0.9413012188490167
2769,-10000.0,-3400.0,5,0.9412801865814499
2770,-10000.0,-3400.0,4,0.9412633611459732
2771,-10000.0,-3400.0,1,0.9412591548396833
2772,-10000.0,-3400.0,1,0.9412549485544247
2773,-10000.0,-4000.0,6,0.941229711284529
2774,-10000,-4000.0,1,0.941225505146488
2775,-10000.0,-4000.0,9,0.9411876508504845
2776,-10000.0,-4000.0,2,0.9411792390160352
2777,50000.0,-3400.0,12,0.9411287697757866
2778,-10000.0,-3400.0,1,0.9411245641424518
2779,-10000.0,-3400.0,3,0.9411119473686157
2780,-10000.0,-3400.0,1,0.9411077418193928
2781,50000.0,-2800.0,8,0.9410740981825972
2782,-10000.0,-2800.0,2,0.941065687483669
2783,-10000.0,-2800.0,4,0.9410488663381313
2784,-10000.0,-2800.0,7,0.9410194301429459
2785,-10000.0,-2800.0,2,0.9410110199906953
2786,-10000.0,-2800.0,2,0.9410026099225457
2787,-10000.0,-2800.0,4,0.9409857900385468
2788,-10000.0,-3400.0,9,0.9409479465294803
2789,50000.0,-2800.0,6,0.9409227184695073
2790,50000.0,-2800.0,10,0.9408806733847197
2791,-10000.0,-2800.0,2,0.9408722646200297
2792,50000.0,-2800.0,10,0.9408302220578716
2793,-10000.0,-2800.0,7,0.9408007935151019
2794,-10000.0,-2800.0,5,0.9407797737580121
2795,-10000.0,-2800.0,2,0.9407713660023134
2796,-10000.0,-2800.0,4,0.9407545507431465
2797,50000.0,-2200.0,6,0.94072932848496
2798,-10000.0,-2800.0,3,0.9407167176396143
2799,-10000.0,-2800.0,3,0.9407041069834299
2800,-10000.0,-2800.0,6,0.9406788862385335
2801,-10000.0,-2800.0,1,0.9406746828546106
2802,-10000.0,-2800.0,3,0.9406620728289433
2803,-10000.0,-2800.0,2,0.9406536662502479
2804,50000.0,-2200.0,6,0.9406284470185508
2805,-10000,-2200.0,1,0.9406242438868236
2806,50000.0,-1600.0,7,0.9405948225531638
2807,50000.0,-1000.0,4,0.9405780108248306
2808,-10000.0,-1000.0,9,0.940540185665416
2809,50000.0,-400.0,5,0.9405191724234411
2810,-10000.0,-400.0,1,0.9405149698380855
2811,-10000.0,-400.0,1,0.9405107672737426
2812,-10000.0,-400.0,1,0.9405065647304126
2813,-10000.0,-400.0,1,0.9405023622080952
2814,-10000.0,-400.0,9,0.9404645404527918
2815,-10000.0,-1000.0,3,0.9404519335792367
2816,50000.0,-400.0,7,0.9404225182763323
2817,-10000.0,-400.0,2,0.9404141140931706
2818,-10000.0,-400.0,1,0.9404099120331052
2819,-10000.0,-400.0,4,0.9403931040029454
2820,-10000.0,-400.0,5,0.940372094437966
2821,-10000.0,-400.0,2,0.94036369075904
2822,50000.0,-400.0,4,0.9403468836532966
2823,-10000.0,-400.0,2,0.9403384802264773
2824,-10000.0,-400.0,1,0.9403342785445803
2825,-10000.0,-1000.0,4,0.9403174720270752
2826,-10000.0,-1000.0,2,0.9403090688943705
2827,-10000.0,-1000.0,3,0.9402964643528714
2828,-10000.0,-1600.0,2,0.9402880614302426
2829,-10000.0,-1600.0,4,0.9402712558370705
2830,-10000.0,-1600.0,3,0.9402586518627629
2831,50000.0,-1000.0,9,0.9402208410741782
2832,-10000.0,-1600.0,1,0.9402166399804757
2833,-10000.0,-1600.0,16,0.9401494253378988
2834,-10000.0,-1600.0,5,0.9401284218648098
2835,-10000.0,-1600.0,2,0.9401200206225975
2836,-10000.0,-1600.0,1,0.9401158200329959
2837,-10000.0,-1600.0,7,0.9400864164938596
2838,-10000.0,-1600.0,2,0.9400780156716989
2839,50000.0,-1000.0,4,0.9400612142793999
2840,-10000.0,-1000.0,3,0.9400486134556921
2841,-10000.0,-1000.0,11,0.9400024120525023
2842,-10000.0,-1000.0,1,0.939998212050942
2843,-10000.0,-1600.0,1,0.9399940120703818
2844,50000.0,-1000.0,8,0.9399604129818853
2845,-10000.0,-1000.0,1,0.9399562131903199
2846,-10000.0,-1000.0,1,0.9399520134197533
2847,-10000.0,-1000.0,3,0.939939414234046
2848,-10000.0,-1000.0,6,0.939914216429588
2849,-10000.0,-1000.0,3,0.9399016178108315
2850,-10000.0,-1000.0,4,0.9398848199464545
2851,-10000.0,-1000.0,1,0.9398806205328533
2852,50000.0,-400.0,8,0.9398470259799275
2853,-10000.0,-400.0,1,0.9398428267552956
2854,-10000.0,-400.0,2,0.9398344283690201
2855,-10000.0,-400.0,2,0.9398260300667279
2856,-10000.0,-400.0,1,0.9398218309470755
2857,-10000.0,-400.0,2,0.9398134327707569
2858,-10000.0,-400.0,3,0.939800835663744
2859,-10000.0,-400.0,4,0.9397840398149897
2860,-10000.0,-400.0,3,0.9397714431488677
2861,-10000.0,-400.0,1,0.9397672443021491
2862,-10000.0,-400.0,3,0.9397546478879579
2863,50000.0,200.0,5,0.9397336542841818
2864,-10000.0,200.0,1,0.9397294556264071
2865,-10000.0,200.0,2,0.9397210583738371
2866,50000.0,800.0,16,0.9396538833762029
2867,-10000.0,800.0,2,0.9396454868793517
2868,50000.0,1400.0,5,0.9396244960045668
2869,-10000.0,1400.0,2,0.9396160998015879
2870,-10000.0,1400.0,4,0.939599307647514
2871,50000.0,2000.0,7,0.9395699221859949
2872,50000.0,2600.0,9,0.9395321423895482
2873,-10000.0,2600.0,1,0.9395279447393303
2874,-10000.0,2600.0,12,0.9394775745737661
2875,-10000,2600.0,1,0.9394733771963868
2876,-10000.0,2600.0,1,0.9394691798399941
2877,-10000.0,2000.0,1,0.9394649825045883
2878,-10000.0,2000.0,3,0.93945239062429
2879,-10000.0,2000.0,3,0.9394397989328686
2880,-10000.0,2000.0,4,0.9394230103047767
2881,-10000.0,1400.0,5,0.9394020249918367
2882,-10000.0,1400.0,3,0.939389434055894
2883,-10000.0,1400.0,2,0.9393810402035229
2884,-10000.0,1400.0,2,0.9393726464350898
2885,-10000.0,1400.0,2,0.9393642527505939
2886,-10000.0,1400.0,2,0.9393558591500344
2887,-10000.0,1400.0,13,0.9393013027922905
2888,-10000.0,1400.0,1,0.9392971062962678
2889,-10000.0,800.0,3,0.9392845169340939
2890,50000.0,800.0,6,0.93925933877626
2891,-10000.0,800.0,3,0.9392467499805945
2892,-10000.0,200.0,3,0.9392341613737596
2893,-10000.0,200.0,1,0.9392299652134433
2894,-10000.0,200.0,5,0.9392089847265701
2895,-10000.0,200.0,5,0.9391880047642025
2896,-10000.0,200.0,3,0.9391754170385392
2897,-10000.0,-400.0,3,0.9391628295016905
2898,50000.0,200.0,5,0.9391418506931891
2899,-10000.0,200.0,10,0.9390998946495642
2900,-10000.0,200.0,2,0.9390915036925725
2901,50000.0,800.0,7,0.9390621360038809
2902,-10000.0,800.0,3,0.9390495501662348
2903,-10000.0,800.0,2,0.9390411597126856
2904,-10000.0,200.0,3,0.9390285741896816
2905,50000.0,800.0,6,0.9390034037100149
2906,-10000.0,200.0,2,0.9389950137179278
2907,-10000.0,-400.0,1,0.9389908187533467
2908,-10000.0,-400.0,2,0.9389824288871086
2909,-10000.0,-1000.0,6,0.9389572597917802
2910,50000.0,-400.0,3,0.9389446755272656
2911,50000.0,200.0,2,0.9389362861224574
2912,-10000.0,200.0,6,0.9389111184113913
2913,-10000.0,200.0,1,0.9389069238662856
2914,50000.0,800.0,6,0.938881757036074
2915,-10000.0,800.0,3,0.9388691739040921
2916,50000.0,800.0,8,0.9388356198082224
2917,-10000.0,800.0,1,0.9388314256406087
2918,50000.0,1400.0,8,0.9387978730546394
2919,-10000.0,1400.0,1,0.9387936790757591
2920,-10000.0,1400.0,2,0.9387852911809078
2921,-10000.0,1400.0,2,0.9387769033699351
2922,-10000.0,800.0,2,0.9387685156428401
2923,50000.0,1400.0,3,0.9387559342094665
2924,-10000.0,1400.0,1,0.9387517404402798
2925,50000.0,2000.0,5,0.9387307719088765
2926,50000.0,2600.0,5,0.93870980390168
2927,50000.0,3200.0,4,0.9386930298733428
2928,-10000.0,3200.0,1,0.9386888364186772
2929,-10000.0,3200.0,3,0.9386762561804829
2930,-10000.0,3200.0,1,0.9386720628096854
2931,50000.0,3200.0,14,0.9386133578199873
2932,-10000.0,3200.0,1,0.9386091647636808
2933,-10000.0,3200.0,2,0.9386007787139635
2934,-10000.0,3200.0,6,0.9385756210679688
2935,50000.0,3800.0,2,0.9385672353536867
2936,50000.0,4400.0,5,0.9385462714348529
2937,-10000.0,4400.0,4,0.9385295006771324
2938,50000.0,5000.0,4,0.9385127302548235
2939,-10000.0,4400.0,3,0.938500152658202
2940,-10000.0,4400.0,5,0.9384791904164147
2941,-10000.0,4400.0,2,0.9384708056664343
2942,-10000.0,4400.0,6,0.9384456519195723
2943,-10000.0,4400.0,3,0.9384330753291182
2944,-10000.0,3800.0,2,0.9384246910402865
2945,50000.0,4400.0,3,0.9384121147642432
2946,-10000.0,4400.0,5,0.9383911547233756
2947,-10000.0,4400.0,3,0.9383785789503734
2948,-10000.0,4400.0,5,0.9383576197478908
2949,50000.0,5000.0,10,0.9383157029148329
2950,50000.0,5600.0,18,0.9382402578966473
2951,-10000.0,5600.0,2,0.9382318755359802
2952,-10000.0,5000.0,2,0.9382234932591363
2953,50000.0,5600.0,8,0.9381899649899758
2954,-10000.0,5600.0,7,0.9381606288545865
2955,-10000.0,5600.0,2,0.9381522472902059
2956,-10000.0,5600.0,2,0.9381438658096404
2957,-10000.0,5600.0,1,0.9381396751007882
2958,-10000.0,5600.0,3,0.938127103099952
2959,-10000.0,5600.0,5,0.9381061501842869
2960,-10000.0,5600.0,8,0.9380726266087556
2961,-10000.0,5600.0,3,0.938060055613639
2962,50000.0,6200.0,6,0.9380349141890939
2963,-10000.0,5600.0,1,0.9380307240249984
2964,-10000.0,5600.0,6,0.9380055834803878
2965,-10000.0,5600.0,6,0.937980443689982
2966,-10000.0,5000.0,4,0.9379636842487032
2967,-10000.0,5000.0,3,0.9379511148877099
2968,-10000.0,4400.0,1,0.9379469251426099
2969,-10000.0,4400.0,1,0.9379427354184584
2970,50000.0,5000.0,12,0.9378924603626001
2971,-10000.0,4400.0,2,0.937884081479891
2972,-10000.0,3800.0,1,0.9378798920699571
2973,-10000.0,3800.0,4,0.9378631346396906
2974,-10000.0,3800.0,8,0.9378296207845865
2975,-10000.0,3800.0,3,0.9378170534345301
2976,-10000.0,3800.0,2,0.9378086753058865
2977,-10000.0,3800.0,9,0.9377709747637663
2978,-10000.0,3800.0,4,0.9377542195118241
2979,-10000.0,3800.0,3,0.9377416532927783
2980,-10000.0,3800.0,3,0.9377290872622244
2981,-10000.0,3800.0,4,0.9377123328480238
2982,50000.0,4400.0,3,0.9376997672572733
2983,-10000.0,4400.0,2,0.9376913903014856
2984,-10000.0,4400.0,1,0.9376872018550052
2985,-10000.0,4400.0,4,0.9376704482785044
2986,-10000.0,4400.0,3,0.9376578833160176
2987,50000.0,5000.0,5,0.9376369421307007
2988,-10000.0,5000.0,1,0.9376327539564604
2989,-10000.0,5000.0,3,0.9376201895593844
2990,50000.0,5000.0,10,0.9375783095969141
2991,-10000.0,5000.0,2,0.937569933855697
2992,-10000.0,5000.0,2,0.9375615581982367
2993,-10000.0,5000.0,1,0.9375573704009154
2994,50000.0,5600.0,6,0.9375322440567003
2995,-10000.0,5600.0,3,0.9375196811672614
2996,-10000.0,5600.0,2,0.9375113060123256
2997,-10000.0,5600.0,1,0.9375071184662643
2998,-10000.0,5000.0,1,0.9375029309411408
2999,-10000.0,5000.0,12,0.9374526822727595
3000,-10000.0,5000.0,2,0.9374443077878093
3001,-10000.0,4400.0,3,0.9374317462174044
3002,50000.0,5000.0,9,0.9373940626367117
3003,-10000.0,5000.0,2,0.9373856887379548
3004,-10000.0,5000.0,5,0.9373647543574172
3005,-10000.0,4400.0,8,0.9373312604371258
3006,-10000.0,4400.0,3,0.9373187005624185
3007,-10000.0,4400.0,6,0.9372935813781913
3008,50000.0,5000.0,8,0.9372600903047621
3009,50000.0,5600.0,8,0.937226600570949
3010,-10000.0,5000.0,1,0.9372224144484115
3011,-10000.0,4400.0,9,0.9371847402874363
3012,-10000.0,4400.0,4,0.9371679967600665
3013,-10000.0,4400.0,1,0.9371638109305472
3014,-10000.0,3800.0,3,0.9371512535675637
3015,-10000.0,3800.0,1,0.9371470678217602
3016,-10000,3200.0,1,0.9371428820968855
3017,-10000.0,3200.0,1,0.9371386963929391
3018,-10000.0,2600.0,4,0.9371219537864379
3019,-10000.0,2600.0,1,0.937117768187133
3020,-10000.0,2600.0,1,0.937113582608756
3021,50000.0,3200.0,8,0.9370800987351336
3022,50000.0,3800.0,2,0.9370717279760001
3023,-10000.0,3200.0,2,0.9370633573005739
3024,-10000.0,3200.0,3,0.9370508014443836
3025,-10000.0,2600.0,3,0.9370382457765296
3026,-10000.0,2000.0,7,0.9370089499506074
3027,-10000.0,1400.0,2,0.9370005799029582
3028,-10000.0,1400.0,7,0.9369712853953184
3029,-10000.0,1400.0,1,0.9369671005493536
3030,-10000.0,1400.0,1,0.9369629157243129
3031,-10000.0,800.0,4,0.9369461766333899
3032,-10000.0,800.0,2,0.9369378072134706
3033,50000.0,1400.0,6,0.9369126994558726
3034,50000.0,2000.0,11,0.9368666705232097
3035,-10000.0,1400.0,5,0.9368457491179653
3036,50000.0,1400.0,5,0.9368248282357494
3037,-10000.0,1400.0,5,0.9368039078765492
3038,-10000.0,800.0,1,0.9367997238674698
3039,-10000.0,800.0,1,0.9367955398793104
3040,-10000.0,800.0,3,0.9367829880403512
3041,50000.0,1400.0,7,0.9367537011482935
3042,-10000.0,1400.0,3,0.9367411499369105
3043,-10000.0,1400.0,2,0.9367327825672481
3044,-10000.0,1400.0,2,0.9367244152812589
3045,-10000.0,800.0,9,0.936686763529742
3046,-10000.0,800.0,6,0.9366616633033414
3047,-10000.0,800.0,3,0.9366491134725158
3048,-10000.0,800.0,4,0.936632380657575
3049,-10000.0,200.0,9,0.936594733047523
3050,-10000.0,-400.0,3,0.9365821842206439
3051,-10000,-400.0,1,0.93657800132018
3052,-10000.0,-400.0,8,0.9365445388693807
3053,-10000,-1000.0,1,0.9365403561571432
3054,-10000.0,-1000.0,1,0.936536173465819
3055,-10000.0,-1000.0,8,0.9365027126881004
3056,-10000.0,-1000.0,3,0.9364901652415162
3057,-10000.0,-1000.0,2,0.9364818003816882
3058,50000.0,-400.0,5,0.936460888598077
3059,-10000.0,-400.0,9,0.936423248704994
3060,-10000.0,-400.0,2,0.936414884514328
3061,-10000.0,-400.0,6,0.9363897924441755
3062,-10000.0,-1000.0,6,0.9363647011267738
3063,-10000.0,-1000.0,1,0.9363605193137227
3064,-10000.0,-1000.0,12,0.9363103391879827
3065,-10000.0,-1000.0,3,0.9362977946269794
3066,-10000.0,-1000.0,7,0.9362685247163938
3067,50000.0,-400.0,3,0.9362559807826027
3068,-10000.0,-400.0,4,0.9362392558302373
3069,-10000.0,-400.0,5,0.9362183501101641
3070,-10000.0,-1000.0,2,0.9362099879684738
3071,-10000.0,-1000.0,2,0.9362016259104045
3072,-10000.0,-1000.0,8,0.9361681785143204
3073,-10000.0,-1000.0,1,0.9361639976838798
3074,-10000.0,-1000.0,3,0.9361514553179826
3075,50000.0,-400.0,5,0.9361305517928948
3076,-10000.0,-400.0,2,0.9361221905291833
3077,-10000.0,-400.0,1,0.9361180099286821
3078,-10000.0,-400.0,5,0.9360971072397186
3079,-10000.0,-400.0,1,0.9360929267646336
3080,50000.0,200.0,5,0.9360720247027414
3081,-10000.0,200.0,6,0.936046942918229
3082,-10000.0,-400.0,5,0.9360260420059185
3083,-10000.0,-400.0,8,0.9359926016330502
3084,-10000.0,-400.0,3,0.9359800618380744
3085,50000.0,200.0,5,0.93595916259777
3086,-10000.0,200.0,1,0.9359549828124065
3087,-10000.0,-400.0,1,0.9359508030479418
3088,-10000.0,-400.0,2,0.9359424435817087
3089,-10000.0,-400.0,2,0.93593408419907
3090,-10000.0,-1000.0,3,0.935921545281849
3091,-10000.0,-1000.0,2,0.9359131861081922
3092,50000.0,-400.0,3,0.9359006475044402
3093,-10000.0,-400.0,7,0.9358713914937609
3094,-10000.0,-1000.0,4,0.9358546742331041
3095,-10000.0,-1000.0,2,0.9358463157281544
3096,-10000.0,-1000.0,6,0.9358212407148095
3097,-10000.0,-1000.0,7,0.9357919874833192
3098,-10000.0,-1000.0,6,0.9357669140997973
3099,-10000.0,-1000.0,3,0.935754377690109
3100,-10000.0,-1000.0,1,0.9357501989286676
3101,50000.0,-400.0,10,0.9357084124633914
3102,50000.0,-400.0,13,0.9356540931819771
3103,-10000.0,-400.0,3,0.93564155846459
3104,50000.0,200.0,10,0.9355997774312013
3105,-10000.0,200.0,2,0.9355914214752068
3106,-10000.0,200.0,2,0.9355830656027716
3107,-10000.0,200.0,1,0.9355788876978883
3108,50000.0,200.0,5,0.935557998486812
3109,50000.0,200.0,6,0.9355329321228548
3110,50000.0,800.0,6,0.9355078665108773
3111,-10000.0,800.0,2,0.9354995114739872
3112,-10000.0,800.0,5,0.9354786242472919
3113,-10000.0,800.0,1,0.9354744468646141
3114,-10000.0,800.0,2,0.9354660921619191
3115,-10000.0,800.0,1,0.9354619148419016
3116,-10000.0,800.0,6,0.9354368513604103
3117,-10000.0,800.0,2,0.9354284970336685
3118,50000.0,1400.0,1,0.9354243199016262
3119,-10000.0,1400.0,5,0.9354034345546965
3120,-10000.0,1400.0,4,0.9353867266530851
3121,-10000.0,800.0,1,0.935382549729894
3122,-10000.0,200.0,1,0.9353783728275877
3123,-10000.0,200.0,1,0.9353741959461658
3124,-10000.0,200.0,4,0.9353574886293206
3125,50000.0,800.0,17,0.9352864862604305
3126,-10000.0,800.0,1,0.9352823098384403
3127,-10000.0,800.0,2,0.9352739570571059
3128,-10000.0,800.0,7,0.9352447229802082
3129,-10000.0,800.0,2,0.9352363705747405
3130,-10000.0,800.0,7,0.9352071378133467
3131,50000.0,1400.0,4,0.9351904338376307
3132,-10000.0,1400.0,12,0.9351403239149131
3133,-10000.0,800.0,1,0.9351361482237328
3134,-10000.0,200.0,1,0.9351319725534308
3135,-10000.0,200.0,1,0.9351277969040073
3136,-10000.0,-400.0,2,0.9351194456677945
3137,-10000.0,-400.0,2,0.9351110945150936
3138,-10000.0,-400.0,1,0.9351069189700599
3139,-10000.0,-400.0,5,0.9350860415580544
3140,-10000.0,-400.0,4,0.9350693400042394
3141,-10000.0,-1000.0,2,0.9350609893525926
3142,-10000.0,-1000.0,2,0.935052638784452
3143,50000.0,-400.0,3,0.9350401130888132
3144,-10000.0,-400.0,10,0.9349983621269415
3145,-10000.0,-400.0,2,0.93499001218507
3146,-10000.0,-400.0,5,0.9349691376956976
3147,-10000.0,-400.0,3,0.9349566132525657
3148,50000.0,200.0,4,0.934939914287291
3149,-10000.0,200.0,6,0.9349148664655814
3150,-10000.0,200.0,2,0.9349065173586624
3151,-10000.0,200.0,1,0.934902342836512
3152,50000.0,800.0,2,0.9348939938548285
3153,-10000.0,800.0,4,0.934877296141929
3154,-10000.0,800.0,2,0.9348689474107115
3155,-10000.0,800.0,5,0.9348480759479206
3156,-10000.0,800.0,3,0.9348355533207013
3157,-10000.0,800.0,5,0.9348146826927521
3158,-10000.0,200.0,3,0.934802160566428
3159,-10000.0,200.0,3,0.9347896386279343
3160,-10000.0,200.0,2,0.9347812907732873
3161,-10000.0,200.0,2,0.9347729430021186
3162,-10000.0,200.0,2,0.934764595314427
3163,-10000.0,200.0,2,0.9347562477102119
3164,-10000.0,200.0,4,0.9347395527522079
3165,-10000.0,200.0,6,0.9347145109412544
3166,-10000.0,200.0,2,0.9347061638378805
3167,-10000.0,-400.0,1,0.9347019903174951
3168,-10000.0,-400.0,13,0.9346477364513943
3169,-10000.0,-400.0,4,0.9346310436635936
3170,-10000.0,-400.0,2,0.9346226973948885
3171,-10000.0,-400.0,2,0.9346143512096454
3172,-10000.0,-400.0,1,0.934610178148322
3173,-10000.0,-400.0,2,0.934601832088271
3174,-10000.0,-400.0,1,0.9345976590895431
3175,-10000.0,-1000.0,2,0.934589313154682
3176,50000.0,-400.0,5,0.93456844868266
3177,-10000.0,-400.0,7,0.9345392392981233
3178,50000.0,200.0,5,0.9345183760779323
3179,-10000.0,200.0,6,0.9344933409021794
3180,-10000.0,-400.0,3,0.9344808235959459
3181,-10000.0,-400.0,6,0.9344557895467507
3182,-10000.0,-400.0,1,0.9344516172782336
3183,-10000.0,-400.0,1,0.9344474450305778
3184,50000.0,200.0,3,0.9344349284127773
3185,-10000.0,-400.0,3,0.9344224119827245
3186,-10000.0,-400.0,4,0.9344057237013682
3187,-10000.0,-400.0,2,0.9343973796858513
3188,-10000.0,-400.0,1,0.9343932077093828
3189,-10000.0,-400.0,1,0.9343890357537743
3190,-10000.0,-400.0,2,0.9343806919051361
3191,-10000.0,-400.0,4,0.9343640044581729
3192,-10000.0,-1000.0,2,0.9343556608598464
3193,50000.0,-400.0,7,0.9343264589227532
3194,-10000.0,-400.0,2,0.9343181156998801
3195,50000.0,200.0,6,0.9342930865318486
3196,-10000.0,200.0,2,0.9342847436426978
3197,-10000.0,200.0,16,0.9342180035328463
3198,-10000.0,200.0,5,0.9341971483434489
3199,-10000.0,200.0,1,0.9341929773681347
3200,-10000.0,200.0,2,0.9341846354800706
3201,-10000.0,-400.0,1,0.9341804645673204
3202,-10000.0,-1000.0,10,0.9341387565868002
3203,-10000.0,-1000.0,2,0.9341304152409412
3204,-10000.0,-1600.0,2,0.9341220739784951
3205,-10000.0,-1600.0,1,0.9341179033785517
3206,50000.0,-1000.0,4,0.9341012211873067
3207,-10000.0,-1000.0,2,0.9340928802167997
3208,-10000.0,-1600.0,11,0.9340470063699302
3209,-10000.0,-2200.0,4,0.934030325596611
3210,-10000.0,-2800.0,1,0.9340261554554083
3211,-10000.0,-2800.0,5,0.9340053050621531
3212,-10000,-2800.0,1,0.9340011350460528
3213,-10000.0,-2800.0,2,0.9339927950764022
3214,-10000.0,-2800.0,4,0.9339761153872981
3215,-10000.0,-2800.0,2,0.933967775667843
3216,-10000.0,-2800.0,1,0.9339636058393892
3217,-10000.0,-2800.0,9,0.9339260783215019
3218,-10000.0,-3400.0,1,0.9339219087015342
3219,50000.0,-2800.0,8,0.933888552492315
3220,-10000.0,-2800.0,3,0.9338760442578394
3221,-10000.0,-2800.0,4,0.9338593669037284
3222,-10000.0,-2800.0,4,0.9338426898831611
3223,-10000.0,-2800.0,10,0.933800998790953
3224,-10000.0,-2800.0,2,0.933792660822655
3225,-10000.0,-3400.0,6,0.9337676474180332
3226,-10000.0,-3400.0,1,0.9337634785902181
3227,-10000.0,-3400.0,3,0.9337509722318372
3228,-10000.0,-3400.0,1,0.933746803487398
3229,50000.0,-2800.0,7,0.93371762285994
3230,-10000.0,-2800.0,2,0.933709285725397
3231,-10000.0,-3400.0,2,0.933700948674225
3232,-10000.0,-3400.0,4,0.9336842748219907
3233,-10000.0,-3400.0,2,0.9336759380209265
3234,-10000.0,-3400.0,6,0.9336509281179364
3235,50000.0,-2800.0,2,0.9336425916503376
3236,-10000.0,-2800.0,5,0.9336217508460574
3237,-10000.0,-2800.0,1,0.9336175827477236
3238,-10000.0,-2800.0,8,0.9335842387112988
3239,50000.0,-2200.0,4,0.9335675671932403
3240,-10000.0,-2200.0,5,0.9335467282645482
3241,-10000.0,-2200.0,2,0.9335383928389427
3242,50000.0,-1600.0,4,0.9335217222377925
3243,50000.0,-1600.0,11,0.9334758798037479
3244,50000.0,-1000.0,4,0.9334592104528459
3245,-10000.0,-1000.0,4,0.9334425414353276
3246,-10000.0,-1000.0,3,0.9334300398909678
3247,-10000.0,-1000.0,2,0.9334217056322404
3248,-10000.0,-1600.0,6,0.9333967033561074
3249,-10000.0,-1600.0,1,0.933392536383008
3250,-10000.0,-1600.0,1,0.9333883694307434
3251,-10000.0,-1600.0,3,0.9333758686989577
3252,-10000.0,-2200.0,3,0.9333633681546816
3253,-10000,-2200.0,1,0.9333592013482578
3254,-10000.0,-2200.0,3,0.9333467010539901
3255,-10000.0,-2200.0,7,0.9333175344298721
3256,-10000.0,-2200.0,16,0.9332508716936626
3257,50000.0,-1600.0,4,0.9332342068428778
3258,-10000.0,-1600.0,1,0.9332300406822591
3259,-10000.0,-1600.0,8,0.9331967121472069
3260,-10000.0,-1600.0,1,0.933192546174061
3261,-10000.0,-1600.0,5,0.9331717166207772
3262,-10000.0,-1600.0,1,0.9331675507726087
3263,50000.0,-1000.0,7,0.9331383904186409
3264,-10000.0,-1000.0,7,0.9331092310852676
3265,50000.0,-400.0,5,0.9330884036148348
3266,-10000.0,-400.0,4,0.9330717420133792
3267,50000.0,200.0,5,0.9330509154801616
3268,-10000.0,200.0,1,0.9330467502359974
3269,-10000,200.0,1,0.9330425850126592
3270,-10000.0,200.0,3,0.9330300894676008
3271,-10000.0,200.0,6,0.9330050989397766
3272,-10000.0,200.0,1,0.9330009339246944
3273,-10000.0,200.0,4,0.932984274072615
3274,-10000.0,200.0,3,0.9329717794022142
3275,-10000.0,200.0,5,0.9329509553680306
3276,-10000.0,-400.0,9,0.9329134734183893
3277,-10000.0,-400.0,1,0.9329093088614335
3278,-10000.0,-1000.0,6,0.9328843219569731
3279,-10000.0,-1000.0,3,0.9328718287858428
3280,-10000.0,-1000.0,2,0.9328635001091985
3281,-10000.0,-1000.0,2,0.9328551715158404
3282,-10000.0,-1000.0,1,0.9328510072503935
3283,-10000.0,-1000.0,1,0.9328468430057678
3284,-10000.0,-1600.0,3,0.9328343503968176
3285,-10000.0,-1600.0,6,0.9328093657410774
3286,-10000.0,-1600.0,3,0.9327968736942818
3287,50000.0,-1000.0,4,0.9327802179233662
3288,50000.0,-400.0,4,0.9327635624855627
3289,-10000.0,-400.0,8,0.9327302526092652
3290,-10000.0,-400.0,5,0.932709434613176
3291,-10000.0,-400.0,7,0.9326802902929932
3292,-10000.0,-400.0,4,0.9326636368537222
3293,-10000.0,-1000.0,2,0.9326553102589867
3294,-10000.0,-1000.0,3,0.9326428205230061
3295,-10000.0,-1600.0,1,0.9326386573193115
3296,-10000.0,-1600.0,4,0.9326220047126917
3297,-10000.0,-1600.0,9,0.9325845375654968
3298,-10000.0,-1600.0,1,0.9325803746532163
3299,-10000.0,-1600.0,5,0.9325595604040291
3300,-10000.0,-1600.0,1,0.9325553976166341
3301,50000.0,-1000.0,6,0.9325304213293517
3302,-10000.0,-1000.0,2,0.9325220960667648
3303,-10000.0,-1000.0,2,0.9325137708874303
3304,-10000.0,-1000.0,2,0.9325054457913468
3305,-10000.0,-1000.0,7,0.9324763086106478
3306,-10000.0,-1600.0,2,0.9324679838891854
3307,-10000.0,-1600.0,1,0.9324638215596717
3308,50000.0,-1000.0,10,0.9324221994091562
3309,-10000.0,-1000.0,7,0.9323930651420295
3310,-10000.0,-1000.0,3,0.9323805793396962
3311,-10000.0,-1000.0,1,0.9323764174472042
3312,-10000.0,-1000.0,3,0.9323639318945843
3313,-10000.0,-1000.0,1,0.9323597700853294
3314,-10000.0,-1000.0,2,0.9323514465292464
3315,-10000.0,-1000.0,1,0.9323472847824181
3316,-10000.0,-1000.0,9,0.9323098299973419
3317,-10000.0,-1000.0,1,0.9323056684585957
3318,-10000.0,-1000.0,9,0.932268215546212
3319,-10000.0,-1600.0,3,0.9322557316166086
3320,-10000.0,-1600.0,1,0.9322515703483536
3321,-10000.0,-1600.0,2,0.9322432478742626
3322,-10000.0,-1600.0,2,0.9322349254833958
3323,50000.0,-1000.0,7,0.9322057977707419
3324,-10000.0,-1000.0,3,0.932193314777398
3325,-10000.0,-1000.0,3,0.9321808319712976
3326,-10000.0,-1000.0,5,0.9321600277105526
3327,50000.0,-400.0,2,0.9321517061518834
3328,-10000.0,-400.0,2,0.9321433846764293
3329,-10000.0,-1000.0,4,0.9321267419751634
3330,-10000.0,-1000.0,1,0.9321225813518551
3331,-10000.0,-1000.0,2,0.9321142601676475
3332,-10000.0,-1000.0,10,0.9320726554947647
3333,-10000.0,-1000.0,2,0.9320643348098132
3334,-10000.0,-1000.0,3,0.9320518539383977
3335,-10000.0,-1600.0,4,0.9320352130677283
3336,-10000.0,-1600.0,4,0.9320185725298729
3337,50000.0,-1000.0,3,0.9320060923448865
3338,-10000.0,-1000.0,2,0.9319977723255634
3339,-10000.0,-1600.0,3,0.9319852924525777
3340,-10000.0,-1600.0,4,0.9319686529131246
3341,-10000.0,-1600.0,3,0.9319561734769269
3342,-10000.0,-2200.0,3,0.9319436942279193
3343,-10000.0,-2800.0,10,0.9319020980831202
3344,-10000.0,-3400.0,1,0.9318979385830286
3345,-10000.0,-3400.0,1,0.9318937791037344
3346,-10000.0,-3400.0,2,0.9318854602075379
3347,-10000.0,-3400.0,5,0.9318646633309947
3348,-10000.0,-3400.0,2,0.9318563447259545
3349,-10000.0,-3400.0,7,0.9318272302633952
3350,-10000.0,-3400.0,3,0.9318147529485213
3351,-10000.0,-3400.0,5,0.9317939578396375
3352,50000.0,-2800.0,4,0.9317773221268384
3353,-10000.0,-2800.0,4,0.9317606867467503
3354,-10000.0,-2800.0,1,0.9317565279537136
3355,50000.0,-2200.0,9,0.9317190997520965
3356,-10000.0,-2200.0,11,0.9316733564595622
3357,50000.0,-2200.0,12,0.9316234575551566
3358,-10000.0,-2200.0,5,0.931602667228598
3359,-10000.0,-2200.0,8,0.9315694037871821
3360,-10000.0,-2200.0,2,0.9315610881347226
3361,50000.0,-1600.0,13,0.9315070384206285
3362,-10000.0,-1600.0,1,0.9315028808958302
3363,-10000.0,-2200.0,1,0.9314987233918195
3364,-10000.0,-2200.0,2,0.9314904084461604
3365,-10000.0,-2800.0,2,0.9314820935836503
3366,-10000.0,-2800.0,2,0.9314737788042885
3367,-10000.0,-3400.0,2,0.9314654641080741
3368,50000.0,-2800.0,11,0.9314197347651165
3369,-10000.0,-2800.0,1,0.9314155776768354
3370,-10000.0,-2800.0,13,0.9313615374206138
3371,-10000.0,-2800.0,1,0.9313573806233186
3372,50000.0,-2200.0,2,0.9313490670910802
3373,50000.0,-1600.0,5,0.9313282836241973
3374,-10000.0,-1600.0,2,0.9313199703829274
3375,50000.0,-1000.0,4,0.9313033441497826
3376,-10000.0,-1000.0,4,0.9312867182491591
3377,-10000.0,-1000.0,1,0.9312825618259589
3378,-10000.0,-1000.0,3,0.9312700926810504
3379,-10000.0,-1000.0,5,0.9312493111885031
3380,-10000.0,-1000.0,1,0.9312451549523377
3381,50000.0,-400.0,5,0.9312243740832259
3382,50000.0,200.0,5,0.9312035937336293
3383,50000.0,800.0,5,0.9311828139035349
3384,-10000.0,800.0,3,0.931170346254834
3385,-10000.0,800.0,3,0.9311578787931463
3386,-10000.0,800.0,3,0.9311454115184692
3387,50000.0,800.0,2,0.9311371001059111
3388,50000.0,800.0,5,0.9311163219381368
3389,50000.0,1400.0,2,0.9311080108164729
3390,-10000.0,1400.0,4,0.9310913888224771
3391,-10000.0,1400.0,4,0.9310747671609179
3392,-10000.0,1400.0,1,0.9310706117974704
3393,-10000.0,1400.0,1,0.9310664564547998
3394,-10000.0,1400.0,2,0.9310581458317885
3395,-10000.0,1400.0,2,0.9310498352918829
3396,-10000.0,1400.0,1,0.9310456800530945
3397,-10000.0,1400.0,3,0.931033214461386
3398,-10000.0,1400.0,2,0.9310249041707929
3399,-10000.0,1400.0,1,0.9310207490566599
3400,-10000.0,1400.0,4,0.9310041288078816
3401,50000.0,1400.0,9,0.9309667344634645
3402,-10000.0,1400.0,1,0.9309625796401791
3403,-10000.0,1400.0,5,0.9309418058353618
3404,-10000.0,1400.0,1,0.9309376511367193
3405,-10000.0,1400.0,4,0.9309210325498831
3406,50000.0,2000.0,8,0.9308877963733091
3407,-10000.0,2000.0,6,0.9308628701133136
3408,-10000.0,1400.0,6,0.9308379446010948
3409,-10000.0,1400.0,6,0.93081301983663
3410,-10000.0,1400.0,8,0.9307797879804781
3411,-10000.0,1400.0,1,0.930775634091923
3412,-10000.0,1400.0,4,0.9307590187453951
3413,-10000.0,1400.0,2,0.9307507111967456
3414,-10000.0,1400.0,3,0.9307382500295366
3415,-10000.0,1400.0,2,0.930729942688573
3416,-10000.0,1400.0,1,0.9307257890492436
3417,50000.0,2000.0,5,0.9307050211641171
3418,-10000,2000.0,1,0.9307008676493951
3419,-10000.0,2000.0,1,0.9306967141554406
3420,-10000.0,2000.0,1,0.9306925606822535
3421,-10000.0,2000.0,1,0.9306884072298337
3422,-10000.0,2000.0,1,0.9306842537981812
3423,-10000.0,1400.0,2,0.9306759469971773
3424,-10000.0,1400.0,4,0.9306593336443714
3425,-10000.0,1400.0,1,0.9306551803580864
3426,-10000.0,1400.0,2,0.9306468738478154
3427,-10000.0,800.0,3,0.930634414238155
3428,-10000.0,800.0,4,0.930617801715996
3429,-10000.0,800.0,1,0.9306136486373702
3430,-10000.0,800.0,1,0.9306094955795097
3431,-10000.0,800.0,2,0.9306011895260842
3432,-10000.0,800.0,1,0.9305970365305191
3433,-10000.0,800.0,1,0.9305928835557188
3434,-10000.0,800.0,3,0.9305804247559067
3435,-10000.0,800.0,2,0.930572118993188
3436,50000.0,1400.0,15,0.9305098284201893
3437,50000.0,1400.0,6,0.9304849134990623
3438,-10000.0,1400.0,1,0.9304807610848759
3439,-10000.0,1400.0,3,0.9304683039668882
3440,-10000.0,1400.0,1,0.9304641516357492
3441,-10000.0,1400.0,2,0.930455847035756
3442,50000.0,2000.0,6,0.9304309337340463
3443,-10000.0,2000.0,6,0.9304060211797244
3444,-10000,2000.0,1,0.9304018691599986
3445,-10000.0,2000.0,6,0.930376957477601
3446,50000.0,2600.0,7,0.9303478947926892
3447,-10000.0,2600.0,5,0.9303271363548008
3448,-10000.0,2600.0,1,0.9303229847294981
3449,-10000.0,2600.0,1,0.9303188331249536
3450,-10000.0,2600.0,2,0.930310529978138
3451,-10000.0,2600.0,4,0.9302939239335994
3452,-10000.0,2000.0,4,0.9302773182211784
3453,-10000.0,2000.0,1,0.9302731668449659
3454,-10000.0,2000.0,2,0.9302648641548109
3455,-10000.0,1400.0,2,0.9302565615476824
3456,-10000.0,1400.0,3,0.9302441077926626
3457,-10000.0,800.0,1,0.9302399565825017
3458,-10000.0,800.0,5,0.930219200843035
3459,-10000.0,800.0,8,0.9301859927391678
3460,-10000,800.0,1,0.9301818418195814
3461,-10000.0,200.0,1,0.9301776909207495
3462,-10000.0,200.0,3,0.9301652383487803
3463,-10000.0,200.0,7,0.9301361830739083
3464,-10000.0,200.0,4,0.930119580516273
3465,-10000.0,200.0,3,0.9301071288159533
3466,-10000.0,200.0,3,0.9300946773024076
3467,-10000.0,200.0,2,0.9300863763971392
3468,-10000.0,-400.0,5,0.930065624497129
3469,-10000.0,-400.0,4,0.9300490233506511
3470,-10000.0,-400.0,2,0.93004072290192
3471,-10000.0,-400.0,1,0.930036572708681
3472,-10000.0,-1000.0,2,0.9300282723844555
3473,-10000.0,-1600.0,6,0.9300033719097929
3474,-10000,-1600.0,1,0.9299992219033084
3475,-10000.0,-2200.0,2,0.9299909219525893
3476,-10000.0,-2200.0,1,0.9299867720083543
3477,-10000.0,-2200.0,3,0.9299743223001472
3478,50000.0,-1600.0,4,0.9299577229796949
3479,-10000.0,-1600.0,1,0.9299535732014546
3480,50000.0,-1000.0,10,0.9299120765602191
3481,-10000.0,-1600.0,3,0.9298996279724354
3482,-10000.0,-2200.0,1,0.9298954784846692
3483,-10000.0,-2800.0,1,0.9298913290176506
3484,-10000.0,-2800.0,2,0.9298830301458548
3485,-10000.0,-2800.0,3,0.9298705819937639
3486,-10000.0,-2800.0,3,0.929858134028394
3487,-10000.0,-3400.0,3,0.9298456862497422
3488,50000.0,-3400.0,9,0.9298083440340671
3489,-10000.0,-4000.0,2,0.9298000459921171
3490,50000.0,-3400.0,3,0.9297875990847793
3491,50000.0,-2800.0,6,0.9297627058302074
3492,50000.0,-2200.0,3,0.9297502594829677
3493,-10000.0,-2200.0,6,0.9297253673485671
3494,-10000.0,-2200.0,1,0.9297212187321019
3495,-10000.0,-2200.0,1,0.9297170701363798
3496,-10000.0,-2200.0,3,0.9297046244736704
3497,-10000.0,-2200.0,4,0.9296880305471207
3498,-10000.0,-2200.0,5,0.9296672886056324
3499,-10000.0,-2200.0,1,0.9296631402795602
3500,50000.0,-1600.0,6,0.9296382507586964
3501,50000.0,-1600.0,5,0.9296175100616874
3502,50000.0,-1000.0,5,0.9295967698831891
3503,-10000.0,-1000.0,1,0.9295926219097096
3504,-10000.0,-1000.0,4,0.9295760302231889
3505,-10000.0,-1000.0,5,0.9295552910816737
3506,-10000.0,-1600.0,3,0.9295428478456319
3507,-10000.0,-1600.0,3,0.9295304047962373
3508,-10000.0,-1600.0,2,0.9295221095336658
3509,-10000.0,-1600.0,4,0.9295055192573783
3510,-10000.0,-1600.0,2,0.929497224243661
3511,50000.0,-1000.0,4,0.9294806344650745
3512,-10000.0,-1000.0,1,0.9294764870722706
3513,-10000.0,-1000.0,5,0.9294557504193031
3514,-10000.0,-1000.0,1,0.9294516031509191
3515,-10000.0,-1000.0,2,0.92944330867636
3516,-10000.0,-1000.0,2,0.9294350142847453
3517,-10000.0,-1600.0,4,0.9294184257503455
3518,-10000.0,-1600.0,1,0.9294142786685845
3519,-10000.0,-1600.0,1,0.9294101316075588
3520,-10000.0,-1600.0,6,0.9293852496768414
3521,-10000.0,-1600.0,3,0.9293728089914016
3522,-10000.0,-1600.0,3,0.9293603684925708
3523,-10000.0,-1600.0,2,0.9293520749303537
3524,-10000.0,-1600.0,1,0.929347928180346
3525,50000.0,-1000.0,5,0.9293271947413104
3526,-10000.0,-1000.0,2,0.9293189015108293
3527,-10000.0,-1000.0,11,0.929273290225568
3528,-10000.0,-1000.0,10,0.929231827597631
3529,-10000.0,-1000.0,5,0.929211097061074
3530,-10000.0,-1000.0,1,0.9292069510159537
3531,-10000.0,-1000.0,7,0.9291779292805514
3532,-10000.0,-1000.0,6,0.9291530543157994
3533,-10000.0,-1000.0,4,0.9291364714205426
3534,-10000.0,-1000.0,5,0.9291157432678601
3535,-10000,-1000.0,1,0.9291115976995077
3536,-10000.0,-1600.0,2,0.9291033066249862
3537,-10000.0,-2200.0,4,0.9290867247246732
3538,-10000.0,-2200.0,3,0.9290742885170741
3539,-10000.0,-2200.0,4,0.9290577071971176
3540,-10000.0,-2200.0,1,0.9290535619189447
3541,-10000.0,-2200.0,3,0.929041126208784
3542,-10000.0,-2800.0,2,0.9290328358389738
3543,-10000.0,-2800.0,1,0.9290286906851576
3544,-10000.0,-2800.0,2,0.929020400439702
3545,-10000.0,-2800.0,4,0.9290038201974962
3546,-10000.0,-3400.0,8,0.9289706607078825
3547,-10000.0,-3400.0,2,0.9289623710427238
3548,-10000.0,-3400.0,3,0.928949936700416
3549,-10000.0,-3400.0,1,0.9289457919610943
3550,-10000.0,-3400.0,3,0.9289333578674708
3551,-10000.0,-3400.0,3,0.9289209239603574
3552,-10000.0,-3400.0,21,0.9288338918326081
3553,-10000.0,-3400.0,3,0.9288214594174741
3554,50000.0,-2800.0,4,0.9288048831540489
3555,-10000.0,-2800.0,1,0.9288007391399932
3556,-10000.0,-2800.0,1,0.9287965951466574
3557,50000.0,-2200.0,5,0.9287758754907756
3558,-10000.0,-2200.0,3,0.92876344394588
3559,-10000.0,-2200.0,2,0.9287551563528786
3560,-10000.0,-2200.0,4,0.9287385814155014
3561,50000.0,-1600.0,4,0.9287220068096197
3562,-10000.0,-1600.0,2,0.9287137196309876
3563,-10000.0,-1600.0,7,0.9286847151583817
3564,-10000.0,-1600.0,1,0.9286805717451645
3565,-10000.0,-1600.0,7,0.9286515684327143
3566,-10000.0,-1600.0,3,0.9286391387524107
3567,-10000,-1600.0,1,0.928634995567075
3568,50000.0,-1000.0,20,0.9285521362105551
3569,-10000.0,-1000.0,1,0.9285479934602309
3570,-10000.0,-1000.0,3,0.9285355653335402
3571,-10000.0,-1000.0,5,0.9285148522033221
3572,-10000.0,-1000.0,2,0.9285065670962256
3573,-10000.0,-1000.0,2,0.9284982820719798
3574,-10000,-1000.0,1,0.9284941395909256
3575,-10000.0,-1000.0,2,0.9284858546909545
3576,50000.0,-400.0,4,0.9284692851395566
3577,-10000.0,-400.0,2,0.9284610004881286
3578,-10000.0,-1000.0,8,0.928427862710869
3579,-10000.0,-1000.0,4,0.9284112943192993
3580,-10000.0,-1600.0,1,0.9284071522731827
3581,-10000.0,-1600.0,5,0.928386442353251
3582,-10000.0,-1600.0,1,0.9283823004313941
3583,50000.0,-1000.0,9,0.9283450240665991
3584,-10000.0,-1000.0,2,0.9283367406577756
3585,-10000.0,-1000.0,2,0.9283284573317857
3586,50000.0,-400.0,5,0.9283077493792029
3587,-10000.0,-400.0,2,0.9282994663431244
3588,-10000.0,-1000.0,5,0.9282787591153072
3589,-10000.0,-1000.0,7,0.928249769866053
3590,-10000.0,-1600.0,3,0.9282373462126826
3591,-10000.0,-2200.0,5,0.9282166405378494
3592,-10000,-2800.0,1,0.9282124994649994
3593,-10000.0,-2800.0,2,0.9282042173814151
3594,-10000.0,-2800.0,1,0.9282000763706808
3595,-10000.0,-2800.0,2,0.928191794411327
3596,50000.0,-2200.0,9,0.92815452661911
3597,-10000.0,-2200.0,1,0.9281503858568289
3598,-10000.0,-2200.0,3,0.9281379636942074
3599,50000.0,-1600.0,3,0.9281255417179172
3600,-10000.0,-2200.0,7,0.9280965578311781
3601,-10000.0,-2800.0,2,0.9280882769070044
3602,50000.0,-2800.0,5,0.9280675749588571
3603,-10000.0,-2800.0,6,0.928042733304235
3604,50000.0,-2200.0,4,0.9280261726151764
3605,-10000.0,-2200.0,1,0.9280220324946636
3606,-10000.0,-2200.0,1,0.9280178923948514
3607,-10000.0,-2200.0,2,0.9280096122573283
3608,-10000.0,-2200.0,4,0.9279930522306838
3609,-10000.0,-2200.0,7,0.9279640729809956
3610,-10000.0,-2200.0,4,0.9279475138651277
3611,-10000.0,-2800.0,2,0.9279392344313864
3612,-10000.0,-2800.0,2,0.9279309550804388
3613,-10000.0,-2800.0,1,0.9279268154360125
3614,50000.0,-2200.0,11,0.9278812807133799
3615,-10000.0,-2200.0,4,0.9278647232533409
3616,-10000.0,-2200.0,4,0.9278481661244475
3617,-10000.0,-2200.0,11,0.9278026357274082
3618,-10000.0,-2200.0,4,0.9277860798402531
3619,-10000.0,-2200.0,6,0.9277612466303577
3620,-10000.0,-2200.0,6,0.9277364141654477
3621,-10000.0,-2200.0,3,0.9277239982123551
3622,-10000.0,-2200.0,2,0.9277157210137591
3623,50000.0,-1600.0,7,0.9276867514704935
3624,-10000.0,-1600.0,7,0.9276577829411443
3625,50000.0,-1600.0,4,0.9276412299510159
3626,-10000.0,-1600.0,2,0.9276329535800985
3627,-10000.0,-1600.0,3,0.9276205391789029
3628,50000.0,-1000.0,5,0.9275998489240527
3629,-10000.0,-1000.0,3,0.9275874350194233
3630,-10000.0,-1000.0,4,0.9275708834362394
3631,-10000.0,-1000.0,4,0.9275543321840837
3632,-10000.0,-1000.0,10,0.9275129555019002
3633,-10000.0,-1000.0,2,0.9275046804137207
3634,50000.0,-400.0,3,0.9274922679366082
3635,-10000.0,-400.0,1,0.9274881304856122
3636,50000.0,200.0,4,0.927471580888499
3637,-10000.0,200.0,2,0.9274633062140636
3638,-10000.0,200.0,4,0.9274467571134308
3639,-10000.0,200.0,1,0.9274426198899883
3640,50000.0,800.0,5,0.9274219340830647
3641,50000.0,1400.0,8,0.9273888378676302
3642,-10000.0,1400.0,7,0.9273598797650745
3643,50000.0,2000.0,3,0.9273474694599556
3644,-10000.0,2000.0,1,0.9273433327329501
3645,-10000.0,2000.0,5,0.9273226494081744
3646,-10000.0,2000.0,6,0.9272978301009837
3647,-10000.0,2000.0,7,0.9272688751836441
3648,-10000.0,2000.0,3,0.9272564662435837
3649,-10000.0,2000.0,2,0.9272481937202839
3650,50000.0,2600.0,3,0.927235785090443
3651,-10000.0,2600.0,3,0.9272233766467303
3652,-10000.0,2600.0,4,0.927206832344641
3653,-10000.0,2600.0,7,0.9271778806121671
3654,-10000.0,2000.0,3,0.927165473037015
3655,-10000.0,2000.0,1,0.9271613372199894
3656,-10000.0,2000.0,1,0.9271572014236428
3657,-10000.0,1400.0,2,0.9271489298929863
3658,50000.0,2000.0,9,0.9271117090286167
3659,-10000.0,2000.0,2,0.9271034379528819
3660,-10000.0,2000.0,3,0.9270910314943613
3661,-10000.0,1400.0,5,0.9270703544770378
3662,-10000.0,1400.0,1,0.9270662191356037
3663,-10000.0,1400.0,2,0.9270579485147655
3664,-10000.0,1400.0,5,0.9270372723245062
3665,-10000.0,1400.0,1,0.9270331371484825
3666,-10000.0,1400.0,7,0.9270041914952342
3667,-10000.0,1400.0,1,0.9270000564846141
3668,50000.0,1400.0,3,0.926987651576804
3669,-10000.0,1400.0,3,0.926975246855066
3670,-10000.0,1400.0,4,0.9269587075155228
3671,-10000,1400.0,1,0.9269545727323223
3672,50000.0,2000.0,3,0.9269421685067631
3673,-10000.0,2000.0,3,0.926929764467266
3674,-10000.0,2000.0,1,0.9269256298287804
3675,-10000.0,2000.0,3,0.9269132260373615
3676,-10000.0,1400.0,8,0.9268801501698418
3677,-10000.0,1400.0,15,0.9268181364841214
3678,-10000.0,1400.0,7,0.9267891983557646
3679,-10000.0,1400.0,7,0.9267602612402247
3680,-10000.0,1400.0,5,0.9267395924920541
3681,-10000.0,1400.0,5,0.9267189242605958
3682,-10000.0,1400.0,2,0.926710657112689
3683,-10000.0,800.0,10,0.9266693226132044
3684,-10000.0,800.0,4,0.9266527893920848
3685,-10000.0,800.0,2,0.9266445229055236
3686,-10000.0,200.0,7,0.9266155908535356
3687,-10000.0,200.0,1,0.9266114577859141
3688,50000.0,800.0,3,0.9265990587070406
3689,-10000.0,800.0,5,0.926578393988883
3690,-10000.0,800.0,2,0.9265701282462718
3691,-10000.0,800.0,3,0.9265577297873369
3692,-10000,800.0,1,0.9265535970090198
3693,-10000.0,800.0,7,0.9265246681393827
3694,-10000.0,800.0,1,0.9265205355263736
3695,-10000.0,800.0,3,0.9265081378113238
3696,-10000.0,200.0,7,0.9264792105327307
3697,-10000.0,200.0,1,0.926475078147009
3698,-10000.0,200.0,4,0.92645854881074
3699,50000.0,200.0,8,0.9264254911299457
3700,-10000.0,200.0,7,0.9263965667439358
3701,-10000.0,200.0,1,0.926392434771432
3702,-10000.0,-400.0,1,0.926388302819588
3703,50000.0,200.0,5,0.9263676433702617
3704,-10000.0,-400.0,1,0.9263635115423745
3705,-10000.0,-400.0,3,0.9263511161826667
3706,-10000.0,-400.0,2,0.9263428527128224
3707,-10000.0,-400.0,5,0.9263221943997344
3708,50000.0,200.0,10,0.9262808793229
3709,-10000.0,200.0,1,0.9262767479288319
3710,-10000.0,200.0,2,0.9262684852026664
3711,50000.0,800.0,13,0.9262147794965825
3712,-10000.0,800.0,2,0.9262065173900982
3713,-10000.0,800.0,5,0.9261858624853507
3714,-10000.0,200.0,3,0.926173469790359
3715,50000.0,800.0,4,0.9261569464861967
3716,50000.0,1400.0,5,0.9261362928207065
3717,-10000.0,1400.0,5,0.9261156396715514
3718,-10000.0,1400.0,1,0.9261115091036795
3719,-10000.0,1400.0,2,0.9261032480298939
3720,-10000.0,1400.0,1,0.92609911752398
3721,50000.0,2000.0,5,0.9260784653041957
3722,-10000.0,2000.0,4,0.9260619439001042
3723,-10000.0,1400.0,1,0.9260578136007105
3724,-10000.0,1400.0,1,0.9260536833219681
3725,-10000.0,800.0,2,0.9260454228264374
3726,-10000.0,800.0,5,0.9260247719490039
3727,-10000.0,800.0,2,0.9260165117425855
3728,-10000.0,200.0,7,0.9259876016706037
3729,-10000.0,200.0,5,0.9259669522386809
3730,-10000.0,200.0,4,0.9259504330648284
3731,-10000.0,200.0,3,0.9259380439012515
3732,-10000.0,200.0,4,0.9259215253055599
3733,-10000,200.0,1,0.9259173957082574
3734,-10000.0,-400.0,4,0.9259008775255256
3735,-10000.0,-400.0,5,0.9258802302616793
3736,-10000.0,-1000.0,5,0.9258595835140082
3737,-10000.0,-1000.0,2,0.9258513249594659
3738,50000.0,-400.0,8,0.9258182915671398
3739,50000.0,200.0,2,0.9258100334255149
3740,-10000.0,-400.0,1,0.9258059043856703
3741,-10000.0,-1000.0,1,0.9258017753664709
3742,-10000.0,-1000.0,3,0.9257893884327427
3743,50000.0,-1000.0,5,0.9257687439560889
3744,-10000,-1000.0,1,0.9257646151226913
3745,50000.0,-400.0,5,0.9257439712653625
3746,-10000.0,-400.0,1,0.9257398425558279
3747,-10000.0,-400.0,5,0.9257191993178057
3748,-10000.0,-400.0,3,0.9257068136227088
3749,-10000.0,-400.0,2,0.9256985565958578
3750,50000.0,-400.0,7,0.9256696576521113
3751,-10000.0,-400.0,2,0.9256614009968182
3752,-10000,-400.0,1,0.925657272700134
3753,-10000.0,-400.0,2,0.9256490161686897
3754,50000.0,200.0,13,0.9255953507267844
3755,-10000.0,200.0,2,0.9255870948145568
3756,-10000.0,200.0,1,0.9255829668894026
3757,50000.0,800.0,10,0.9255416887730197
3758,50000.0,800.0,3,0.925529305740561
3759,-10000.0,800.0,2,0.92552105048878
3760,-10000.0,800.0,6,0.925496285228746
3761,50000.0,1400.0,6,0.9254715207116587
3762,-10000.0,1400.0,2,0.925463266037725
3763,-10000.0,1400.0,2,0.9254550114463377
3764,50000.0,2000.0,8,0.9254219939062351
3765,-10000.0,2000.0,1,0.9254178668065833
3766,-10000.0,2000.0,4,0.9254013586143296
3767,50000.0,2600.0,3,0.9253889776868076
3768,-10000.0,2000.0,4,0.9253724700723306
3769,-10000.0,2000.0,3,0.9253600895781334
3770,-10000.0,2000.0,1,0.9253559627880025
3771,-10000.0,2000.0,2,0.9253477092696424
3772,-10000.0,1400.0,3,0.9253353291468545
3773,-10000.0,1400.0,10,0.925294063412049
3774,-10000.0,1400.0,1,0.9252899369520481
3775,-10000.0,1400.0,2,0.925281684093943
3776,-10000.0,1400.0,3,0.9252693049615253
3777,-10000.0,1400.0,2,0.925261052309739
3778,-10000.0,1400.0,1,0.9252569260147931
3779,-10000.0,1400.0,3,0.9252445472537438
3780,-10000.0,1400.0,2,0.9252362948495335
3781,-10000.0,1400.0,3,0.9252239163979493
3782,-10000.0,1400.0,3,0.9252115381320406
3783,-10000.0,1400.0,2,0.9252032860579198
3784,-10000.0,1400.0,2,0.9251950340663192
3785,-10000.0,1400.0,2,0.9251867821572382
3786,-10000.0,1400.0,10,0.9251455238495965
3787,-10000.0,1400.0,3,0.9251331467595673
3788,50000.0,1400.0,6,0.9251083931364706
3789,-10000.0,1400.0,2,0.9251001420937945
3790,-10000.0,1400.0,1,0.9250960166033978
3791,-10000.0,1400.0,2,0.9250877656844865
3792,-10000.0,1400.0,3,0.925075389460823
3793,-10000.0,1400.0,4,0.9250588881180478
3794,-10000.0,1400.0,4,0.9250423871052962
3795,-10000.0,1400.0,2,0.9250341367226771
3796,-10000.0,1400.0,2,0.9250258864225614
3797,-10000.0,1400.0,6,0.9250011360172267
3798,-10000.0,1400.0,6,0.9249763863543929
3799,-10000.0,800.0,4,0.9249598869916601
3800,-10000.0,800.0,7,0.9249310139008974
3801,-10000.0,800.0,2,0.9249227646320047
3802,-10000.0,800.0,2,0.9249145154456045
3803,-10000.0,200.0,7,0.924885643942818
3804,-10000.0,200.0,2,0.9248773951276229
3805,-10000.0,200.0,3,0.9248650220594942
3806,50000.0,800.0,5,0.9248444006917108
3807,-10000.0,800.0,1,0.9248402764800179
3808,-10000.0,200.0,3,0.9248279039686648
3809,50000.0,800.0,5,0.9248072835288221
3810,-10000.0,800.0,10,0.9247660441956377
3811,-10000.0,200.0,2,0.9247577965764339
3812,50000.0,800.0,4,0.9247413015854528
3813,-10000.0,800.0,1,0.924737177889254
3814,-10000.0,800.0,3,0.9247248069243682
3815,50000.0,800.0,15,0.9246629548833295
3816,-10000.0,200.0,10,0.9246217227663968
3817,-10000,200.0,1,0.9246175996680908
3818,-10000.0,200.0,1,0.9246134765904
3819,50000.0,800.0,3,0.9246011074810198
3820,-10000.0,800.0,2,0.9245928615111749
3821,-10000.0,200.0,3,0.9245804927110184
3822,-10000.0,200.0,4,0.9245640012660793
3823,-10000.0,200.0,2,0.9245557556672945
3824,-10000.0,200.0,3,0.9245433874237217
3825,-10000.0,200.0,1,0.9245392647170912
3826,-10000.0,200.0,6,0.9245145289101887
3827,50000.0,800.0,9,0.9244774265911962
3828,50000.0,1400.0,7,0.924448570386252
3829,50000.0,2000.0,8,0.9244155931029866
3830,-10000.0,2000.0,5,0.9243949829707868
3831,50000.0,2600.0,4,0.9243784952360052
3832,-10000.0,2600.0,3,0.9243661296513189
3833,-10000.0,2600.0,2,0.9243578860312405
3834,-10000.0,2600.0,2,0.924349642493598
3835,-10000.0,2600.0,1,0.92434552075569
3836,-10000.0,2600.0,4,0.9243290340101428
3837,-10000.0,2600.0,2,0.9243207907610189
3838,-10000.0,2000.0,1,0.9243166691673692
3839,50000.0,2000.0,9,0.9242795757518647
3840,-10000.0,2000.0,1,0.9242754543642895
3841,-10000.0,2000.0,2,0.9242672116509595
3842,-10000.0,2000.0,2,0.9242589690200562
3843,-10000.0,1400.0,7,0.9242301204609932
3844,-10000.0,1400.0,2,0.924221878201
3845,-10000.0,800.0,2,0.9242136360234289
3846,-10000.0,800.0,1,0.9242095149655515
3847,-10000.0,800.0,1,0.9242053939282793
3848,-10000.0,800.0,1,0.9242012729116121
3849,-10000.0,800.0,2,0.924193030940093
3850,-10000.0,200.0,3,0.9241806681373501
3851,-10000.0,200.0,3,0.9241683055200479
3852,-10000.0,200.0,2,0.9241600638782009
3853,50000.0,800.0,7,0.9241312187807573
3854,-10000.0,200.0,1,0.9241270981349651
3855,-10000.0,200.0,2,0.92411885690519
3856,-10000.0,200.0,1,0.924114736321207
3857,-10000.0,-400.0,3,0.9241023746928745
3858,50000.0,-400.0,6,0.9240776519924762
3859,-10000.0,-400.0,3,0.9240652909204045
3860,-10000.0,-400.0,1,0.9240611706042507
3861,-10000.0,-1000.0,4,0.9240446895456498
3862,-10000.0,-1000.0,4,0.9240282088166667
3863,-10000.0,-1000.0,1,0.924024088685923
3864,-10000.0,-1600.0,3,0.9240117284172948
3865,50000.0,-1000.0,4,0.9239952483475278
3866,50000.0,-400.0,3,0.9239828885115016
3867,-10000.0,-1000.0,1,0.9239787686073588
3868,-10000.0,-1000.0,1,0.9239746487238155
3869,-10000.0,-1000.0,1,0.9239705288608715
3870,-10000.0,-1000.0,2,0.9239622891967813
3871,-10000.0,-1000.0,2,0.9239540496150873
3872,-10000.0,-1000.0,4,0.9239375706988847
3873,-10000.0,-1000.0,1,0.9239334510213304
3874,-10000.0,-1000.0,3,0.9239210921122573
3875,-10000.0,-1000.0,13,0.9238675389817654
3876,-10000.0,-1000.0,5,0.9238469425507474
3877,-10000.0,-1000.0,4,0.9238304657766646
3878,-10000.0,-1000.0,1,0.9238263466346337
3879,-10000.0,-1000.0,2,0.9238181084123585
3880,-10000.0,-1000.0,3,0.9238057512334114
3881,-10000.0,-1000.0,5,0.9237851563470677
3882,-10000.0,-1000.0,3,0.9237727996623978
3883,-10000.0,-1000.0,1,0.9237686808086967
3884,-10000.0,-1000.0,2,0.9237604431630768
3885,-10000,-1000.0,1,0.9237563243711581
3886,-10000.0,-1000.0,8,0.9237233747771795
3887,50000.0,-400.0,6,0.923698663446608
3888,50000.0,-400.0,7,0.923669834497897
3889,-10000.0,-400.0,5,0.9236492430094291
3890,50000.0,200.0,7,0.923620415790403
3891,-10000.0,200.0,2,0.923612179627426
3892,-10000.0,200.0,5,0.923591589580312
3893,-10000.0,200.0,3,0.9235792357991218
3894,50000.0,800.0,5,0.9235586465755933
3895,-10000.0,800.0,1,0.9235545287926549
3896,50000.0,1400.0,10,0.9235133520956412
3897,50000.0,2000.0,4,0.9234968819933009
3898,50000.0,2600.0,8,0.9234639427768099
3899,50000.0,3200.0,3,0.9234515909103075
3900,-10000.0,3200.0,5,0.9234310048778612
3901,-10000.0,3200.0,6,0.9234063023182552
3902,-10000.0,3200.0,1,0.9234021852970361
3903,-10000.0,3200.0,1,0.9233980682964021
3904,50000.0,3800.0,6,0.9233733667248787
3905,-10000.0,3800.0,1,0.9233692498683372
3906,-10000.0,3200.0,3,0.9233568994222177
3907,-10000.0,3200.0,3,0.9233445491613536
3908,-10000.0,3200.0,6,0.92331984919538
3909,-10000.0,2600.0,6,0.9232951499703944
3910,-10000.0,2600.0,1,0.9232910335049358
3911,-10000.0,2600.0,8,0.9232581025222195
3912,-10000.0,2000.0,5,0.9232375213269225
3913,-10000.0,2000.0,4,0.9232210567411424
3914,-10000.0,2000.0,6,0.923196360479886
3915,-10000.0,1400.0,2,0.9231881285574409
3916,-10000.0,1400.0,5,0.923167549111471
3917,-10000.0,1400.0,8,0.9231346230680318
3918,-10000.0,1400.0,1,0.9231305074052056
3919,-10000.0,800.0,2,0.923122276141288
3920,-10000.0,800.0,1,0.9231181605401964
3921,50000.0,1400.0,7,0.9230893519087314
3922,-10000.0,1400.0,6,0.9230646595985607
3923,50000.0,2000.0,11,0.9230193922871452
3924,-10000,2000.0,1,0.9230152772004715
3925,50000.0,2600.0,4,0.9229988170595295
3926,-10000.0,2600.0,1,0.9229947020757316
3927,-10000.0,2000.0,2,0.9229864721698605
3928,-10000.0,1400.0,4,0.9229700126050133
3929,-10000.0,800.0,3,0.9229576681474079
3930,-10000.0,800.0,2,0.9229494386118742
3931,-10000.0,200.0,3,0.9229370944628763
3932,50000.0,800.0,4,0.9229206358855733
3933,-10000.0,800.0,3,0.9229082921686131
3934,-10000.0,800.0,2,0.9229000631268367
3935,-10000.0,800.0,4,0.9228836052901532
3936,-10000.0,800.0,2,0.9228753764952443
3937,-10000.0,800.0,3,0.9228630334571699
3938,-10000.0,800.0,5,0.922842462138476
3939,-10000.0,200.0,1,0.9228383479364508
3940,-10000.0,200.0,2,0.9228301195941132
3941,-10000.0,200.0,1,0.9228260054538007
3942,-10000.0,200.0,3,0.9228136631562863
3943,-10000.0,200.0,2,0.9228054350607953
3944,-10000.0,200.0,3,0.9227930930718345
3945,-10000.0,200.0,5,0.9227725235016284
3946,50000.0,800.0,6,0.9227478406961672
3947,-10000.0,800.0,2,0.9227396132588976
3948,50000.0,1400.0,6,0.9227149314407289
3949,-10000.0,1400.0,5,0.9226943638245393
3950,50000.0,2000.0,7,0.9226655700256998
3951,50000.0,2600.0,5,0.92264500364353
3952,-10000.0,2600.0,2,0.9226367772346257
3953,-10000.0,2000.0,3,0.9226244377755133
3954,-10000.0,2000.0,8,0.922591533456093
3955,50000.0,2600.0,9,0.9225545176699489
3956,-10000.0,2600.0,2,0.9225462921658999
3957,-10000.0,2600.0,3,0.9225339540640534
3958,-10000.0,2000.0,1,0.9225298414045647
3959,50000.0,2600.0,13,0.92247637870243
3960,-10000.0,2600.0,3,0.9224640416492776
3961,50000.0,3200.0,6,0.9224393680981332
3962,-10000.0,3200.0,2,0.9224311437455741
3963,-10000.0,3200.0,1,0.9224270316001358
3964,-10000.0,3200.0,4,0.9224105832239881
3965,-10000.0,2600.0,20,0.9223283462775815
3966,-10000.0,2000.0,4,0.9223118998751205
3967,-10000.0,2000.0,4,0.9222954538015843
3968,50000.0,2600.0,11,0.9222502287953244
3969,-10000.0,2600.0,7,0.9222214505409388
3970,50000.0,3200.0,7,0.9221926732937746
3971,-10000.0,3200.0,1,0.9221885623406857
3972,-10000.0,3200.0,1,0.9221844514081513
3973,50000.0,3800.0,5,0.9221638970537965
3974,-10000.0,3800.0,2,0.9221556754559341
3975,-10000.0,3800.0,4,0.9221392325068549
3976,-10000.0,3800.0,5,0.9221186792829587
3977,-10000.0,3800.0,3,0.9221063475952573
3978,50000.0,4400.0,5,0.9220857951934736
3979,-10000.0,4400.0,1,0.9220816847747736
3980,-10000.0,4400.0,6,0.9220570226941635
3981,50000.0,5000.0,6,0.9220323613534046
3982,50000.0,5600.0,8,0.9219994807165676
3983,50000.0,6200.0,6,0.9219748211020422
3984,-10000.0,6200.0,4,0.9219583817700139
3985,50000.0,6800.0,9,0.9219213944750547
3986,50000.0,7400.0,7,0.9218926277296691
3987,50000.0,7400.0,2,0.9218844088444862
3988,50000.0,7400.0,6,0.9218597526820651
3989,50000.0,8000.0,2,0.9218515341256313
3990,50000.0,8000.0,5,0.9218309880941045
3991,-10000.0,8000.0,3,0.9218186607217386
3992,-10000.0,8000.0,3,0.921806333534282
3993,-10000.0,8000.0,2,0.9217981155120368
3994,-10000.0,7400.0,1,0.9217940065317317
3995,-10000.0,7400.0,9,0.9217570266334917
3996,-10000.0,6800.0,4,0.9217405916573094
3997,-10000.0,6200.0,2,0.9217323742924797
3998,-10000.0,5600.0,2,0.9217241570098232
3999,50000.0,5600.0,7,0.921695397167628
4000,50000.0,6200.0,7,0.9216666383320098
4001,-10000.0,6200.0,4,0.9216502051635753
4002,-10000.0,6200.0,7,0.9216214479096495
4003,-10000.0,6200.0,2,0.9216132317362513
4004,50000.0,6200.0,8,0.9215803678642637
4005,-10000.0,6200.0,2,0.921572152101664
4006,50000.0,6800.0,12,0.9215228592513381
4007,50000.0,7400.0,5,0.9215023214365807
4008,-10000.0,7400.0,1,0.9214982139352422
4009,-10000.0,7400.0,1,0.9214941064544412
4010,-10000.0,7400.0,2,0.9214858915544513
4011,50000.0,8000.0,11,0.9214407110728904
4012,-10000.0,8000.0,3,0.9214283895546359
4013,-10000.0,8000.0,7,0.9213996400641206
4014,-10000.0,8000.0,2,0.9213914261087898
4015,-10000.0,8000.0,4,0.9213749984445447
4016,-10000.0,8000.0,3,0.9213626779119722
4017,-10000.0,8000.0,2,0.9213544643262612
4018,-10000.0,8000.0,4,0.9213380374012444
4019,50000.0,8600.0,4,0.9213216108047629
4020,-10000.0,8600.0,4,0.9213051845368101
4021,-10000.0,8000.0,1,0.9213010780211537
4022,-10000.0,8000.0,1,0.9212969715260299
4023,50000.0,8000.0,2,0.9212887585973792
4024,-10000.0,8000.0,2,0.9212805457508576
4025,-10000.0,7400.0,4,0.9212641203041976
4026,-10000.0,7400.0,3,0.9212518014347848
4027,-10000.0,7400.0,3,0.9212394827501537
4028,-10000.0,7400.0,5,0.9212189520197201
4029,50000.0,8000.0,3,0.9212066338278265
4030,-10000.0,8000.0,2,0.9211984218025484
4031,-10000.0,8000.0,4,0.9211819979983509
4032,-10000.0,7400.0,1,0.9211778920986257
4033,-10000.0,7400.0,2,0.9211696803607635
4034,-10000.0,7400.0,2,0.9211614687050181
4035,-10000.0,7400.0,3,0.9211491513753679
4036,-10000.0,7400.0,3,0.921136834230476
4037,-10000.0,7400.0,2,0.9211286229031904
4038,-10000.0,7400.0,5,0.9211080949442184
4039,-10000.0,7400.0,2,0.9210998839043242
4040,-10000.0,7400.0,7,0.9210711459113053
4041,50000.0,8000.0,5,0.9210506193892402
4042,-10000.0,8000.0,3,0.9210383037223171
4043,-10000.0,8000.0,4,0.9210218831204492
4044,-10000.0,8000.0,2,0.9210136729426689
4045,-10000,8000.0,1,0.9210095678845669
4046,-10000.0,7400.0,5,0.9209890429019332
4047,-10000.0,7400.0,2,0.9209808330525534
4048,50000.0,7400.0,6,0.9209562039969995
4049,-10000.0,7400.0,1,0.9209520992262414
4050,-10000.0,6800.0,2,0.9209438897462967
4051,-10000.0,6200.0,2,0.9209356803484463
4052,-10000.0,6200.0,3,0.9209233664055959
4053,-10000.0,6200.0,2,0.9209151572129778
4054,-10000.0,6200.0,4,0.9208987390740155
4055,-10000.0,5600.0,3,0.92088642568528
4056,50000.0,6200.0,4,0.9208700081209426
4057,-10000.0,6200.0,4,0.920853590884953
4058,-10000.0,6200.0,3,0.9208412781734353
4059,50000.0,6200.0,13,0.9207879252243437
4060,-10000.0,6200.0,2,0.9207797173861307
4061,-10000.0,5600.0,2,0.9207715096299957
4062,-10000.0,5600.0,1,0.9207674057827071
4063,-10000.0,5600.0,1,0.9207633019559378
4064,50000.0,6200.0,4,0.9207468868540503
4065,-10000.0,6200.0,1,0.9207427831298753
4066,-10000.0,6200.0,2,0.920734575743081
4067,-10000.0,6200.0,2,0.9207263684383602
4068,-10000.0,5600.0,1,0.920722264816777
4069,-10000.0,5600.0,2,0.9207140576351649
4070,-10000.0,5000.0,3,0.9207017470166302
4071,50000.0,5600.0,6,0.9206771263335317
4072,50000.0,6200.0,5,0.9206566096618329
4073,-10000.0,5600.0,5,0.9206360935030444
4074,-10000.0,5600.0,1,0.9206319903328348
4075,-10000.0,5600.0,3,0.9206196809453004
4076,-10000.0,5600.0,4,0.9206032687158044
4077,-10000.0,5600.0,1,0.9205991657097183
4078,-10000,5000.0,1,0.9205950627241473
4079,-10000.0,5000.0,3,0.9205827538905229
4080,-10000.0,5000.0,3,0.9205704452415296
4081,-10000.0,4400.0,1,0.9205663423995606
4082,-10000.0,3800.0,1,0.9205622395781056
4083,50000.0,3800.0,6,0.9205376230801675
4084,50000.0,4400.0,3,0.9205253151081314
4085,-10000.0,3800.0,5,0.9205048022316658
4086,50000.0,3800.0,4,0.920488392299721
4087,-10000.0,3200.0,3,0.920476085066141
4088,50000.0,3200.0,9,0.9204391644730325
4089,-10000.0,2600.0,6,0.9204145516672924
4090,-10000.0,2000.0,3,0.9204022455413134
4091,-10000.0,2000.0,1,0.9203981435403408
4092,-10000.0,2000.0,2,0.9203899395999251
4093,50000.0,2600.0,2,0.9203817357415485
4094,-10000.0,2600.0,5,0.9203612264545221
4095,-10000.0,2600.0,1,0.9203571246586443
4096,-10000.0,2600.0,2,0.9203489211284155
4097,-10000.0,2600.0,1,0.9203448193940641
4098,50000.0,3200.0,7,0.9203161078278407
4099,-10000.0,2600.0,2,0.9203079047077781
4100,50000.0,2600.0,5,0.9202873972665044
4101,-10000.0,2600.0,6,0.9202627890137122
4102,-10000.0,2600.0,4,0.9202463839219833
4103,-10000.0,2600.0,3,0.9202340803185017
4104,-10000.0,2000.0,4,0.9202176758009412
4105,50000.0,2600.0,15,0.9201561617820605
4106,-10000.0,2000.0,1,0.9201520610115036
4107,-10000.0,1400.0,4,0.9201356581343128
4108,-10000.0,1400.0,16,0.920070049906026
4109,-10000.0,1400.0,4,0.9200536486690409
4110,50000.0,2000.0,5,0.9200331475840887
4111,50000.0,2000.0,13,0.9199798471617783
4112,-10000.0,2000.0,1,0.9199757472727923
4113,-10000.0,2000.0,2,0.9199675475563182
4114,-10000.0,2000.0,6,0.9199429488988732
4115,-10000.0,2000.0,1,0.9199388491943779
4116,-10000.0,2000.0,1,0.9199347495103812
4117,-10000.0,2000.0,5,0.919914251397871
4118,-10000.0,2000.0,1,0.9199101518368628
4119,-10000,1400.0,1,0.9199060522963525
4120,-10000.0,1400.0,2,0.9198978532768247
4121,-10000.0,1400.0,5,0.9198773560867087
4122,-10000.0,1400.0,2,0.9198691573541415
4123,-10000.0,800.0,7,0.9198404624357982
4124,-10000.0,800.0,1,0.919836363243734
4125,-10000.0,800.0,1,0.9198322640721657
4126,-10000.0,800.0,1,0.9198281649210932
4127,-10000.0,800.0,3,0.9198158675908497
4128,-10000.0,800.0,3,0.9198035704450646
4129,50000.0,800.0,6,0.9197789767068592
4130,-10000.0,800.0,6,0.9197543837064548
4131,-10000.0,800.0,1,0.9197502849447832
4132,-10000.0,800.0,2,0.9197420874829211
4133,50000.0,1400.0,7,0.9197133970119454
4134,50000.0,2000.0,14,0.9196560190824055
4135,-10000.0,2000.0,1,0.9196519208125558
4136,-10000.0,2000.0,1,0.9196478225631973
4137,-10000.0,2000.0,2,0.919639626125954
4138,-10000.0,2000.0,3,0.9196273316237711
4139,-10000.0,2000.0,1,0.9196232334973583
4140,-10000.0,2000.0,1,0.919619135391436
4141,-10000.0,1400.0,2,0.919610939241063
4142,-10000.0,1400.0,3,0.9195986451691801
4143,-10000.0,1400.0,1,0.9195945471861993
4144,-10000.0,1400.0,3,0.9195822533601954
4145,50000.0,2000.0,13,0.919528982245057
4146,-10000.0,2000.0,4,0.9195125918293168
4147,-10000.0,2000.0,1,0.9195084942766015
4148,-10000.0,1400.0,4,0.9194921042706166
4149,-10000.0,1400.0,1,0.9194880068203389
4150,-10000.0,1400.0,6,0.9194634225489002
4151,-10000.0,1400.0,1,0.9194593252420308
4152,-10000.0,1400.0,1,0.9194552279556477
4153,-10000.0,1400.0,2,0.9194470334443408
4154,-10000.0,1400.0,4,0.9194306446675602
4155,-10000.0,1400.0,1,0.9194265475245798
4156,-10000.0,800.0,3,0.9194142562185519
4157,-10000.0,800.0,1,0.9194101591575135
4158,-10000.0,800.0,1,0.9194060621169603
4159,-10000.0,200.0,1,0.9194019650968922
4160,-10000.0,200.0,7,0.9193732865299917
4161,-10000.0,200.0,4,0.9193568992281347
4162,-10000.0,200.0,2,0.9193487057001102
4163,-10000.0,200.0,2,0.9193405122540205
4164,50000.0,200.0,7,0.9193118358379317
4165,-10000.0,200.0,1,0.919307739288994
4166,50000.0,800.0,8,0.9192749676348598
4167,-10000.0,800.0,13,0.9192217164926444
4168,-10000.0,800.0,2,0.9192135243164404
4169,-10000.0,800.0,1,0.919209428259059
4170,-10000.0,800.0,3,0.9191971402097957
4171,50000.0,800.0,3,0.9191848523448518
4172,-10000.0,200.0,1,0.9191807564308299
4173,-10000.0,200.0,1,0.9191766605372874
4174,-10000.0,200.0,1,0.9191725646642245
4175,-10000.0,200.0,4,0.9191561813767646
4176,-10000.0,200.0,2,0.9191479898559085
4177,-10000.0,200.0,1,0.9191438941261986
4178,-10000.0,200.0,5,0.9191234157848257
4179,50000.0,800.0,8,0.9190906515034843
4180,-10000.0,800.0,4,0.9190742698542713
4181,50000.0,1400.0,9,0.9190374123414282
4182,50000.0,2000.0,4,0.9190210317569877
4183,-10000.0,1400.0,1,0.9190169366620666
4184,-10000.0,800.0,4,0.9190005564871357
4185,-10000.0,800.0,3,0.9189882715709254
4186,50000.0,800.0,11,0.9189432284546861
4187,-10000.0,800.0,4,0.9189268497539046
4188,-10000.0,200.0,3,0.9189145659432871
4189,-10000.0,200.0,3,0.9189022823169254
4190,-10000.0,200.0,3,0.9188899988748167
4191,50000.0,800.0,5,0.9188695268807457
4192,-10000.0,800.0,3,0.9188572439299649
4193,50000.0,800.0,7,0.9188285844279717
4194,-10000.0,800.0,3,0.9188163020913229
4195,-10000.0,800.0,3,0.9188040199389079
4196,50000.0,1400.0,5,0.9187835500942836
4197,-10000.0,1400.0,5,0.9187630807613989
4198,-10000.0,800.0,1,0.9187589869562297
4199,-10000.0,800.0,3,0.9187467056635352
4200,50000.0,800.0,6,0.9187221436307976
4201,-10000.0,800.0,5,0.9187016758330555
4202,-10000.0,800.0,4,0.918685301963278
4203,-10000.0,800.0,4,0.9186689284209747
4204,-10000.0,800.0,3,0.9186566484791483
4205,-10000.0,200.0,3,0.9186443687215196
4206,-10000.0,200.0,2,0.9186361823187643
4207,-10000.0,200.0,1,0.9186320891480856
4208,-10000.0,200.0,3,0.918619809758844
4209,-10000.0,200.0,1,0.9186157166700281
4210,-10000.0,-400.0,3,0.9186034375263717
4211,50000.0,-400.0,5,0.918582972696245
4212,50000.0,200.0,5,0.9185625083777327
4213,-10000.0,200.0,4,0.9185461372912765
4214,-10000.0,200.0,4,0.918529766532239
4215,50000.0,800.0,7,0.9185011184917539
4216,-10000.0,800.0,5,0.9184806562195711
4217,50000.0,1400.0,7,0.9184520098979169
4218,-10000.0,1400.0,5,0.9184315488534336
4219,-10000.0,1400.0,1,0.9184274567059197
4220,-10000.0,1400.0,3,0.9184151803861417
4221,-10000.0,1400.0,1,0.91841108832047
4222,-10000.0,1400.0,1,0.9184069962752586
4223,-10000.0,1400.0,1,0.9184029042505072
4224,-10000.0,1400.0,1,0.918398812246216
4225,-10000.0,1400.0,4,0.9183824444336498
4226,-10000.0,1400.0,1,0.9183783525316573
4227,50000.0,2000.0,2,0.9183701687890508
4228,50000.0,2600.0,9,0.9183333429600427
4229,-10000.0,2000.0,1,0.918329251303557
4230,-10000.0,2000.0,2,0.9183210680519602
4231,50000.0,2600.0,3,0.9183087933280002
4232,-10000.0,2600.0,1,0.9183047017942624
4233,-10000.0,2000.0,3,0.9182924273157942
4234,-10000.0,1400.0,1,0.9182883358638864
4235,50000.0,2000.0,4,0.9182719702608256
4236,-10000.0,2000.0,5,0.918251513717277
4237,50000.0,2600.0,8,0.9182187843113208
4238,50000.0,3200.0,7,0.918190147155023
4239,-10000.0,3200.0,7,0.9181615110010082
4240,-10000.0,3200.0,2,0.918153329426806
4241,50000.0,3800.0,4,0.9181369665238472
4242,-10000.0,3800.0,2,0.9181287851950887
4243,-10000.0,3800.0,2,0.9181206039481431
4244,-10000.0,3800.0,4,0.9181042416996871
4245,50000.0,3800.0,10,0.9180633375102154
4246,-10000.0,3800.0,1,0.9180592472037535
4247,-10000.0,3800.0,1,0.9180551569177432
4248,-10000.0,3800.0,5,0.9180347057944604
4249,-10000.0,3800.0,8,0.9180019850606477
4250,-10000.0,3800.0,5,0.9179815352666446
4251,-10000.0,3800.0,2,0.917973355492191
4252,50000.0,4400.0,4,0.9179569961886747
4253,-10000.0,4400.0,3,0.9179447269257516
4254,-10000.0,4400.0,1,0.9179406372123413
4255,-10000.0,4400.0,1,0.9179365475193794
4256,-10000.0,4400.0,3,0.917924278563184
4257,-10000.0,4400.0,1,0.9179201889520152
4258,-10000.0,4400.0,5,0.9178997412028894
4259,-10000.0,4400.0,1,0.9178956517144071
4260,-10000.0,4400.0,1,0.9178915622463723
4261,-10000.0,4400.0,1,0.9178874727987846
4262,50000.0,5000.0,10,0.9178465794474869
4263,-10000.0,5000.0,1,0.9178424902248128
4264,-10000.0,4400.0,4,0.9178261335385757
4265,-10000.0,4400.0,1,0.9178220444181308
4266,-10000.0,3800.0,1,0.9178179553181315
4267,-10000.0,3800.0,3,0.9178056881408058
4268,-10000.0,3800.0,4,0.917789332190603
4269,50000.0,4400.0,3,0.9177770654426209
4270,-10000.0,4400.0,11,0.9177320889408868
4271,50000.0,4400.0,8,0.9176993803115061
4272,-10000.0,4400.0,6,0.9176748496980578
4273,50000.0,5000.0,4,0.9176584963645976
4274,-10000.0,5000.0,2,0.9176503198205168
4275,-10000.0,5000.0,4,0.9176339669776494
4276,-10000.0,5000.0,3,0.9176217025601281
4277,-10000.0,5000.0,2,0.9176135263839834
4278,-10000.0,5000.0,1,0.9176094383265716
4279,-10000.0,4400.0,2,0.9176012622730687
4280,-10000.0,4400.0,4,0.9175849104113425
4281,50000.0,4400.0,9,0.9175481199181662
4282,-10000.0,3800.0,1,0.917544032187786
4283,-10000.0,3800.0,2,0.9175358567883412
4284,50000.0,4400.0,6,0.917511331080525
4285,-10000.0,4400.0,4,0.9174949810174046
4286,-10000.0,3800.0,2,0.917486806108469
4287,-10000.0,3800.0,8,0.9174541072902053
4288,-10000.0,3800.0,2,0.917445932790005
4289,-10000.0,3800.0,2,0.9174377583715493
4290,-10000.0,3800.0,3,0.917425496897135
4291,-10000.0,3200.0,4,0.917409148550681
4292,50000.0,3800.0,5,0.9173887135774055
4293,-10000.0,3200.0,1,0.917384626644055
4294,-10000.0,3200.0,3,0.9173723659666106
4295,50000.0,3800.0,4,0.9173560186827647
4296,-10000.0,3200.0,6,0.9173314983700107
4297,50000.0,3800.0,4,0.9173151519035085
4298,-10000.0,3800.0,9,0.9172783735491921
4299,-10000.0,3800.0,1,0.9172742871675402
4300,-10000.0,3200.0,10,0.9172334244747576
4301,-10000.0,3200.0,6,0.9172089078397748
4302,-10000.0,3200.0,2,0.9172007357915568
4303,-10000.0,3200.0,1,0.9171966497980928
4304,50000.0,3800.0,7,0.9171680484158771
4305,-10000.0,3800.0,6,0.9171435337421464
4306,-10000.0,3800.0,1,0.9171394480346919
4307,50000.0,4400.0,6,0.9171149342189601
4308,-10000.0,4400.0,2,0.9171067631104735
4309,-10000.0,4400.0,1,0.9171026775868717
4310,-10000.0,4400.0,6,0.9170781648742367
4311,-10000.0,3800.0,5,0.9170577381754496
4312,-10000.0,3200.0,4,0.9170413971840965
4313,50000.0,3800.0,1,0.9170373119873236
4314,-10000.0,3800.0,1,0.9170332268109767
4315,-10000.0,3200.0,2,0.91702505651956
4316,-10000.0,3200.0,2,0.9170168863098459
4317,-10000.0,2600.0,9,0.9169801213771792
4318,-10000.0,2600.0,2,0.9169719516168142
4319,-10000.0,2600.0,10,0.9169311040404314
4320,-10000.0,2600.0,4,0.9169147655817358
4321,-10000.0,2600.0,3,0.9169025119521544
4322,-10000.0,2600.0,7,0.9168739208645831
4323,50000.0,3200.0,6,0.9168494150145468
4324,50000.0,3800.0,2,0.9168412465612389
4325,50000.0,4400.0,4,0.9168249098996749
4326,-10000.0,4400.0,7,0.9167963215281278
4327,-10000.0,3800.0,4,0.9167799857650554
4328,-10000.0,3200.0,6,0.9167554827330298
4329,-10000.0,3200.0,5,0.9167350641011954
4330,-10000.0,3200.0,4,0.9167187295632593
4331,50000.0,3200.0,3,0.9167064788741963
4332,50000.0,3800.0,11,0.916661561253104
4333,50000.0,4400.0,6,0.9166370617737606
4334,-10000.0,4400.0,5,0.9166166461024131
4335,-10000.0,3800.0,1,0.9166125630293903
4336,-10000.0,3800.0,1,0.9166084799767827
4337,50000.0,3800.0,4,0.9165921479705039
4338,50000.0,3800.0,5,0.9165717334219875
4339,50000.0,4400.0,9,0.91653498852075
4340,-10000.0,4400.0,1,0.916530905856014
4341,-10000.0,3800.0,4,0.916514575401202
4342,-10000.0,3800.0,4,0.9164982452729958
4343,-10000.0,3800.0,9,0.9164615036786506
4344,-10000.0,3800.0,1,0.916457421381338
4345,-10000.0,3200.0,5,0.9164370102009443
4346,-10000.0,3200.0,20,0.9163553705819731
4347,50000.0,3800.0,9,0.9163186354168443
4348,-10000.0,3800.0,2,0.916310472271306
4349,-10000.0,3800.0,2,0.9163023092073987
4350,-10000.0,3800.0,4,0.9162859833244739
4351,-10000.0,3800.0,1,0.9162819019047609
4352,-10000.0,3200.0,1,0.9162778205054548
4353,-10000.0,3200.0,1,0.9162737391265559
4354,-10000.0,3200.0,5,0.916253332538161
4355,-10000.0,3200.0,4,0.9162370076347598
4356,-10000.0,3200.0,4,0.9162206830578534
4357,-10000.0,3200.0,5,0.9162002777958438
4358,-10000.0,3200.0,1,0.9161961968046574
4359,-10000.0,3200.0,1,0.9161921158338757
4360,50000.0,3800.0,2,0.9161839539535269
4361,-10000.0,3800.0,4,0.9161676304376835
4362,50000.0,3800.0,1,0.9161635496097335
4363,-10000.0,3800.0,3,0.9161513072483073
4364,-10000.0,3800.0,1,0.9161472265019728
4365,-10000.0,3800.0,10,0.9161064201608148
4366,50000.0,4400.0,2,0.9160982591374183
4367,-10000.0,4400.0,1,0.9160941786563239
4368,-10000.0,4400.0,1,0.9160900981956318
4369,-10000.0,3800.0,5,0.9160696961982029
4370,-10000.0,3800.0,5,0.9160492947108176
4371,-10000.0,3200.0,1,0.9160452144745447
4372,50000.0,3800.0,12,0.9159962532305281
4373,-10000.0,3200.0,4,0.9159799334686617
4374,-10000.0,3200.0,4,0.9159636140331872
4375,-10000.0,3200.0,2,0.9159554544378449
4376,-10000.0,3200.0,3,0.915943215197823
4377,-10000.0,3200.0,3,0.9159309761413881
4378,-10000.0,3200.0,6,0.9159064985792691
4379,-10000.0,3200.0,4,0.9158901806124778
4380,50000.0,3800.0,2,0.915882021751466
4381,50000.0,3800.0,4,0.9158657042742063
4382,-10000.0,3800.0,2,0.9158575456579567
4383,-10000.0,3800.0,1,0.9158534663804265
4384,50000.0,3800.0,7,0.9158249120088077
4385,50000.0,4400.0,7,0.9157963586365744
4386,-10000.0,4400.0,4,0.9157800428725598
4387,-10000.0,4400.0,4,0.9157637274348572
4388,-10000.0,4400.0,8,0.9157310975383621
4389,-10000.0,4400.0,1,0.9157270188930711
4390,-10000.0,4400.0,9,0.915690312003132
4391,-10000.0,4400.0,6,0.915665841660829
4392,50000.0,4400.0,12,0.9156169031784985
4393,-10000.0,4400.0,1,0.9156128251041777
4394,50000.0,5000.0,1,0.9156087470502474
4395,-10000.0,4400.0,3,0.9155965130107971
4396,-10000.0,4400.0,4,0.9155802012436551
4397,50000.0,4400.0,6,0.9155557342046252
4398,50000.0,5000.0,6,0.9155312678995956
4399,-10000.0,5000.0,1,0.9155271902534502
4400,-10000.0,5000.0,1,0.915523112627693
4401,50000.0,5600.0,5,0.9155027248047262
4402,-10000.0,5600.0,4,0.9154864149133295
4403,-10000.0,5600.0,7,0.9154578733882872
4404,-10000.0,5000.0,5,0.9154374871962809
4405,-10000.0,5000.0,2,0.9154293328621806
4406,-10000.0,5000.0,1,0.9154252557257092
4407,-10000.0,4400.0,4,0.9154089473836787
4408,-10000.0,4400.0,2,0.9154007933349751
4409,-10000.0,4400.0,3,0.9153885624148073
4410,-10000.0,4400.0,3,0.9153763316781017
4411,50000.0,5000.0,5,0.9153559475246128
4412,-10000.0,5000.0,1,0.9153518707550672
4413,-10000.0,4400.0,8,0.9153192573325097
4414,50000.0,5000.0,6,0.9152947981216798
4415,-10000.0,5000.0,1,0.9152907216578803
4416,-10000.0,5000.0,2,0.9152825687914281
4417,-10000.0,5000.0,2,0.9152744160065043
4418,-10000.0,5000.0,1,0.9152703396446151
4419,-10000.0,5000.0,1,0.9152662633031078
4420,50000.0,5600.0,8,0.9152336533047799
4421,-10000.0,5600.0,8,0.915201044610826
4422,-10000.0,5600.0,1,0.9151969686157928
4423,-10000.0,5000.0,2,0.9151888166868665
4424,-10000.0,4400.0,2,0.9151806648394588
4425,-10000.0,3800.0,2,0.9151725130735694
4426,-10000.0,3800.0,2,0.9151643613891971
4427,50000.0,4400.0,4,0.9151480582650011
4428,50000.0,5000.0,4,0.9151317554668643
4429,-10000.0,5000.0,1,0.9151276798182761
4430,-10000.0,5000.0,5,0.915107301881006
4431,-10000.0,4400.0,1,0.9151032263546853
4432,-10000.0,3800.0,10,0.9150624722122297
4433,-10000.0,3200.0,8,0.9150298703653824
4434,50000.0,3800.0,5,0.9150094948733181
4435,-10000.0,3800.0,2,0.9150013448191197
4436,-10000,3800.0,1,0.914997269822583
4437,-10000.0,3200.0,4,0.9149809700401851
4438,-10000.0,2600.0,2,0.9149728202712335
4439,-10000.0,2000.0,1,0.9149687454173192
4440,50000.0,2600.0,3,0.9149565209778215
4441,-10000.0,2600.0,1,0.9149524462054036
4442,-10000.0,2600.0,1,0.9149483714533595
4443,50000.0,3200.0,6,0.914923923368939
4444,-10000.0,3200.0,7,0.9148954015307561
4445,-10000.0,3200.0,4,0.9148791037857036
4446,50000.0,3800.0,7,0.9148505835161787
4447,-10000.0,3200.0,1,0.9148465092734467
4448,50000.0,3800.0,6,0.9148220642448458
4449,50000.0,4400.0,8,0.9147894720141249
4450,-10000.0,4400.0,1,0.9147853980769497
4451,-10000.0,4400.0,3,0.9147731763876414
4452,-10000.0,4400.0,3,0.9147609548816572
4453,-10000.0,4400.0,7,0.9147324387472715
4454,50000.0,5000.0,4,0.914716144261442
4455,-10000.0,5000.0,3,0.9147039236109332
4456,-10000.0,5000.0,6,0.914679482859838
4457,-10000.0,5000.0,3,0.914667262759246
4458,-10000.0,5000.0,5,0.9146468963322585
4459,-10000.0,5000.0,3,0.9146346767204607
4460,-10000.0,4400.0,1,0.9146306035572601
4461,-10000.0,4400.0,1,0.9146265304144252
4462,50000.0,4400.0,6,0.914602091985091
4463,-10000.0,4400.0,2,0.9145939460049012
4464,-10000.0,4400.0,3,0.9145817271873525
4465,-10000.0,4400.0,2,0.9145735814108095
4466,-10000.0,3800.0,8,0.9145409991192033
4467,50000.0,4400.0,2,0.914532853749939
4468,-10000.0,4400.0,5,0.9145124906831347
4469,-10000.0,4400.0,2,0.9145043455989533
4470,-10000.0,4400.0,5,0.9144839832448437
4471,-10000.0,4400.0,3,0.9144717660767241
4472,50000.0,4400.0,9,0.914435115671891
4473,-10000.0,4400.0,1,0.914431043506493
4474,-10000.0,4400.0,4,0.914414755048508
4475,-10000.0,4400.0,4,0.9143984669162889
4476,-10000.0,4400.0,4,0.9143821791098292
4477,-10000.0,4400.0,4,0.9143658916291224
4478,50000.0,5000.0,4,0.9143496044741618
4479,50000.0,5600.0,2,0.9143414610188345
4480,-10000.0,5000.0,3,0.9143292459885322
4481,50000.0,5000.0,12,0.9142803876995361
4482,-10000.0,5000.0,1,0.9142763163077762
4483,-10000.0,5000.0,3,0.9142641022546372
4484,-10000.0,4400.0,4,0.9142478171354438
4485,-10000.0,3800.0,2,0.9142396746979847
4486,-10000.0,3800.0,1,0.9142356035097893
4487,50000.0,4400.0,6,0.9142111768080862
4488,-10000.0,4400.0,3,0.9141989637320325
4489,-10000.0,4400.0,1,0.9141948927473912
4490,-10000.0,4400.0,6,0.9141704672669928
4491,50000.0,5000.0,7,0.9141419717993121
4492,-10000.0,4400.0,2,0.914133830420301
4493,-10000.0,4400.0,6,0.914109406771745
4494,-10000.0,3800.0,4,0.9140931247464303
4495,-10000.0,3800.0,5,0.9140727726727137
4496,-10000.0,3800.0,2,0.9140646319856904
4497,-10000.0,3200.0,4,0.9140483508558627
4498,-10000.0,2600.0,6,0.914023929771655
4499,-10000.0,2600.0,2,0.9140157895730584
4500,-10000.0,2600.0,2,0.9140076494558633
4501,50000.0,2600.0,9,0.9139710199358082
4502,-10000.0,2600.0,1,0.9139669500908831
4503,50000.0,3200.0,3,0.9139547406782026
4504,50000.0,3800.0,6,0.9139303224022581
4505,-10000.0,3800.0,7,0.9139018353395005
4506,50000.0,4400.0,6,0.9138774186506925
4507,-10000.0,4400.0,2,0.9138692799171998
4508,-10000.0,4400.0,2,0.913861141265094
4509,-10000.0,4400.0,7,0.9138326566236338
4510,-10000.0,4400.0,2,0.9138245183377591
4511,-10000.0,3800.0,4,0.9138082420101562
4512,50000.0,4400.0,4,0.9137919660080766
4513,-10000.0,4400.0,5,0.9137716214632342
4514,-10000.0,3800.0,1,0.9137675526152991
4515,-10000.0,3800.0,5,0.9137472086807839
4516,-10000.0,3800.0,4,0.9137309338993587
4517,-10000,3800.0,1,0.9137268652548607
4518,-10000.0,3800.0,2,0.9137187280268944
4519,50000.0,4400.0,6,0.9136943168312233
4520,-10000.0,3800.0,9,0.913657701410819
4521,50000.0,4400.0,3,0.9136454966368339
4522,-10000.0,4400.0,8,0.9136129514678761
4523,-10000.0,4400.0,2,0.913604815379042
4524,50000.0,5000.0,4,0.9135885434454543
4525,-10000.0,5000.0,1,0.913584475512907
4526,-10000.0,5000.0,6,0.9135600683447509
4527,50000.0,5000.0,10,0.9135193913582668
4528,-10000.0,4400.0,4,0.9135031211331424
4529,-10000.0,4400.0,5,0.9134827838093317
4530,-10000.0,4400.0,2,0.9134746490221676
4531,50000.0,5000.0,10,0.9134339763065429
4532,-10000.0,5000.0,1,0.9134299091468292
4533,-10000.0,5000.0,8,0.9133973726011986
4534,-10000.0,4400.0,1,0.913393305624503
4535,-10000.0,4400.0,1,0.9133892386681424
4536,50000.0,5000.0,10,0.9133485702229286
4537,50000.0,5600.0,4,0.9133323034141927
4538,-10000.0,5600.0,1,0.9133282367628422
4539,-10000.0,5600.0,4,0.9133119703607716
4540,50000.0,5600.0,3,0.9132997707727133
4541,-10000.0,5600.0,2,0.9132916378156705
4542,-10000.0,5600.0,6,0.9132672394325135
4543,-10000.0,5000.0,5,0.9132469080056717
4544,50000.0,5600.0,4,0.9132306432301598
4545,-10000.0,5600.0,5,0.9132103127182115
4546,-10000.0,5000.0,3,0.9131981146550064
4547,-10000.0,5000.0,3,0.9131859167747709
4548,-10000.0,4400.0,1,0.9131818508553519
4549,-10000.0,3800.0,7,0.9131533899886399
4550,-10000.0,3800.0,7,0.9131249301180411
4551,-10000.0,3800.0,2,0.913116798909396
4552,-10000.0,3800.0,2,0.9131086677820627
4553,-10000.0,3800.0,3,0.9130964712435201
4554,-10000.0,3200.0,2,0.9130883403194624
4555,-10000.0,3200.0,5,0.9130680133650424
4556,-10000.0,3200.0,3,0.9130558174363116
4557,-10000.0,3200.0,5,0.9130354912949535
4558,-10000.0,3200.0,3,0.9130232958540501
4559,-10000.0,3200.0,7,0.9129948405366662
4560,50000.0,3800.0,5,0.9129745159197116
4561,-10000.0,3800.0,5,0.912954191810866
4562,-10000.0,3200.0,6,0.9129298035509374
4563,-10000.0,3200.0,1,0.9129257389120812
4564,50000.0,3800.0,7,0.9128972870091304
4565,-10000.0,3800.0,3,0.9128850936412759
4566,-10000.0,3800.0,2,0.9128769648309836
4567,-10000.0,3200.0,8,0.9128444504026832
4568,-10000.0,3200.0,2,0.9128363219988214
4569,-10000.0,3200.0,2,0.912828193676243
4570,-10000.0,3200.0,1,0.9128241295454349
4571,-10000.0,3200.0,5,0.9128038091962017
4572,-10000.0,2600.0,4,0.9127875532825774
4573,-10000.0,2600.0,8,0.9127550424306675
4574,-10000.0,2600.0,2,0.9127469149208809
4575,-10000.0,2600.0,2,0.9127387874923689
4576,-10000.0,2600.0,2,0.9127306601451308
4577,50000.0,3200.0,3,0.9127184692766602
4578,50000.0,3200.0,4,0.9127022150698174
4579,-10000.0,2600.0,4,0.9126859611880553
4580,-10000.0,2600.0,16,0.912620948911686
4581,-10000.0,2000.0,2,0.9126128227428278
4582,-10000.0,2000.0,1,0.9126087596888717
4583,-10000.0,2000.0,1,0.9126046966552309
4584,-10000.0,2000.0,6,0.9125803188799997
4585,-10000.0,2000.0,3,0.9125681302666313
4586,-10000.0,2000.0,3,0.9125559418360908
4587,-10000.0,1400.0,9,0.9125193776414087
4588,50000.0,2000.0,2,0.9125112524882582
4589,50000.0,2600.0,3,0.9124990649108778
4590,50000.0,3200.0,3,0.91248687751631
4591,-10000.0,2600.0,1,0.9124828150920784
4592,-10000.0,2600.0,3,0.9124706279412559
4593,-10000.0,2600.0,7,0.9124421919669103
4594,-10000.0,2600.0,3,0.9124300054254302
4595,-10000.0,2600.0,9,0.9123934468977591
4596,50000.0,3200.0,5,0.9123731373154574
4597,50000.0,3800.0,6,0.9123487664869022
4598,-10000.0,3800.0,3,0.9123365813467937
4599,-10000.0,3800.0,1,0.9123325196740412
4600,50000.0,4400.0,6,0.912308150063997
4601,50000.0,4400.0,9,0.9122715970196937
4602,-10000.0,4400.0,3,0.9122594130371185
4603,-10000.0,3800.0,6,0.9122350456202405
4604,-10000.0,3200.0,2,0.9122269233103959
4605,-10000.0,3200.0,1,0.9122228621859322
4606,-10000.0,2600.0,1,0.912218801081774
4607,-10000.0,2600.0,1,0.9122147399979212
4608,50000.0,3200.0,6,0.9121903739212144
4609,-10000,3200.0,1,0.912186312979497
4610,50000.0,3800.0,5,0.9121660085754787
4611,-10000.0,3800.0,2,0.9121578869560011
4612,-10000.0,3200.0,2,0.9121497654177394
4613,-10000.0,3200.0,5,0.9121294619273986
4614,-10000.0,3200.0,2,0.9121213406733856
4615,50000.0,3800.0,1,0.9121172800768338
4616,-10000.0,3800.0,2,0.9121091589446387
4617,-10000.0,3800.0,2,0.9121010378936546
4618,-10000.0,3800.0,2,0.9120929169238805
4619,-10000.0,3200.0,7,0.9120644941691894
4620,-10000.0,3200.0,5,0.9120441928106032
4621,-10000.0,2600.0,3,0.9120320122390655
4622,-10000.0,2600.0,3,0.912019831850235
4623,-10000.0,2600.0,5,0.9119995316081929
4624,-10000.0,2000.0,1,0.911995471620685
4625,-10000.0,2000.0,1,0.9119914116534766
4626,-10000.0,2000.0,2,0.9119832917799596
4627,-10000.0,1400.0,4,0.9119670522765195
4628,-10000.0,1400.0,4,0.9119508130978663
4629,-10000.0,1400.0,2,0.9119426936303329
4630,50000.0,2000.0,4,0.9119264549388476
4631,-10000.0,1400.0,1,0.9119223953167219
4632,-10000.0,1400.0,2,0.9119142761333648
4633,50000.0,2000.0,9,0.9118777408129897
4634,-10000.0,2000.0,3,0.9118655627382133
4635,50000.0,2600.0,8,0.9118330887651875
4636,50000.0,2600.0,6,0.9118087341378458
4637,-10000.0,2000.0,4,0.9117924981255237
4638,50000.0,2600.0,5,0.9117722035667536
4639,-10000.0,2600.0,3,0.9117600270750241
4640,-10000.0,2000.0,1,0.9117559682850357
4641,-10000.0,2000.0,1,0.9117519095153411
4642,-10000.0,2000.0,4,0.9117356746395001
4643,-10000.0,2000.0,1,0.9117316159712736
4644,-10000.0,1400.0,1,0.9117275573233404
4645,-10000.0,1400.0,3,0.9117153815012994
4646,-10000.0,1400.0,2,0.91170726438807
4647,50000.0,2000.0,10,0.9116666800394678
4648,50000.0,2600.0,6,0.911642330404313
4649,-10000.0,2600.0,4,0.9116260977200323
4650,-10000.0,2600.0,9,0.9115895753673939
4651,-10000.0,2600.0,1,0.911585517429662
4652,-10000.0,2600.0,7,0.9115571124336423
4653,-10000.0,2600.0,3,0.9115449391682555
4654,50000.0,3200.0,5,0.911524650798382
4655,-10000.0,3200.0,1,0.9115205931852721
4656,50000.0,3800.0,11,0.9114759607800493
4657,-10000.0,3800.0,2,0.911467846061015
4658,-10000.0,3800.0,1,0.9114637887319281
4659,-10000.0,3800.0,1,0.9114597314231278
4660,-10000.0,3200.0,10,0.9114191594508644
4661,-10000.0,3200.0,8,0.911386703333613
4662,-10000.0,3200.0,18,0.9113136818163305
4663,-10000.0,3200.0,1,0.9113096252580628
4664,-10000.0,2600.0,3,0.9112974557049559
4665,-10000.0,2600.0,4,0.9112812299181001
4666,-10000.0,2600.0,7,0.911252835571957
4667,-10000.0,2600.0,6,0.91122849835195
4668,-10000.0,2600.0,2,0.9112203861075278
4669,-10000.0,2600.0,6,0.91119604986099
4670,-10000.0,2600.0,6,0.9111717143445288
4671,50000.0,3200.0,6,0.9111473795581221
4672,50000.0,3800.0,9,0.9111108787473164
4673,-10000.0,3800.0,2,0.9111027676790844
4674,-10000.0,3800.0,6,0.9110784349610466
4675,-10000.0,3800.0,1,0.9110743795790102
4676,50000.0,4400.0,5,0.9110541029729794
4677,-10000.0,3800.0,1,0.9110500477126027
4678,-10000.0,3200.0,2,0.9110419372526779
4679,-10000,3200.0,1,0.9110378820531296
4680,-10000.0,3200.0,4,0.911021661457695
4681,-10000.0,3200.0,7,0.910993276196289
4682,50000.0,3800.0,4,0.9109770564929627
4683,-10000.0,3800.0,1,0.9109730016178174
4684,-10000.0,3800.0,1,0.9109689467629464
4685,-10000.0,3800.0,4,0.9109527275462038
4686,50000.0,4400.0,6,0.9109283993293026
4687,-10000.0,4400.0,2,0.9109202900858556
4688,-10000.0,3800.0,1,0.9109162354945416
4689,-10000.0,3200.0,2,0.9109081263727323
4690,-10000.0,2600.0,1,0.9109040718422368
4691,-10000.0,2600.0,8,0.9108716363280778
4692,-10000.0,2600.0,3,0.9108594733447555
4693,50000.0,3200.0,2,0.9108513647905648
4694,-10000.0,3200.0,3,0.9108392021113133
4695,-10000.0,3200.0,2,0.910831093759834
4696,50000.0,3200.0,9,0.9107946071815689
4697,-10000.0,2600.0,2,0.9107864992760368
4698,-10000.0,2600.0,13,0.9107337998663332
4699,-10000.0,2600.0,18,0.9106608371077186
4700,-10000.0,2000.0,12,0.9106121989166525
4701,-10000.0,1400.0,1,0.9106081458657905
4702,-10000.0,1400.0,1,0.9106040928351938
4703,-10000.0,1400.0,11,0.910559510836104
4704,50000.0,2000.0,8,0.9105270891041095
4705,-10000.0,2000.0,10,0.9104865637627964
4706,50000.0,2600.0,4,0.9104703541936173
4707,-10000.0,2600.0,11,0.9104257795499506
4708,-10000.0,2000.0,3,0.9104136232544298
4709,50000.0,2600.0,3,0.910401467141252
4710,-10000.0,2000.0,2,0.9103933631671006
4711,-10000.0,2000.0,4,0.9103771554619148
4712,50000.0,2600.0,10,0.9103366376170964
4713,-10000.0,2600.0,1,0.9103325859440374
4714,50000.0,3200.0,10,0.910292070327639
4715,-10000.0,2600.0,1,0.9102880188774161
4716,-10000.0,2600.0,1,0.9102839674474502
4717,-10000.0,2600.0,2,0.9102758646482898
4718,-10000.0,2600.0,1,0.910271813279095
4719,-10000.0,2600.0,3,0.910259659293051
4720,-10000.0,2600.0,5,0.9102394030547727
4721,50000.0,3200.0,5,0.910219147322894
4722,-10000.0,3200.0,1,0.910215096237285
4723,-10000.0,3200.0,5,0.9101948411130693
4724,-10000.0,3200.0,5,0.9101745864952252
4725,-10000.0,3200.0,12,0.9101259774783206
4726,-10000.0,3200.0,1,0.9101219268585599
4727,-10000.0,3200.0,9,0.9100854721920874
4728,-10000.0,3200.0,1,0.9100814217748524
4729,-10000.0,3200.0,2,0.9100733210011386
4730,50000.0,3200.0,6,0.9100490191660379
4731,-10000.0,3200.0,2,0.9100409187163486
4732,-10000.0,3200.0,9,0.9100044676951604
4733,50000.0,3200.0,9,0.9099680183142314
4734,-10000.0,3200.0,5,0.9099477693668864
4735,-10000,2600.0,1,0.9099437196381639
4736,-10000.0,2000.0,1,0.90993966992969
4737,-10000.0,2000.0,3,0.9099275209257588
4738,-10000.0,1400.0,1,0.9099234712982782
4739,-10000.0,1400.0,1,0.9099194216910458
4740,50000.0,2000.0,3,0.909907272990836
4741,50000.0,2600.0,7,0.9098789267323437
4742,-10000.0,2600.0,1,0.9098748773478335
4743,-10000.0,2600.0,9,0.9098384337983388
4744,-10000.0,2600.0,4,0.9098222371916295
4745,-10000.0,2600.0,3,0.9098100899491761
4746,-10000.0,2600.0,3,0.90979794288893
4747,-10000.0,2000.0,10,0.9097574540040162
4748,-10000.0,1400.0,6,0.9097331616447832
4749,-10000.0,1400.0,3,0.9097210157384531
4750,-10000.0,1400.0,2,0.9097129185687817
4751,-10000.0,1400.0,3,0.9097007729660954
4752,50000.0,2000.0,7,0.9096724339349775
4753,-10000.0,2000.0,4,0.9096562406482323
4754,-10000.0,1400.0,1,0.9096521923771497
4755,-10000.0,1400.0,1,0.9096481441263083
4756,-10000.0,800.0,1,0.9096440958957084
4757,-10000.0,800.0,5,0.9096238550463226
4758,-10000.0,800.0,2,0.9096157588482532
4759,-10000.0,800.0,1,0.9096117107795791
4760,-10000.0,800.0,2,0.9096036147029518
4761,50000.0,1400.0,5,0.9095833748655833
4762,-10000.0,1400.0,1,0.9095793269588287
4763,-10000.0,1400.0,3,0.9095671833600015
4764,-10000.0,1400.0,11,0.9095226583893646
4765,50000.0,2000.0,4,0.9095064680981003
4766,-10000.0,2000.0,6,0.9094821832683316
4767,50000.0,2600.0,2,0.9094740884869729
4768,-10000.0,2600.0,4,0.909457899167097
4769,50000.0,3200.0,4,0.9094417101710041
4770,-10000.0,3200.0,1,0.9094376629725712
4771,-10000.0,2600.0,1,0.9094336157943743
4772,-10000.0,2000.0,6,0.909409333150142
4773,-10000.0,2000.0,2,0.9094012390972809
4774,-10000.0,2000.0,6,0.9093769574243349
4775,-10000.0,2000.0,4,0.9093607700470606
4776,50000.0,2000.0,13,0.9093081633067452
4777,50000.0,2600.0,5,0.9092879308555691
4778,50000.0,3200.0,17,0.9092191443049163
4779,-10000.0,3200.0,2,0.909211052153934
4780,-10000.0,3200.0,1,0.9092070061087884
4781,-10000.0,3200.0,3,0.9091948680947322
4782,-10000.0,2600.0,6,0.9091705926128233
4783,-10000.0,2600.0,1,0.9091665467699749
4784,-10000.0,2600.0,2,0.9091584551449654
4785,50000.0,3200.0,7,0.9091301350946391
4786,-10000.0,2600.0,3,0.9091179982336393
4787,-10000.0,2600.0,7,0.9090896795992802
4788,-10000.0,2600.0,1,0.9090856341609957
4789,-10000.0,2600.0,6,0.9090613619560558
4790,-10000.0,2600.0,7,0.9090330453039317
4791,-10000.0,2600.0,7,0.909004729642873
4792,-10000.0,2600.0,4,0.90898854971008
4793,-10000.0,2000.0,1,0.9089845047774437
4794,-10000.0,2000.0,3,0.9089723701008824
4795,-10000.0,2000.0,2,0.9089642804176299
4796,-10000.0,1400.0,1,0.9089602356063399
4797,-10000.0,1400.0,3,0.9089481012938133
4798,-10000.0,1400.0,5,0.9089278778440751
4799,50000.0,2000.0,11,0.9088833880342747
4800,-10000.0,2000.0,1,0.9088793436274456
4801,-10000.0,2000.0,3,0.9088672105282896
4802,50000.0,2600.0,7,0.9088389006713465
4803,50000.0,3200.0,10,0.9087984597373447
4804,-10000.0,2600.0,3,0.9087863278514381
4805,-10000.0,2600.0,1,0.9087822839299086
4806,-10000.0,2000.0,5,0.9087620646255528
4807,50000.0,2600.0,4,0.9087458895460115
4808,-10000.0,2600.0,2,0.9087378021275532
4809,-10000.0,2000.0,7,0.9087094967998249
4810,50000.0,2600.0,10,0.9086690623358549
4811,-10000.0,2600.0,1,0.9086650190006517
4812,-10000.0,2000.0,6,0.9086407594139772
4813,-10000.0,2000.0,2,0.9086326730468149
4814,-10000.0,1400.0,2,0.9086245867605159
4815,-10000.0,1400.0,1,0.90862054364769
4816,-10000.0,1400.0,7,0.9085922424239367
4817,-10000.0,1400.0,3,0.9085801136312665
4818,-10000.0,1400.0,1,0.9085760707408055
4819,-10000.0,1400.0,1,0.908572027870559
4820,-10000.0,1400.0,4,0.9085558565917149
4821,-10000.0,800.0,3,0.9085437283448281
4822,-10000.0,800.0,1,0.9085396856362932
4823,-10000.0,800.0,2,0.9085316002798636
4824,-10000.0,800.0,5,0.9085113872425207
4825,-10000.0,800.0,1,0.9085073446956908
4826,-10000.0,800.0,8,0.9084750050487003
4827,-10000.0,800.0,1,0.9084709626837809
4828,-10000.0,800.0,4,0.9084547934262204
4829,-10000,800.0,1,0.9084507511623588
4830,-10000.0,200.0,3,0.9084386244920417
4831,-10000.0,200.0,5,0.9084184137790644
4832,-10000.0,200.0,1,0.9084143716971007
4833,50000.0,200.0,4,0.9083982035713486
4834,-10000.0,200.0,2,0.9083901196297326
4835,-10000.0,200.0,6,0.9083658682899156
4836,-10000.0,200.0,2,0.9083577846716508
4837,-10000,200.0,1,0.908353742892832
4838,-10000.0,200.0,1,0.908349701134222
4839,-10000.0,200.0,2,0.908341617677628
4840,-10000.0,-400.0,5,0.9083214093897907
4841,50000.0,-400.0,5,0.9083012016071542
4842,-10000.0,-400.0,2,0.9082931186355531
4843,50000.0,200.0,7,0.9082648288714746
4844,-10000.0,200.0,3,0.9082527049899709
4845,-10000.0,200.0,1,0.908248663736549
4846,-10000.0,200.0,2,0.908240581290324
4847,-10000.0,200.0,1,0.9082365400975205
4848,-10000.0,200.0,2,0.9082284577725313
4849,-10000.0,200.0,2,0.9082203755283649
4850,-10000.0,200.0,5,0.9082001702715434
4851,-10000.0,200.0,1,0.9081961292807944
4852,-10000.0,-400.0,2,0.9081880473599113
4853,-10000.0,-400.0,2,0.908179965519847
4854,-10000.0,-400.0,3,0.908167842911284
4855,50000.0,200.0,5,0.9081476389677615
4856,-10000.0,200.0,1,0.9081435982396685
4857,-10000.0,200.0,10,0.9081031920699193
4858,-10000.0,200.0,1,0.9080991515640602
4859,-10000.0,200.0,3,0.9080870301676974
4860,-10000.0,200.0,13,0.9080345062177834
4861,-10000.0,-400.0,1,0.9080304660553528
4862,-10000.0,-400.0,1,0.9080264259131229
4863,-10000.0,-400.0,4,0.9080102655462088
4864,50000.0,200.0,13,0.907957746585833
4865,-10000.0,-400.0,5,0.9079375478946531
4866,-10000.0,-400.0,4,0.9079213893052815
4867,-10000.0,-1000.0,3,0.9079092705753327
4868,-10000.0,-1000.0,1,0.9079052310390786
4869,-10000.0,-1600.0,1,0.9079011915230222
4870,-10000.0,-1600.0,1,0.9078971520271634
4871,-10000.0,-1600.0,5,0.9078769548508285
4872,-10000.0,-1600.0,3,0.9078648367873914
4873,50000.0,-1000.0,5,0.9078446404189273
4874,-10000.0,-1000.0,5,0.9078244445553663
4875,-10000.0,-1000.0,8,0.9077921322238349
4876,-10000.0,-1600.0,2,0.9077840543429022
4877,-10000.0,-2200.0,10,0.9077436661498982
4878,50000.0,-2200.0,2,0.9077355887536238
4879,-10000.0,-2200.0,2,0.9077275114381229
4880,-10000.0,-2200.0,1,0.9077234728106623
4881,-10000.0,-2200.0,2,0.9077153956163202
4882,-10000.0,-2200.0,1,0.9077113570494386
4883,50000.0,-1600.0,8,0.9076790492413171
4884,50000.0,-1000.0,6,0.9076548192332918
4885,-10000.0,-1600.0,2,0.9076467427254821
4886,-10000.0,-1600.0,6,0.9076225136866377
4887,-10000.0,-1600.0,5,0.9076023233761754
4888,-10000.0,-1600.0,3,0.9075902094321796
4889,-10000.0,-1600.0,2,0.9075821335704647
4890,50000.0,-1000.0,9,0.9075457931921187
4891,-10000,-1000.0,1,0.907541755473247
4892,50000.0,-400.0,5,0.9075215671817148
4893,-10000.0,-400.0,2,0.9075134920064191
4894,-10000.0,-400.0,3,0.9075013793948837
4895,-10000.0,-400.0,6,0.9074771547168738
4896,-10000.0,-400.0,5,0.9074569680403404
4897,-10000.0,-400.0,3,0.9074448562766584
4898,-10000.0,-400.0,2,0.9074367818684677
4899,-10000.0,-1000.0,4,0.9074206332943165
4900,-10000.0,-1000.0,7,0.9073923740666906
4901,-10000.0,-1000.0,3,0.9073802632719108
4902,50000.0,-1000.0,3,0.9073681526587916
4903,-10000.0,-1600.0,8,0.9073358585785711
4904,-10000.0,-1600.0,2,0.907327785260352
4905,-10000.0,-1600.0,1,0.9073237486315172
4906,-10000.0,-1600.0,1,0.9073197120228657
4907,-10000.0,-2200.0,5,0.9072995292823504
4908,50000.0,-1600.0,14,0.9072430202931383
4909,-10000.0,-1600.0,2,0.9072349479032973
4910,-10000.0,-2200.0,3,0.9072228394698924
4911,-10000.0,-2200.0,1,0.9072188033657853
4912,50000.0,-1600.0,14,0.9071623000271896
4913,-10000.0,-1600.0,6,0.9071380855214081
4914,-10000.0,-1600.0,1,0.9071340498410697
4915,-10000.0,-1600.0,5,0.907113871742051
4916,-10000.0,-1600.0,1,0.9071098361827812
4917,-10000.0,-1600.0,4,0.9070936941474784
4918,-10000.0,-1600.0,9,0.9070573757484119
4919,-10000.0,-1600.0,1,0.9070533404716213
4920,-10000.0,-1600.0,1,0.9070493052150072
4921,-10000.0,-1600.0,4,0.9070331643903117
4922,-10000,-1600.0,1,0.9070291292345776
4923,-10000.0,-1600.0,3,0.9070170238884294
4924,-10000.0,-1600.0,3,0.90700491872386
4925,-10000.0,-1600.0,2,0.9069968487150228
4926,-10000.0,-1600.0,1,0.9069928137408668
4927,-10000,-1600.0,1,0.9069887787868854
4928,-10000.0,-1600.0,5,0.9069686043195977
4929,50000.0,-1000.0,6,0.9069443956246004
4930,50000.0,-400.0,5,0.9069242222668777
4931,-10000.0,-400.0,2,0.9069161530650012
4932,-10000.0,-400.0,2,0.9069080839438162
4933,50000.0,-400.0,2,0.906900014903322
4934,-10000.0,-400.0,1,0.9068959804133336
4935,-10000.0,-400.0,3,0.9068838770644029
4936,-10000.0,-400.0,1,0.9068798426551036
4937,50000.0,200.0,3,0.9068677395482372
4938,-10000.0,200.0,2,0.906859670911185
4939,-10000.0,200.0,2,0.9068516023548188
4940,-10000.0,200.0,6,0.9068273971698277
4941,-10000.0,-400.0,1,0.9068233630429272
4942,-10000.0,-400.0,3,0.9068112607832487
4943,-10000.0,-1000.0,8,0.9067789889782578
4944,-10000.0,-1000.0,6,0.9067547859716354
4945,50000.0,-400.0,3,0.9067426847406053
4946,-10000.0,-400.0,3,0.9067305836910923
4947,-10000.0,-400.0,1,0.9067265500482579
4948,-10000.0,-400.0,4,0.9067104156786012
4949,-10000.0,-400.0,4,0.9066942816316286
4950,-10000.0,-400.0,4,0.9066781479073337
4951,-10000.0,-400.0,2,0.9066700811661884
4952,50000.0,200.0,3,0.9066579812057208
4953,-10000.0,200.0,1,0.906653947925898
4954,-10000.0,200.0,4,0.9066378150082692
4955,-10000.0,-400.0,1,0.9066337818292771
4956,-10000.0,-400.0,3,0.9066216824132957
4957,-10000.0,-400.0,7,0.9065934511484611
4958,-10000.0,-400.0,10,0.9065531224841288
4959,-10000.0,-400.0,2,0.9065450569932314
4960,50000.0,200.0,4,0.9065289262533994
4961,-10000.0,200.0,5,0.9065087632822812
4962,-10000.0,200.0,2,0.9065006982349738
4963,-10000.0,200.0,2,0.9064926332683164
4964,-10000.0,-400.0,6,0.9064684388522364
4965,-10000.0,-400.0,2,0.9064603742081712
4966,-10000.0,-400.0,4,0.906444245161978
4967,-10000.0,-400.0,2,0.9064361807598484
4968,-10000.0,-400.0,2,0.9064281164383625
4969,-10000.0,-400.0,3,0.9064160201073386
4970,-10000.0,-400.0,3,0.9064039239577584
4971,-10000.0,-400.0,1,0.9063998919482186
4972,-10000.0,-400.0,3,0.9063877960405589
4973,-10000.0,-1000.0,8,0.906355541173819
4974,-10000.0,-1000.0,3,0.9063434459314159
4975,-10000.0,-1000.0,2,0.9063353825372736
4976,-10000.0,-1000.0,1,0.90633135087044
4977,-10000.0,-1000.0,1,0.9063273192237649
4978,-10000.0,-1600.0,4,0.9063111928386448
4979,-10000.0,-1600.0,6,0.906287003865696
4980,-10000.0,-1600.0,3,0.9062749096513448
4981,-10000.0,-1600.0,4,0.9062587843144058
4982,-10000.0,-1600.0,1,0.9062547530305624
4983,-10000.0,-2200.0,1,0.9062507217668754
4984,-10000.0,-2800.0,2,0.9062426592999702
4985,-10000.0,-2800.0,1,0.9062386280967517
4986,-10000.0,-2800.0,2,0.9062305657507825
4987,-10000.0,-2800.0,3,0.9062184723829967
4988,50000.0,-2200.0,4,0.9062023481747917
4989,-10000.0,-2200.0,2,0.90619428619162
4990,50000.0,-2200.0,4,0.9061781624671339
4991,50000.0,-1600.0,5,0.9061580082650008
4992,-10000.0,-2200.0,4,0.906141885266066
4993,-10000.0,-2200.0,4,0.906125762589588
4994,-10000.0,-2200.0,5,0.9061056096974354
4995,-10000.0,-2200.0,8,0.9060733661179234
4996,-10000.0,-2200.0,2,0.9060653054245658
4997,-10000.0,-2200.0,1,0.9060612751081145
4998,50000.0,-1600.0,5,0.9060411238281288
4999,-10000.0,-1600.0,3,0.9060290333019506
5000,-10000.0,-1600.0,4,0.9060129128824893
5001,-10000.0,-1600.0,2,0.9060048527936609
5002,-10000.0,-2200.0,1,0.906000822779472
5003,-10000.0,-2200.0,2,0.9059927628115442
5004,-10000.0,-2200.0,7,0.9059645535585105
5005,-10000.0,-2200.0,5,0.9059444046965334
5006,-10000.0,-2200.0,5,0.9059242563382714
5007,-10000.0,-2200.0,2,0.9059161971360041
5008,50000.0,-2200.0,2,0.9059081380143286
5009,-10000.0,-2200.0,3,0.9058960494829225
5010,-10000.0,-2200.0,4,0.905879931723111
5011,-10000.0,-2200.0,3,0.9058678436147961
5012,50000.0,-2200.0,7,0.905839638733858
5013,-10000.0,-2200.0,2,0.9058315803777625
5014,-10000.0,-2200.0,5,0.9058114348400733
5015,-10000.0,-2200.0,3,0.905799347759204
5016,-10000.0,-2200.0,1,0.9057953187725377
5017,-10000.0,-2200.0,1,0.9057912898060163
5018,-10000.0,-2200.0,2,0.9057832319334076
5019,50000.0,-1600.0,5,0.9057630876044145
5020,-10000.0,-1600.0,5,0.9057429437790232
5021,-10000.0,-1600.0,2,0.9057348863898724
5022,-10000.0,-1600.0,4,0.9057187718532905
5023,-10000.0,-1600.0,1,0.9057147432695027
5024,-10000.0,-1600.0,2,0.9057066861623557
5025,-10000.0,-1600.0,2,0.9056986291357791
5026,-10000.0,-1600.0,1,0.9056946006527048
5027,-10000.0,-1600.0,5,0.9056744585394659
5028,50000.0,-1000.0,9,0.9056382040045647
5029,-10000.0,-1600.0,5,0.9056180633012245
5030,-10000.0,-2200.0,2,0.9056100071608723
5031,-10000.0,-2200.0,1,0.9056059791209066
5032,-10000.0,-2200.0,2,0.9055979231013955
5033,-10000.0,-2800.0,3,0.9055858392231784
5034,-10000.0,-2800.0,2,0.9055777834050652
5035,50000.0,-2200.0,6,0.9055536164340694
5036,-10000.0,-2200.0,8,0.9055213949338464
5037,-10000.0,-2800.0,1,0.9055173673369408
5038,-10000.0,-2800.0,3,0.9055052846670509
5039,-10000.0,-2800.0,1,0.9055012571506964
5040,-10000.0,-2800.0,4,0.9054851472866526
5041,50000.0,-2200.0,3,0.9054730651000599
5042,-10000.0,-2200.0,3,0.9054609830946987
5043,-10000.0,-2200.0,6,0.9054368196276597
5044,50000.0,-1600.0,4,0.9054207110523533
5045,-10000.0,-2200.0,1,0.9054166839588659
5046,-10000.0,-2200.0,2,0.905408629832297
5047,-10000.0,-2200.0,2,0.9054005757862689
5048,-10000.0,-2200.0,4,0.9053844679358323
5049,-10000.0,-2200.0,8,0.9053522532014138
5050,-10000.0,-2200.0,12,0.9053039335158267
5051,-10000.0,-2200.0,4,0.9052878275982161
5052,-10000.0,-2800.0,4,0.9052717220027208
5053,-10000.0,-2800.0,2,0.9052636693257642
5054,-10000.0,-2800.0,3,0.9052515904613159
5055,50000.0,-2200.0,2,0.9052435379856738
5056,-10000.0,-2200.0,2,0.9052354855905559
5057,-10000.0,-2200.0,3,0.9052234071488606
5058,-10000.0,-2200.0,2,0.9052153549550502
5059,-10000.0,-2200.0,2,0.9052073028417612
5060,-10000.0,-2800.0,3,0.905195224822804
5061,-10000.0,-2800.0,3,0.9051831469850157
5062,50000.0,-2200.0,5,0.9051630176579587
5063,-10000.0,-2200.0,3,0.9051509403032743
5064,-10000.0,-2200.0,4,0.9051348374454973
5065,50000.0,-1600.0,6,0.9051106837626809
5066,-10000.0,-1600.0,2,0.9051026326960987
5067,-10000.0,-1600.0,8,0.9050704292348645
5068,-10000.0,-1600.0,5,0.905050302725716
5069,-10000.0,-1600.0,5,0.905030176719724
5070,-10000.0,-1600.0,4,0.9050140762771944
5071,50000.0,-1000.0,5,0.9049939511768523
5072,50000.0,-400.0,5,0.9049738265796315
5073,50000.0,200.0,4,0.9049577272640936
5074,-10000.0,200.0,1,0.9049537024855192
5075,-10000.0,200.0,2,0.904945652988742
5076,-10000.0,200.0,1,0.9049416282705387
5077,-10000.0,200.0,5,0.9049215049813741
5078,-10000.0,200.0,2,0.9049134558065702
5079,-10000.0,200.0,4,0.9048973576984357
5080,-10000.0,200.0,2,0.9048893087651035
5081,-10000.0,200.0,3,0.9048772355160216
5082,-10000.0,200.0,2,0.9048691867839103
5083,50000.0,800.0,6,0.9048450410704942
5084,50000.0,1400.0,6,0.9048208960814387
5085,-10000.0,1400.0,3,0.9048088238585393
5086,50000.0,2000.0,4,0.9047927278430229
5087,-10000.0,2000.0,2,0.904784679955984
5088,-10000.0,1400.0,6,0.9047605367777348
5089,-10000.0,1400.0,4,0.9047444417279503
5090,-10000.0,800.0,5,0.9047243233683876
5091,50000.0,800.0,5,0.9047042055117777
5092,-10000.0,800.0,5,0.9046840881581079
5093,-10000.0,800.0,3,0.904672017987312
5094,-10000.0,800.0,2,0.9046639713073655
5095,-10000.0,800.0,2,0.9046559247078856
5096,-10000.0,800.0,3,0.9046438549595383
5097,50000.0,1400.0,5,0.9046237391146134
5098,-10000.0,800.0,4,0.9046076468007548
5099,-10000.0,800.0,2,0.9045996007645171
5100,-10000.0,800.0,2,0.9045915548087392
5101,-10000.0,800.0,2,0.9045835089334207
5102,-10000.0,800.0,2,0.9045754631385603
5103,-10000.0,800.0,3,0.9045633945971275
5104,50000.0,1400.0,8,0.9045312127049858
5105,50000.0,2000.0,4,0.9045151222416369
5106,-10000.0,2000.0,2,0.90450707713064
5107,-10000.0,2000.0,3,0.9044950096149896
5108,-10000.0,1400.0,2,0.9044869647051181
5109,-10000.0,1400.0,5,0.9044668527824006
5110,-10000.0,1400.0,4,0.9044507636062372
5111,50000.0,2000.0,6,0.9044266304453283
5112,50000.0,2000.0,5,0.9044065200309483
5113,-10000.0,2000.0,6,0.9043823881973267
5114,-10000.0,2000.0,6,0.9043582570876493
5115,-10000.0,2000.0,2,0.9043502135452962
5116,50000.0,2600.0,3,0.9043381483825819
5117,-10000.0,2600.0,10,0.9042979324805688
5118,50000.0,3200.0,5,0.9042778252835978
5119,-10000.0,2600.0,1,0.9042738039045248
5120,-10000,2600.0,1,0.9042697825455587
5121,-10000.0,2600.0,1,0.9042657612066993
5122,-10000.0,2600.0,2,0.9042577185893004
5123,-10000.0,2600.0,3,0.9042456548140001
5124,-10000.0,2600.0,6,0.9042215278062626
5125,-10000.0,2600.0,3,0.90420946457382
5126,-10000.0,2600.0,2,0.9042014225193846
5127,-10000.0,2600.0,1,0.9041974015223244
5128,-10000.0,2000.0,3,0.9041853386517734
5129,50000.0,2600.0,2,0.904177296838596
5130,-10000.0,2600.0,6,0.9041531718815671
5131,-10000.0,2600.0,3,0.9041411096744556
5132,50000.0,3200.0,4,0.9041250270130893
5133,-10000.0,3200.0,1,0.9041210063980057
5134,-10000.0,3200.0,3,0.9041089446733729
5135,-10000.0,2600.0,2,0.9041009036241314
5136,-10000.0,2600.0,3,0.904088842201038
5137,-10000.0,2600.0,8,0.9040566792906125
5138,-10000.0,2600.0,3,0.904044618530879
5139,-10000.0,2600.0,2,0.9040365781248959
5140,-10000.0,2600.0,10,0.9039963773010186
5141,-10000.0,2000.0,2,0.9039883373774453
5142,-10000.0,2000.0,5,0.903968237920255
5143,50000.0,2600.0,6,0.9039441192348996
5144,-10000.0,2000.0,5,0.903924020883149
5145,-10000.0,2000.0,4,0.9039079425635153
5146,50000.0,2600.0,7,0.9038798062779133
5147,-10000.0,2600.0,3,0.9038677481712551
5148,-10000.0,2600.0,1,0.9038637288425627
5149,-10000.0,2600.0,2,0.9038556902454673
5150,-10000.0,2600.0,1,0.9038516709770642
5151,-10000.0,2600.0,11,0.9038074603509638
5152,50000.0,3200.0,3,0.9037954033294865
5153,-10000.0,3200.0,6,0.9037712898290909
5154,50000.0,3800.0,5,0.9037511957980217
5155,-10000.0,3200.0,3,0.9037391396205062
5156,-10000.0,3200.0,9,0.9037029721729969
5157,-10000.0,3200.0,1,0.9036989536681823
5158,-10000.0,3200.0,1,0.9036949351834602
5159,-10000.0,3200.0,2,0.903686898274293
5160,-10000.0,3200.0,2,0.9036788614454945
5161,-10000,3200.0,1,0.9036748430612332
5162,-10000.0,2600.0,1,0.9036708246970638
5163,-10000.0,2600.0,1,0.9036668063529862
5164,-10000.0,2600.0,2,0.9036587697251058
5165,50000.0,2600.0,6,0.9036346603236569
5166,-10000.0,2600.0,3,0.9036226058941605
5167,-10000.0,2600.0,3,0.9036105516454792
5168,-10000.0,2600.0,2,0.9036025155801432
5169,-10000.0,2600.0,1,0.9035984975776102
5170,-10000.0,2600.0,5,0.9035784078662934
5171,-10000.0,2000.0,1,0.9035743899842987
5172,-10000.0,1400.0,3,0.9035623364588505
5173,-10000.0,800.0,2,0.9035543008756639
5174,-10000.0,800.0,3,0.9035422476515502
5175,-10000.0,800.0,1,0.9035382299503563
5176,-10000.0,800.0,5,0.9035181417457111
5177,-10000.0,800.0,2,0.9035101066044694
5178,-10000.0,800.0,1,0.9035060890639802
5179,-10000.0,800.0,7,0.9034779668430047
5180,-10000.0,800.0,9,0.903441811148006
5181,-10000.0,800.0,6,0.9034177082552168
5182,-10000.0,800.0,3,0.903405657079977
5183,50000.0,800.0,3,0.9033936060855035
5184,-10000.0,200.0,5,0.9033735214964098
5185,-10000.0,200.0,4,0.9033574541866535
5186,-10000.0,-400.0,5,0.9033373705013459
5187,-10000.0,-400.0,1,0.9033333538245352
5188,-10000.0,-400.0,2,0.9033253205311634
5189,-10000.0,-400.0,2,0.9033172873181243
5190,-10000.0,-400.0,3,0.9033052376491872
5191,-10000.0,-1000.0,4,0.9032891717050942
5192,-10000.0,-1000.0,1,0.9032851552692768
5193,-10000.0,-1000.0,1,0.9032811388535416
5194,-10000.0,-1000.0,2,0.9032731060823168
5195,-10000.0,-1000.0,3,0.9032610570760934
5196,50000.0,-400.0,12,0.9032128628585099
5197,-10000.0,-1000.0,3,0.903200814755928
5198,50000.0,-400.0,3,0.9031887668340662
5199,-10000.0,-400.0,4,0.9031727032193663
5200,50000.0,200.0,2,0.9031646715324925
5201,-10000.0,200.0,3,0.9031526241527752
5202,-10000.0,200.0,4,0.9031365612609216
5203,-10000.0,200.0,1,0.9031325455881545
5204,-10000.0,-400.0,1,0.9031285299354657
5205,-10000.0,-1000.0,3,0.9031164830978681
5206,-10000.0,-1000.0,2,0.9031084519731928
5207,-10000.0,-1000.0,6,0.9030843590810288
5208,50000.0,-400.0,5,0.9030642822230135
5209,-10000,-400.0,1,0.9030602669116407
5210,-10000.0,-400.0,2,0.9030522363491245
5211,-10000.0,-1000.0,5,0.9030321602941674
5212,-10000.0,-1600.0,7,0.9030040546604087
5213,-10000.0,-1600.0,7,0.9029759500103297
5214,-10000.0,-1600.0,7,0.9029478463438965
5215,50000.0,-1000.0,2,0.9029398169055803
5216,-10000.0,-1600.0,4,0.9029237582698291
5217,-10000.0,-1600.0,3,0.9029117145037835
5218,-10000.0,-2200.0,3,0.902899670918393
5219,-10000.0,-2200.0,1,0.9028956564300746
5220,-10000.0,-2200.0,2,0.902887627513655
5221,50000.0,-1600.0,5,0.9028675555738674
5222,-10000.0,-1600.0,4,0.9028514983833285
5223,-10000.0,-1600.0,4,0.9028354415139299
5224,-10000.0,-1600.0,5,0.9028153708787761
5225,-10000.0,-1600.0,2,0.902807342765208
5226,-10000.0,-1600.0,2,0.9027993147319205
5227,-10000.0,-1600.0,5,0.9027792449999249
5228,-10000.0,-1600.0,4,0.9027631895755797
5229,-10000.0,-2200.0,1,0.9027591757696664
5230,-10000.0,-2200.0,1,0.902755161983822
5231,-10000.0,-2200.0,2,0.9027471344723398
5232,-10000.0,-2800.0,3,0.9027350933556313
5233,-10000.0,-2800.0,3,0.9027230524195382
5234,-10000.0,-2800.0,3,0.9027110116640579
5235,-10000.0,-2800.0,1,0.9027069981190334
5236,-10000.0,-2800.0,4,0.9026909441396113
5237,-10000.0,-2800.0,2,0.9026829172703044
5238,-10000.0,-2800.0,7,0.9026548238598374
5239,50000.0,-2200.0,6,0.9026307445763126
5240,-10000.0,-2200.0,2,0.9026227183089983
5241,-10000.0,-2200.0,3,0.9026106790585183
5242,-10000.0,-2200.0,1,0.9026066660151557
5243,-10000.0,-2800.0,1,0.902602652991858
5244,50000.0,-2200.0,4,0.9025866010993178
5245,50000.0,-1600.0,9,0.9025504855148749
5246,-10000.0,-2200.0,5,0.9025304220035321
5247,-10000.0,-2200.0,2,0.9025223967394383
5248,-10000.0,-2200.0,12,0.9024742468401455
5249,-10000.0,-2200.0,2,0.9024662221378007
5250,-10000.0,-2200.0,3,0.9024541852347456
5251,50000.0,-1600.0,12,0.9024060394280202
5252,-10000.0,-2200.0,1,0.9024020274078531
5253,50000.0,-1600.0,1,0.902398015407746
5254,-10000.0,-2200.0,2,0.9023899914677117
5255,-10000.0,-2200.0,2,0.9023819676079164
5256,-10000.0,-2200.0,2,0.9023739438283592
5257,-10000.0,-2200.0,8,0.9023418495124967
5258,-10000.0,-2200.0,2,0.9023338261341186
5259,-10000,-2200.0,1,0.902329814475017
5260,-10000.0,-2200.0,4,0.9023137680391925
5261,-10000.0,-2200.0,7,0.9022856875487226
5262,-10000.0,-2200.0,2,0.9022776647319612
5263,-10000.0,-2200.0,2,0.9022696419954277
5264,-10000.0,-2200.0,5,0.9022495855050849
5265,-10000.0,-2800.0,2,0.9022415630493422
5266,-10000.0,-2800.0,7,0.9022134850860027
5267,-10000.0,-2800.0,9,0.9021773862914029
5268,-10000.0,-2800.0,2,0.9021693645576486
5269,-10000.0,-2800.0,4,0.9021533213307903
5270,-10000.0,-2800.0,1,0.9021493105742106
5271,-10000.0,-2800.0,8,0.9021172252434985
5272,50000.0,-2200.0,8,0.902085141196174
5273,-10000.0,-2200.0,3,0.9020731100092901
5274,-10000.0,-2200.0,2,0.9020650893182935
5275,50000.0,-1600.0,1,0.9020610790028728
5276,50000.0,-1000.0,7,0.9020330073563644
5277,-10000.0,-1000.0,1,0.902028997201353
5278,-10000.0,-1000.0,1,0.9020249870663923
5279,-10000,-1000.0,1,0.9020209769514823
5280,-10000.0,-1000.0,9,0.9019848868195536
5281,-10000.0,-1000.0,4,0.901968847282213
5282,-10000.0,-1000.0,1,0.9019648374480012
5283,-10000.0,-1600.0,8,0.9019327594960667
5284,50000.0,-1000.0,4,0.9019167210012622
5285,-10000.0,-1000.0,2,0.9019087018741478
5286,-10000.0,-1000.0,1,0.9019046923406623
5287,-10000.0,-1000.0,1,0.9019006828272245
5288,-10000.0,-1000.0,5,0.9018806355607456
5289,-10000.0,-1000.0,2,0.9018726167944839
5290,-10000.0,-1000.0,2,0.9018645981084095
5291,-10000.0,-1000.0,6,0.9018405425313017
5292,-10000.0,-1000.0,6,0.9018164876758503
5293,-10000.0,-1000.0,7,0.9017884245898886
5294,-10000.0,-1000.0,2,0.901780406745732
5295,50000.0,-400.0,5,0.9017603624861176
5296,-10000.0,-1000.0,1,0.9017563536943272
5297,-10000.0,-1000.0,3,0.901744327439219
5298,-10000.0,-1600.0,3,0.9017323013645031
5299,50000.0,-1000.0,29,0.9016160586086087
5300,-10000.0,-1600.0,1,0.9016120505383358
5301,-10000.0,-1600.0,1,0.9016080424881033
5302,-10000.0,-1600.0,1,0.901604034457911
5303,-10000.0,-1600.0,3,0.9015920104875741
5304,-10000.0,-1600.0,1,0.9015880025375416
5305,-10000.0,-1600.0,1,0.9015839946075487
5306,-10000.0,-1600.0,1,0.9015799866975954
5307,-10000.0,-1600.0,8,0.9015479241393829
5308,50000.0,-1600.0,6,0.9015238780623518
5309,-10000.0,-1600.0,2,0.9015158628636472
5310,-10000.0,-1600.0,6,0.9014918177484398
5311,-10000.0,-1600.0,2,0.9014838028703368
5312,-10000.0,-1600.0,6,0.9014597587169147
5313,50000.0,-1000.0,3,0.9014477369106978
5314,-10000.0,-1000.0,4,0.9014317081162481
5315,-10000.0,-1600.0,2,0.9014236938392384
5316,50000.0,-1000.0,6,0.9013996514890602
5317,-10000.0,-1000.0,3,0.9013876305844449
5318,-10000.0,-1000.0,1,0.9013836236563093
5319,-10000.0,-1000.0,1,0.9013796167482083
5320,-10000.0,-1000.0,1,0.9013756098601418
5321,-10000.0,-1600.0,4,0.9013595825082186
5322,-10000.0,-1600.0,4,0.9013435554768393
5323,-10000.0,-1600.0,2,0.9013355420813516
5324,50000.0,-1000.0,11,0.9012914698385349
5325,50000.0,-400.0,5,0.9012714378021904
5326,-10000.0,-400.0,2,0.9012634251278758
5327,-10000.0,-400.0,2,0.9012554125336876
5328,-10000.0,-400.0,5,0.9012353813987645
5329,-10000.0,-400.0,2,0.9012273690850121
5330,-10000.0,-400.0,2,0.9012193568513824
5331,-10000.0,-400.0,9,0.9011833027915467
5332,-10000.0,-400.0,5,0.9011632734593445
5333,50000.0,200.0,3,0.901151256100373
5334,50000.0,800.0,4,0.9011352332354802
5335,-10000.0,800.0,4,0.9011192106910415
5336,50000.0,1400.0,8,0.9010871665635006
5337,-10000.0,1400.0,3,0.9010751503461242
5338,-10000.0,1400.0,8,0.9010431079809619
5339,-10000.0,800.0,1,0.901039102775435
5340,-10000.0,800.0,6,0.9010150719628157
5341,-10000.0,800.0,1,0.9010110668974686
5342,-10000.0,800.0,5,0.90099104187111
5343,50000.0,1400.0,2,0.9009830320007407
5344,-10000.0,800.0,7,0.9009549980852171
5345,-10000.0,200.0,2,0.9009469885752838
5346,50000.0,800.0,6,0.9009229605260491
5347,-10000.0,800.0,1,0.900918955921258
5348,-10000.0,800.0,1,0.9009149513364898
5349,50000.0,1400.0,7,0.9008869198037477
5350,50000.0,2000.0,6,0.9008628935565491
5351,-10000.0,1400.0,3,0.9008508807032425
5352,-10000.0,1400.0,1,0.9008468764588495
5353,-10000.0,800.0,5,0.9008268555372007
5354,-10000.0,800.0,6,0.900802831091903
5355,-10000.0,800.0,5,0.9007828112713745
5356,-10000.0,800.0,15,0.9007227548126745
5357,-10000.0,800.0,2,0.9007147476251625
5358,50000.0,1400.0,3,0.9007027369940279
5359,-10000.0,1400.0,5,0.9006827196758206
5360,-10000.0,1400.0,8,0.9006506930075713
5361,-10000.0,1400.0,1,0.9006466897641143
5362,50000.0,2000.0,9,0.9006106614737176
5363,50000.0,2600.0,4,0.9005946494206092
5364,-10000.0,2600.0,4,0.9005786376877386
5365,-10000.0,2600.0,5,0.9005586234719751
5366,-10000.0,2600.0,2,0.9005506179257682
5367,-10000.0,2600.0,3,0.9005386097565609
5368,-10000.0,2600.0,2,0.9005306044104899
5369,-10000.0,2600.0,3,0.9005185965414831
5370,-10000.0,2600.0,3,0.9005065888525928
5371,-10000.0,2600.0,1,0.900502586329655
5372,-10000.0,2000.0,1,0.9004985838267295
5373,-10000.0,2000.0,5,0.9004785716122876
5374,-10000.0,2000.0,8,0.9004465531097975
5375,50000.0,2000.0,6,0.9004225400734015
5376,-10000.0,1400.0,3,0.9004105338253474
5377,-10000.0,1400.0,2,0.9004025297600297
5378,-10000.0,1400.0,2,0.900394525774752
5379,-10000.0,1400.0,1,0.900390523812128
5380,-10000.0,1400.0,4,0.9003745161617288
5381,-10000.0,1400.0,4,0.9003585088314795
5382,-10000.0,1400.0,4,0.9003425018213734
5383,50000.0,2000.0,5,0.9003224935089329
5384,-10000.0,1400.0,2,0.9003144903240138
5385,-10000,1400.0,1,0.900310488761566
5386,-10000.0,1400.0,1,0.9003064872191261
5387,-10000.0,1400.0,1,0.9003024856966938
5388,-10000.0,1400.0,1,0.900298484194269
5389,-10000.0,1400.0,8,0.9002664728951315
5390,-10000.0,1400.0,3,0.9002544689880677
5391,-10000.0,1400.0,3,0.900242465261061
5392,-10000.0,1400.0,7,0.9002144572649197
5393,-10000.0,1400.0,2,0.9002064551603576
5394,-10000.0,1400.0,2,0.9001984531358163
5395,50000.0,1400.0,2,0.9001904511912946
5396,-10000.0,1400.0,1,0.900186450249041
5397,-10000.0,1400.0,2,0.9001784484245479
5398,-10000.0,1400.0,1,0.9001744475423079
5399,-10000.0,800.0,1,0.9001704466800723
5400,-10000.0,800.0,1,0.900166445837841
5401,-10000.0,800.0,5,0.900146441926745
5402,50000.0,1400.0,7,0.9001184372913615
5403,-10000.0,1400.0,6,0.9000944340982925
5404,-10000.0,1400.0,5,0.9000744319874674
5405,-10000.0,1400.0,3,0.9000624309609956
5406,-10000.0,1400.0,3,0.9000504301145378
5407,-10000.0,1400.0,4,0.9000344292659445
5408,-10000.0,800.0,2,0.9000264289616534
5409,-10000.0,800.0,2,0.9000184287373649
5410,-10000.0,800.0,2,0.9000104285930783
5411,-10000.0,800.0,1,0.9000064285509355
5412,-10000,800.0,1,0.9000024285287929
5413,50000.0,800.0,8,0.899970429071645
5414,-10000.0,800.0,5,0.899950430060907
5415,-10000.0,800.0,1,0.899946430318756
5416,-10000.0,200.0,2,0.89993843089445
5417,-10000.0,200.0,3,0.8999264319079793
5418,-10000.0,200.0,3,0.899914433101492
5419,50000.0,800.0,5,0.8998944354906355
5420,-10000.0,800.0,4,0.8998784377619036
5421,-10000.0,800.0,1,0.8998744383797133
5422,-10000.0,800.0,3,0.8998624403531229
5423,-10000.0,800.0,1,0.8998584410509194
5424,-10000.0,200.0,1,0.8998544417687124
5425,-10000.0,-400.0,3,0.899842444042069
5426,-10000.0,-400.0,2,0.8998344456576206
5427,50000.0,200.0,9,0.8997984539173862
5428,-10000.0,200.0,8,0.8997664626190598
5429,-10000.0,200.0,4,0.8997504674497596
5430,-10000.0,200.0,7,0.8997224766732403
5431,-10000.0,200.0,10,0.8996824915490431
5432,-10000.0,200.0,5,0.8996624997366531
5433,-10000.0,-400.0,1,0.8996585014341502
5434,-10000.0,-1000.0,3,0.8996465066465898
5435,-10000.0,-1000.0,1,0.899642508424052
5436,50000.0,-1000.0,4,0.899626515733811
5437,-10000.0,-1000.0,1,0.8996225176112278
5438,-10000.0,-1000.0,2,0.8996145214260326
5439,-10000.0,-1000.0,3,0.8996025272981674
5440,-10000.0,-1000.0,4,0.8995865354075409
5441,-10000.0,-1000.0,2,0.8995785395821659
5442,50000.0,-400.0,8,0.899546557080237
5443,-10000.0,-1000.0,1,0.8995425593574459
5444,-10000.0,-1000.0,2,0.8995345639718293
5445,-10000.0,-1000.0,3,0.8995225710433169
5446,-10000.0,-1600.0,1,0.8995185734404557
5447,-10000.0,-1600.0,3,0.8995065807517996
5448,50000.0,-1000.0,15,0.8994466200067992
5449,-10000.0,-1600.0,3,0.8994346283974364
5450,50000.0,-1600.0,3,0.8994226369679463
5451,-10000.0,-1600.0,4,0.8994066486750905
5452,-10000.0,-1600.0,8,0.8993746730486603
5453,50000.0,-1000.0,6,0.8993506921681838
5454,50000.0,-400.0,13,0.8992987360617846
5455,-10000.0,-400.0,2,0.8992907431143888
5456,-10000.0,-400.0,7,0.8992627684279397
5457,-10000.0,-400.0,2,0.8992547758402184
5458,-10000.0,-1000.0,1,0.8992507795763298
5459,50000.0,-400.0,5,0.8992307985566043
5460,-10000.0,-400.0,2,0.8992228062885801
5461,-10000.0,-400.0,3,0.8992108180363979
5462,-10000.0,-1000.0,2,0.8992028259681779
5463,-10000.0,-1600.0,1,0.8991988299640381
5464,-10000.0,-1600.0,3,0.899186842071498
5465,-10000.0,-1600.0,2,0.8991788502430366
5466,-10000.0,-1600.0,2,0.8991708584944929
5467,-10000.0,-1600.0,2,0.8991628668258663
5468,-10000.0,-1600.0,4,0.8991468837283614
5469,-10000.0,-1600.0,7,0.8991189140769026
5470,50000.0,-1000.0,3,0.899106927383092
5471,50000.0,-400.0,5,0.8990869499596261
5472,-10000.0,-400.0,1,0.899082954534865
5473,-10000.0,-400.0,2,0.8990749637452735
5474,-10000,-400.0,1,0.8990709683804433
5475,-10000.0,-1000.0,1,0.8990669730355897
5476,-10000.0,-1000.0,2,0.8990589824058127
5477,-10000.0,-1000.0,3,0.8990469966109702
5478,-10000.0,-1000.0,3,0.8990350109959134
5479,-10000.0,-1000.0,2,0.8990270206857551
5480,-10000.0,-1000.0,3,0.8990150353703349
5481,-10000.0,-1000.0,3,0.8990030502346931
5482,50000.0,-400.0,4,0.8989870703334879
5483,50000.0,-400.0,8,0.8989551114898556
5484,-10000.0,-400.0,3,0.8989431272530654
5485,-10000.0,-400.0,2,0.8989351378617398
5486,50000.0,200.0,3,0.8989231539245517
5487,-10000.0,200.0,2,0.8989151647329584
5488,-10000.0,200.0,1,0.8989111701671212
5489,-10000.0,200.0,3,0.8988991865894457
5490,-10000.0,200.0,4,0.8988832087654928
5491,50000.0,800.0,7,0.8988552483424962
5492,-10000.0,800.0,3,0.8988432656036418
5493,-10000.0,800.0,5,0.8988232947716381
5494,-10000.0,800.0,2,0.8988153065786315
5495,-10000.0,200.0,3,0.8988033244388991
5496,-10000.0,200.0,11,0.8987593914642229
5497,-10000.0,200.0,3,0.8987474101632108
5498,-10000.0,200.0,1,0.8987434164361444
5499,-10000.0,200.0,4,0.8987274417275632
5500,-10000.0,200.0,4,0.8987114673384731
5501,50000.0,800.0,5,0.898691499801385
5502,-10000.0,200.0,3,0.8986795195187403
5503,-10000.0,200.0,6,0.8986555594925568
5504,-10000.0,200.0,5,0.8986355933531474
5505,50000.0,800.0,4,0.8986196208010063
5506,-10000.0,800.0,3,0.8986076415965385
5507,50000.0,1400.0,7,0.8985796908182242
5508,-10000.0,1400.0,6,0.8985557337868568
5509,50000.0,2000.0,13,0.8985038293510732
5510,-10000.0,2000.0,1,0.8984998368419077
5511,-10000.0,2000.0,2,0.8984918518834641
5512,-10000.0,2000.0,3,0.8984798745955158
5513,-10000.0,1400.0,6,0.8984559205585902
5514,-10000.0,1400.0,2,0.8984479360393073
5515,-10000.0,1400.0,5,0.8984279750904193
5516,-10000.0,1400.0,1,0.8984239829605241
5517,50000.0,2000.0,6,0.8984000306003226
5518,-10000.0,2000.0,5,0.8983800708490555
5519,-10000.0,1400.0,6,0.8983561198061975
5520,-10000.0,1400.0,2,0.8983481362849169
5521,50000.0,2000.0,2,0.8983401528434715
5522,50000.0,2600.0,4,0.8983241862000815
5523,50000.0,3200.0,6,0.8983002368337378
5524,50000.0,3800.0,11,0.898256331528119
5525,-10000.0,3800.0,3,0.8982443577729494
5526,-10000.0,3800.0,2,0.8982363753692837
5527,50000.0,3800.0,3,0.8982244019134543
5528,-10000.0,3800.0,4,0.8982084375850599
5529,-10000.0,3800.0,3,0.8981964645482942
5530,50000.0,4400.0,12,0.8981485741971461
5531,50000.0,5000.0,4,0.8981326113852909
5532,50000.0,5600.0,5,0.8981126583194206
5533,50000.0,6200.0,6,0.8980887152988181
5534,-10000.0,6200.0,1,0.8980847248652177
5535,-10000,6200.0,1,0.8980807344515694
5536,-10000.0,5600.0,2,0.8980727536841289
5537,-10000.0,5600.0,1,0.8980687633303364
5538,-10000.0,5600.0,1,0.8980647729964955
5539,-10000.0,5600.0,3,0.8980528021146823
5540,50000.0,6200.0,3,0.8980408314124311
5541,-10000.0,6200.0,2,0.8980328510440189
5542,-10000.0,5600.0,3,0.8980208806410315
5543,-10000.0,5600.0,3,0.8980089104175988
5544,-10000.0,5600.0,1,0.8980049203830217
5545,-10000.0,5600.0,2,0.8979969403737181
5546,-10000.0,5600.0,4,0.8979809805945089
5547,50000.0,6200.0,7,0.8979530517489458
5548,-10000.0,5600.0,9,0.8979171446695324
5549,-10000.0,5600.0,5,0.8978971969902627
5550,-10000.0,5000.0,2,0.8978892180581876
5551,-10000.0,5000.0,2,0.8978812392059012
5552,-10000.0,5000.0,4,0.8978652817406924
5553,50000.0,5000.0,7,0.8978373569445182
5554,-10000.0,4400.0,6,0.8978134221828331
5555,-10000.0,4400.0,9,0.8977775213866088
5556,-10000.0,4400.0,6,0.8977535884199636
5557,-10000.0,4400.0,2,0.8977456109239669
5558,-10000.0,4400.0,2,0.8977376335077448
5559,50000.0,4400.0,3,0.8977256675329872
5560,-10000.0,4400.0,5,0.8977057246405861
5561,-10000.0,4400.0,4,0.8976897706856333
5562,-10000.0,4400.0,1,0.897685782246751
5563,-10000.0,4400.0,1,0.8976817938278109
5564,-10000.0,4400.0,2,0.8976738170497566
5565,-10000.0,4400.0,1,0.8976698286906422
5566,50000.0,5000.0,4,0.8976538754536013
5567,-10000.0,5000.0,3,0.897641910735205
5568,50000.0,5600.0,6,0.8976179818368183
5569,-10000.0,5600.0,6,0.8975940536562876
5570,-10000.0,5000.0,1,0.8975900656959893
5571,50000.0,5000.0,12,0.8975422117276809
5572,-10000.0,5000.0,2,0.8975342363454407
5573,-10000.0,5000.0,1,0.897530248684228
5574,-10000.0,5000.0,2,0.8975222734216176
5575,-10000.0,5000.0,2,0.8975142982387594
5576,50000.0,5600.0,10,0.8974744235207237
5577,-10000.0,5600.0,6,0.897450499646878
5578,-10000.0,5600.0,5,0.897430563633588
5579,-10000.0,5600.0,2,0.897422589367823
5580,50000.0,6200.0,5,0.8974026540522814
5581,-10000.0,6200.0,2,0.8973946800656109
5582,-10000.0,5600.0,2,0.8973867061586799
5583,-10000.0,5000.0,1,0.8973827192351164
5584,-10000.0,5000.0,1,0.8973787323314875
5585,-10000.0,5000.0,5,0.897358798112358
5586,-10000.0,4400.0,2,0.8973508245642445
5587,-10000.0,4400.0,2,0.8973428510958663
5588,50000.0,5000.0,7,0.8973149445844448
5589,-10000.0,5000.0,5,0.8972950119599891
5590,-10000.0,5000.0,2,0.8972870390497341
5591,-10000.0,4400.0,5,0.897267107122908
5592,-10000.0,4400.0,3,0.8972551482059933
5593,-10000.0,4400.0,2,0.8972471756943737
5594,-10000.0,4400.0,6,0.8972232586378606
5595,-10000.0,4400.0,2,0.8972152864451352
5596,-10000.0,4400.0,3,0.8972033283055247
5597,50000.0,5000.0,16,0.897139554590243
5598,50000.0,5600.0,10,0.8970996986089214
5599,-10000.0,5600.0,1,0.897095713120392
5600,-10000.0,5600.0,4,0.8970797713655476
5601,-10000.0,5000.0,2,0.8970718006076879
5602,-10000.0,5000.0,1,0.8970678152586482
5603,50000.0,5600.0,6,0.8970439035828673
5604,-10000.0,5600.0,2,0.8970359331836837
5605,50000.0,5600.0,5,0.8970160075344257
5606,-10000.0,5600.0,6,0.8969920974128532
5607,-10000.0,5000.0,2,0.8969841275317285
5608,-10000.0,5000.0,1,0.8969801426210532
5609,50000.0,5000.0,4,0.8969642031775958
5610,-10000.0,5000.0,2,0.8969562335754121
5611,-10000.0,5000.0,1,0.8969522488042061
5612,-10000.0,5000.0,1,0.8969482640529239
5613,-10000.0,5000.0,1,0.8969442793215656
5614,-10000.0,5000.0,2,0.8969363099186194
5615,-10000.0,5000.0,1,0.8969323252470316
5616,-10000.0,5000.0,4,0.896916386759912
5617,-10000.0,4400.0,4,0.896900448591559
5618,-10000.0,4400.0,4,0.8968845107419663
5619,-10000.0,4400.0,1,0.8968805263293735
5620,-10000.0,4400.0,2,0.8968725575639541
5621,-10000.0,3800.0,5,0.8968526359990356
5622,-10000.0,3200.0,3,0.8968406832991411
5623,-10000.0,2600.0,1,0.8968366991056852
5624,-10000.0,2000.0,5,0.8968167784372169
5625,-10000.0,2000.0,2,0.8968088103092732
5626,-10000.0,2000.0,5,0.8967888903380161
5627,-10000.0,1400.0,1,0.8967849064035243
5628,-10000.0,1400.0,7,0.8967570194198252
5629,-10000.0,1400.0,5,0.8967371007433242
5630,50000.0,1400.0,12,0.8966892979513778
5631,50000.0,1400.0,4,0.8966733643247555
5632,-10000.0,800.0,1,0.8966693809678923
5633,-10000.0,200.0,1,0.8966653976309458
5634,50000.0,800.0,4,0.8966494644823252
5635,-10000.0,800.0,2,0.8966414980275128
5636,-10000.0,800.0,1,0.8966375148299806
5637,-10000.0,800.0,1,0.8966335316523644
5638,50000.0,1400.0,6,0.8966096330048963
5639,-10000,1400.0,1,0.8966056499666889
5640,-10000.0,800.0,1,0.8966016669483966
5641,-10000.0,800.0,4,0.8965857350743769
5642,-10000.0,800.0,2,0.8965777692568553
5643,-10000.0,800.0,3,0.8965658206799311
5644,50000.0,1400.0,8,0.896533958684348
5645,-10000.0,1400.0,2,0.8965259933845877
5646,50000.0,2000.0,8,0.8964941329820646
5647,-10000.0,1400.0,1,0.8964901505213559
5648,50000.0,2000.0,7,0.8964622738539322
5649,-10000.0,2000.0,2,0.8964543092710165
5650,-10000.0,2000.0,2,0.8964463447677465
5651,-10000.0,2000.0,6,0.8964224517358007
5652,50000.0,2600.0,7,0.8963945774377929
5653,-10000.0,2000.0,2,0.8963866135318382
5654,-10000.0,2000.0,4,0.8963706859588438
5655,-10000.0,2000.0,5,0.8963507769405586
5656,-10000.0,2000.0,2,0.8963428134726067
5657,50000.0,2600.0,7,0.8963149419618893
5658,-10000.0,2600.0,2,0.8963069788522854
5659,-10000.0,2000.0,2,0.8962990158223121
5660,50000.0,2600.0,2,0.8962910528719686
5661,-10000.0,2600.0,2,0.8962830900012544
5662,-10000.0,2600.0,3,0.8962711458444858
5663,-10000.0,2600.0,7,0.8962432768420916
5664,-10000.0,2600.0,2,0.8962353144491352
5665,-10000.0,2600.0,8,0.896203465673537
5666,-10000.0,2000.0,2,0.8961955036786903
5667,-10000.0,2000.0,2,0.8961875417634632
5668,50000.0,2000.0,6,0.896163656495491
5669,-10000.0,2000.0,1,0.8961596756871606
5670,-10000.0,2000.0,1,0.8961556948987341
5671,-10000.0,1400.0,1,0.8961517141302116
5672,-10000.0,1400.0,3,0.8961397719440662
5673,-10000,1400.0,1,0.8961357912551583
5674,-10000.0,1400.0,3,0.8961238493078543
5675,-10000.0,1400.0,14,0.8960681225888606
5676,-10000.0,800.0,1,0.8960641422581985
5677,-10000.0,800.0,2,0.8960561816565791
5678,-10000.0,800.0,6,0.896032300329351
5679,-10000.0,800.0,3,0.8960203599343992
5680,-10000.0,200.0,1,0.8960163798425499
5681,-10000.0,200.0,6,0.8959924997093583
5682,-10000.0,200.0,1,0.8959885197568097
5683,50000.0,800.0,4,0.8959726001456112
5684,-10000.0,800.0,3,0.8959606606461554
5685,-10000.0,800.0,2,0.8959527010793469
5686,-10000.0,800.0,1,0.8959487213257908
5687,-10000.0,800.0,5,0.8959288228564897
5688,-10000.0,200.0,3,0.8959168840136884
5689,-10000.0,200.0,4,0.8959009658351904
5690,-10000.0,200.0,4,0.8958850479750528
5691,-10000.0,200.0,5,0.8958651510975655
5692,-10000.0,200.0,5,0.8958452547174938
5693,50000.0,800.0,2,0.8958372963047389
5694,-10000.0,800.0,1,0.8958333171282052
5695,50000.0,1400.0,4,0.8958174006210283
5696,-10000.0,1400.0,2,0.8958094424868127
5697,-10000.0,800.0,5,0.895789547499439
5698,50000.0,800.0,5,0.8957696530094337
5699,-10000.0,800.0,2,0.8957616953526919
5700,50000.0,1400.0,6,0.8957378228599205
5701,-10000.0,1400.0,1,0.8957338441807529
5702,50000.0,2000.0,6,0.8957099725235041
5703,-10000.0,1400.0,6,0.8956861015823944
5704,-10000.0,1400.0,5,0.8956662096785046
5705,50000.0,1400.0,6,0.8956423400502606
5706,-10000.0,1400.0,2,0.8956343836666419
5707,-10000.0,1400.0,2,0.8956264273625869
5708,-10000.0,1400.0,2,0.8956184711380945
5709,-10000.0,800.0,3,0.8956065369505339
5710,-10000.0,800.0,3,0.895594602941985
5711,50000.0,1400.0,4,0.8955786912090441
5712,-10000.0,1400.0,9,0.895542890973451
5713,-10000.0,1400.0,1,0.8955389132689404
5714,-10000.0,1400.0,1,0.8955349355843183
5715,-10000.0,1400.0,7,0.8955070923488323
5716,50000.0,2000.0,6,0.8954832274940364
5717,-10000.0,2000.0,1,0.8954792500878425
5718,50000.0,2600.0,4,0.8954633406619354
5719,50000.0,3200.0,14,0.8954076601769289
5720,-10000.0,3200.0,1,0.8954036831485707
5721,-10000,3200.0,1,0.8953997061400973
5722,-10000.0,3200.0,4,0.8953837983050534
5723,-10000.0,3200.0,9,0.8953480068394437
5724,-10000.0,3200.0,2,0.8953400533991426
5725,-10000.0,3200.0,6,0.8953161935554401
5726,-10000.0,3200.0,5,0.8952963108991354
5727,-10000.0,3200.0,1,0.8952923344275222
5728,50000.0,3800.0,4,0.895276428739891
5729,-10000.0,3800.0,2,0.8952684760153673
5730,50000.0,3800.0,6,0.895244618318954
5731,-10000.0,3200.0,1,0.895240642105803
5732,50000.0,3800.0,7,0.8952128091704086
5733,-10000.0,3800.0,4,0.8951969050732665
5734,-10000.0,3200.0,3,0.8951849772091497
5735,-10000.0,3200.0,1,0.8951810012942034
5736,-10000.0,3200.0,3,0.8951690736686415
5737,-10000.0,3200.0,5,0.8951491946902881
5738,-10000.0,2600.0,1,0.8951452189542538
5739,-10000.0,2600.0,2,0.8951372675418214
5740,-10000,2600.0,1,0.895133291865423
5741,-10000.0,2600.0,7,0.8951054626872211
5742,-10000.0,2600.0,1,0.8951014871698465
5743,-10000.0,2600.0,1,0.8950975116723494
5744,-10000.0,2000.0,6,0.8950736591047895
5745,50000.0,2600.0,5,0.8950537825117704
5746,-10000.0,2000.0,5,0.8950339064156598
5747,-10000.0,2000.0,1,0.8950299312560657
5748,-10000.0,1400.0,3,0.8950180058965372
5749,50000.0,2000.0,5,0.8949981306948308
5750,-10000.0,2000.0,2,0.8949901807532736
5751,50000.0,2600.0,3,0.8949782559899984
5752,-10000.0,2000.0,3,0.8949663314055931
5753,-10000.0,2000.0,17,0.8948987621391581
5754,-10000,2000.0,1,0.8948947876552836
5755,-10000.0,2000.0,2,0.8948868387471517
5756,-10000.0,2000.0,1,0.8948828643228941
5757,-10000.0,1400.0,1,0.8948788899185085
5758,-10000.0,1400.0,2,0.8948709411693531
5759,-10000.0,1400.0,3,0.8948590181946581
5760,50000.0,1400.0,8,0.894827224469809
5761,-10000,1400.0,1,0.894823250343622
5762,-10000.0,1400.0,1,0.8948192762373055
5763,-10000.0,1400.0,9,0.8947835101746173
5764,50000.0,2000.0,4,0.8947676146633694
5765,50000.0,2600.0,6,0.8947437719925715
5766,50000.0,3200.0,5,0.894723903646627
5767,-10000.0,3200.0,2,0.8947159564473265
5768,-10000.0,2600.0,1,0.8947119828774783
5769,-10000.0,2600.0,3,0.8947000622871397
5770,-10000.0,2600.0,2,0.8946921153262517
5771,50000.0,3200.0,5,0.8946722482717078
5772,-10000.0,3200.0,3,0.894660328277384
5773,-10000.0,3200.0,1,0.8946563549856758
5774,-10000.0,3200.0,7,0.8946285424999726
5775,-10000.0,3200.0,5,0.8946086770347295
5776,-10000.0,3200.0,1,0.8946047040012769
5777,50000.0,3800.0,4,0.8945888120661167
5778,-10000.0,3800.0,4,0.894572920448792
5779,-10000.0,3800.0,2,0.8945649747593161
5780,50000.0,4400.0,11,0.8945212748874618
5781,-10000.0,4400.0,3,0.8945093571577217
5782,50000.0,5000.0,5,0.894489494672075
5783,50000.0,5000.0,7,0.8944616880263805
5784,50000.0,5600.0,8,0.8944299101944203
5785,50000.0,6200.0,13,0.8943782739284545
5786,-10000.0,6200.0,3,0.8943663583437127
5787,-10000.0,6200.0,7,0.8943385560077144
5788,-10000.0,6200.0,3,0.8943266410187369
5789,-10000.0,6200.0,1,0.8943226693954609
5790,-10000.0,6200.0,3,0.8943107546447808
5791,50000.0,6800.0,4,0.894294868588549
5792,-10000.0,6800.0,8,0.8942630974292329
5793,50000.0,6800.0,6,0.8942392698937248
5794,-10000.0,6800.0,4,0.8942233852671737
5795,-10000.0,6200.0,1,0.8942194141601753
5796,-10000.0,6200.0,2,0.8942114720057444
5797,-10000.0,6200.0,4,0.8941955879351455
5798,-10000.0,5600.0,2,0.8941876460189758
5799,-10000.0,5600.0,2,0.8941797041822249
5800,-10000.0,5000.0,4,0.8941638207469762
5801,-10000.0,5000.0,4,0.8941479376293929
5802,-10000.0,4400.0,1,0.8941439668996316
5803,-10000.0,4400.0,3,0.8941320548294689
5804,-10000.0,4400.0,5,0.8941122017762624
5805,-10000.0,3800.0,1,0.8941082312251798
5806,-10000.0,3800.0,3,0.8940963196910482
5807,-10000.0,3800.0,1,0.894092349219376
5808,-10000.0,3800.0,9,0.8940566158676675
5809,-10000.0,3800.0,4,0.8940407348941604
5810,-10000.0,3800.0,1,0.8940367647004115
5811,50000.0,3800.0,10,0.8939970638547058
5812,50000.0,4400.0,5,0.8939772141762314
5813,-10000.0,4400.0,2,0.8939692744437884
5814,-10000.0,4400.0,4,0.8939533952170924
5815,-10000.0,4400.0,1,0.8939494254600406
5816,-10000.0,3800.0,1,0.8939454557228377
5817,-10000.0,3800.0,1,0.8939414860054834
5818,-10000.0,3200.0,11,0.8938978204245676
5819,-10000.0,2600.0,5,0.893877973227148
5820,-10000.0,2600.0,1,0.8938740038472053
5821,-10000.0,2600.0,4,0.893858126525902
5822,-10000.0,2600.0,2,0.8938501879843296
5823,50000.0,3200.0,10,0.8938104964672265
5824,-10000.0,3200.0,1,0.8938065274246669
5825,50000.0,3800.0,2,0.8937985893990829
5826,-10000.0,3800.0,2,0.8937906514528786
5827,-10000.0,3800.0,2,0.8937827135860534
5828,-10000.0,3200.0,5,0.8937628692662688
5829,50000.0,3800.0,8,0.8937311193865001
5830,50000.0,3800.0,6,0.8937073078100939
5831,-10000.0,3800.0,4,0.893691433822678
5832,-10000.0,3200.0,1,0.8936874653754301
5833,-10000.0,3200.0,3,0.8936755601527389
5834,-10000.0,3200.0,3,0.8936636551086246
5835,-10000.0,3200.0,7,0.8936358773668092
5836,-10000.0,3200.0,5,0.8936160367178841
5837,50000.0,3800.0,6,0.8935922285939062
5838,-10000.0,3800.0,1,0.8935882606426832
5839,-10000.0,3800.0,6,0.893564453351975
5840,-10000.0,3800.0,9,0.8935287437550461
5841,-10000.0,3800.0,2,0.8935208085072849
5842,-10000.0,3800.0,3,0.893508905784428
5843,-10000.0,3800.0,3,0.8934970032401104
5844,-10000.0,3800.0,3,0.8934851008743299
5845,-10000.0,3200.0,13,0.8934335260189739
5846,50000.0,3800.0,9,0.8933978223136424
5847,-10000.0,3800.0,9,0.8933621202149417
5848,50000.0,4400.0,9,0.893326419722799
5849,-10000.0,3800.0,3,0.893314519915752
5850,-10000.0,3800.0,1,0.8933105533530687
5851,-10000.0,3200.0,3,0.8932986537840154
5852,50000.0,3800.0,5,0.8932788215655747
5853,50000.0,4400.0,10,0.8932391586160784
5854,-10000.0,4400.0,3,0.8932272601179381
5855,-10000.0,4400.0,3,0.8932153617982739
5856,50000.0,5000.0,13,0.8931638044753882
5857,-10000.0,5000.0,5,0.893143975628138
5858,-10000.0,5000.0,1,0.8931400099181741
5859,-10000.0,5000.0,2,0.8931320785577317
5860,50000.0,5000.0,6,0.8931082849522809
5861,-10000.0,5000.0,2,0.8931003539090866
5862,50000.0,5600.0,9,0.8930646651961628
5863,-10000.0,5600.0,6,0.8930408736130825
5864,-10000.0,5000.0,5,0.8930210478390653
5865,-10000.0,4400.0,5,0.8930012225606864
5866,-10000.0,3800.0,1,0.8929972575644861
5867,-10000.0,3800.0,2,0.8929893276315601
5868,-10000.0,3800.0,1,0.8929853626948343
5869,-10000.0,3800.0,9,0.8929496791563988
5870,-10000.0,3800.0,3,0.8929377850004178
5871,50000.0,3800.0,6,0.8929139972236863
5872,-10000.0,3800.0,6,0.8928902101605771
5873,-10000.0,3800.0,12,0.8928426381751414
5874,-10000.0,3800.0,1,0.892838673971861
5875,-10000.0,3800.0,2,0.8928307456247631
5876,-10000.0,3800.0,6,0.8928069610591647
5877,-10000.0,3200.0,1,0.8928029970342694
5878,-10000.0,3200.0,2,0.8927950690439391
5879,-10000.0,3200.0,2,0.8927871411328883
5880,-10000.0,2600.0,4,0.892771285548622
5881,-10000.0,2600.0,3,0.8927593940685251
5882,-10000.0,2000.0,5,0.8927395753314087
5883,-10000.0,1400.0,5,0.8927197570897544
5884,50000.0,1400.0,5,0.8926999393435501
5885,-10000.0,800.0,2,0.8926920123837915
5886,50000.0,1400.0,2,0.892684085503302
5887,50000.0,2000.0,8,0.8926523787740207
5888,-10000.0,2000.0,4,0.8926365258849747
5889,-10000.0,2000.0,4,0.8926206733129832
5890,-10000.0,2000.0,1,0.8926167102195244
5891,-10000.0,1400.0,1,0.892612747145881
5892,-10000.0,1400.0,3,0.8926008580438423
5893,-10000.0,800.0,2,0.8925929320748918
5894,-10000.0,800.0,2,0.8925850061852005
5895,-10000.0,800.0,6,0.8925612289916747
5896,-10000.0,800.0,7,0.8925334898340981
5897,-10000.0,800.0,2,0.8925255645388263
5898,-10000.0,800.0,3,0.8925136767445169
5899,-10000.0,800.0,3,0.892501789128523
5900,-10000.0,800.0,5,0.8924819768314496
5901,-10000.0,800.0,2,0.8924740520513053
5902,-10000.0,800.0,9,0.8924383915213309
5903,50000.0,1400.0,11,0.8923948086083383
5904,-10000.0,1400.0,4,0.8923789608706441
5905,-10000.0,1400.0,7,0.89235122809234
5906,-10000.0,1400.0,2,0.8923433046196765
5907,-10000.0,1400.0,3,0.8923314195592454
5908,-10000.0,1400.0,2,0.8923234962846662
5909,-10000.0,1400.0,3,0.8923116115213579
5910,-10000.0,1400.0,4,0.8922957654475887
5911,-10000.0,800.0,3,0.8922838811002398
5912,-10000.0,200.0,1,0.8922799196907379
5913,-10000.0,200.0,4,0.892264074250799
5914,-10000.0,200.0,8,0.8922323843216318
5915,-10000.0,200.0,3,0.8922205009249926
5916,-10000.0,200.0,2,0.8922125787595943
5917,-10000.0,200.0,1,0.8922086177066031
5918,-10000.0,200.0,7,0.8921808908902055
5919,-10000.0,200.0,4,0.8921650474308228
5920,-10000.0,200.0,8,0.8921333614626492
5921,-10000.0,200.0,1,0.8921294008057435
5922,-10000.0,200.0,10,0.8920897953258484
5923,-10000.0,-400.0,7,0.8920620726681614
5924,-10000.0,-400.0,4,0.8920462315851194
5925,50000.0,-400.0,7,0.8920185104521365
5926,-10000.0,-400.0,5,0.891998710236879
5927,-10000,-400.0,1,0.8919947502532278
5928,-10000.0,-400.0,8,0.891963071096805
5929,-10000.0,-1000.0,1,0.8919591112913491
5930,-10000.0,-1600.0,3,0.8919472319937747
5931,50000.0,-1000.0,2,0.891939312561052
5932,-10000.0,-1000.0,2,0.8919313932075232
5933,-10000.0,-1000.0,1,0.8919274335604562
5934,-10000.0,-1000.0,5,0.8919076356220924
5935,-10000.0,-1000.0,1,0.8919036760938132
5936,-10000.0,-1000.0,4,0.891887838178671
5937,50000.0,-1000.0,9,0.8918522040277275
5938,-10000.0,-1000.0,2,0.8918442855452796
5939,-10000.0,-1000.0,3,0.8918324079700785
5940,-10000.0,-1000.0,5,0.8918126124073248
5941,-10000.0,-1000.0,1,0.8918086533541604
5942,50000.0,-400.0,4,0.8917928173394539
5943,50000.0,200.0,3,0.8917809405362701
5944,50000.0,800.0,3,0.891769063911237
5945,-10000.0,800.0,4,0.8917532286883114
5946,50000.0,800.0,5,0.8917334351050151
5947,-10000.0,800.0,1,0.8917294764477363
5948,-10000.0,200.0,3,0.8917176005946587
5949,-10000.0,200.0,6,0.8916938494229102
5950,-10000.0,200.0,8,0.8916621823022799
5951,-10000.0,200.0,6,0.8916384327930552
5952,-10000.0,-400.0,4,0.891622600182726
5953,-10000.0,-1000.0,11,0.8915790621370232
5954,-10000.0,-1000.0,3,0.8915671885401434
5955,-10000.0,-1000.0,8,0.8915355264858471
5956,50000.0,-1000.0,8,0.8915038656980077
5957,50000.0,-400.0,6,0.8914801209382098
5958,-10000.0,-400.0,4,0.891464291494086
5959,-10000.0,-400.0,4,0.891448462366548
5960,-10000.0,-1000.0,5,0.8914286764023144
5961,-10000.0,-1000.0,1,0.8914247192688253
5962,-10000.0,-1600.0,3,0.891412847987071
5963,-10000.0,-1600.0,5,0.8913930629131858
5964,-10000.0,-1600.0,2,0.8913851490221262
5965,-10000.0,-1600.0,1,0.8913811921062733
5966,-10000.0,-1600.0,7,0.891353494249265
5967,-10000.0,-1600.0,4,0.8913376673376496
5968,50000.0,-1000.0,6,0.891313927563728
5969,-10000.0,-1000.0,2,0.8913060144640178
5970,-10000.0,-1000.0,3,0.8912941449628223
5971,50000.0,-1000.0,5,0.8912743628564757
5972,-10000.0,-1000.0,1,0.8912704064945522
5973,-10000.0,-1000.0,4,0.8912545812446754
5974,-10000.0,-1000.0,1,0.8912506249816599
5975,-10000.0,-1000.0,1,0.8912466687384255
5976,-10000.0,-1000.0,3,0.8912348001274093
5977,50000.0,-400.0,14,0.8911794156298803
5978,50000.0,200.0,9,0.8911438133572341
5979,-10000.0,200.0,7,0.8911161238083366
5980,-10000.0,200.0,2,0.8911082126866542
5981,-10000.0,200.0,4,0.891092390680621
5982,-10000.0,200.0,6,0.8910686582648886
5983,-10000.0,200.0,1,0.8910647029314857
5984,-10000.0,-400.0,2,0.8910567923240094
5985,-10000.0,-400.0,4,0.8910409713463733
5986,50000.0,-400.0,7,0.8910132853968831
5987,-10000.0,-1000.0,3,0.8910014202865907
5988,50000.0,-400.0,3,0.8909895553542736
5989,-10000.0,-400.0,1,0.8909856004163842
5990,-10000.0,-400.0,8,0.8909539616251475
5991,-10000.0,-400.0,3,0.8909420974047051
5992,-10000.0,-400.0,1,0.8909381427041048
5993,-10000.0,-400.0,6,0.8909144149157423
5994,-10000.0,-400.0,3,0.8909025512884959
5995,-10000.0,-400.0,1,0.8908985967856258
5996,-10000.0,-400.0,4,0.8908827789718687
5997,-10000.0,-400.0,2,0.8908748701836231
5998,-10000.0,-400.0,1,0.890870915819158
5999,-10000.0,-400.0,2,0.8908630071495433
6000,-10000.0,-400.0,3,0.8908511442934077
6001,50000.0,200.0,5,0.8908313732619393
6002,-10000.0,200.0,6,0.8908076486766119
6003,-10000.0,-400.0,2,0.8907997406396654
6004,-10000.0,-400.0,1,0.8907957866508472
6005,-10000.0,-400.0,3,0.8907839248030115
6006,-10000.0,-400.0,1,0.8907799708932723
6007,-10000.0,-400.0,1,0.8907760170033026
6008,-10000.0,-400.0,9,0.8907404328831862
6009,-10000.0,-400.0,3,0.8907285718656508
6010,-10000.0,-400.0,1,0.8907246182326755
6011,-10000.0,-400.0,3,0.8907127574523581
6012,-10000.0,-400.0,2,0.890704850364319
6013,-10000.0,-400.0,6,0.8906811295746218
6014,-10000.0,-400.0,2,0.89067322280286
6015,-10000.0,-400.0,2,0.8906653161101655
6016,-10000.0,-400.0,1,0.8906613627934682
6017,-10000.0,-400.0,1,0.8906574094965375
6018,-10000.0,-400.0,1,0.8906534562193732
6019,-10000.0,-400.0,5,0.8906336901300449
6020,-10000.0,-400.0,1,0.8906297369714772
6021,-10000.0,-400.0,2,0.8906218307136388
6022,-10000.0,-400.0,1,0.890617877614368
6023,-10000.0,-400.0,3,0.8906060184351478
6024,-10000.0,-400.0,1,0.8906020654149382
6025,-10000.0,-1000.0,2,0.890594159433814
6026,50000.0,-400.0,21,0.8905111514050712
6027,-10000.0,-400.0,3,0.8904992938267322
6028,-10000.0,-400.0,2,0.8904913888733188
6029,-10000.0,-400.0,1,0.8904874364262555
6030,-10000.0,-400.0,4,0.8904716268356235
6031,-10000.0,-1000.0,1,0.8904676744873701
6032,-10000.0,-1000.0,3,0.89045581756118
6033,50000.0,-400.0,7,0.8904281520917139
6034,50000.0,200.0,5,0.8904083916349184
6035,-10000.0,200.0,12,0.8903609685541269
6036,-10000.0,200.0,4,0.8903451614928269
6037,-10000,-400.0,1,0.8903412097768988
6038,50000.0,200.0,4,0.8903254031107705
6039,-10000.0,200.0,3,0.890313548318635
6040,-10000.0,200.0,1,0.8903095967607723
6041,-10000.0,200.0,4,0.8902937907268978
6042,-10000.0,-400.0,2,0.8902858878285052
6043,-10000.0,-1000.0,2,0.890277985009141
6044,-10000.0,-1600.0,2,0.8902700822688048
6045,-10000.0,-1600.0,2,0.8902621796074954
6046,-10000.0,-2200.0,5,0.8902424232999602
6047,-10000.0,-2200.0,3,0.8902305697525125
6048,-10000.0,-2200.0,5,0.8902108142352136
6049,50000.0,-1600.0,9,0.8901752555486495
6050,-10000.0,-1600.0,3,0.8901634030087106
6051,-10000.0,-1600.0,2,0.8901555014141884
6052,-10000.0,-1600.0,7,0.8901278464556035
6053,-10000.0,-1600.0,3,0.8901159946267957
6054,-10000.0,-1600.0,12,0.8900685890892984
6055,-10000.0,-1600.0,3,0.8900567381493444
6056,50000.0,-1600.0,5,0.8900369869777813
6057,-10000.0,-2200.0,4,0.8900211863960481
6058,-10000.0,-2200.0,3,0.8900093361671291
6059,-10000.0,-2200.0,6,0.8899856362425448
6060,50000.0,-1600.0,5,0.8899658868485071
6061,-10000.0,-1600.0,5,0.8899461379481982
6062,-10000.0,-1600.0,2,0.8899382385263159
6063,-10000.0,-1600.0,2,0.8899303391834273
6064,-10000.0,-1600.0,4,0.8899145407346287
6065,-10000.0,-1600.0,3,0.8899026921053826
6066,-10000.0,-1600.0,3,0.8898908436538646
6067,-10000.0,-1600.0,3,0.8898789953800722
6068,-10000.0,-2200.0,4,0.8898631979581393
6069,-10000.0,-2200.0,2,0.8898552993656527
6070,-10000.0,-2200.0,4,0.8898395024176354
6071,-10000.0,-2800.0,4,0.8898237057855539
6072,-10000.0,-2800.0,2,0.8898158075879872
6073,-10000.0,-2800.0,2,0.8898079094694019
6074,-10000.0,-2800.0,4,0.8897921134691731
6075,50000.0,-2200.0,6,0.889768420061172
6076,-10000.0,-2200.0,1,0.8897644712289436
6077,-10000.0,-2800.0,1,0.8897605224164595
6078,-10000.0,-3400.0,3,0.889748676097471
6079,50000.0,-2800.0,3,0.8897368299561758
6080,50000.0,-2200.0,3,0.8897249839925713
6081,-10000.0,-2200.0,2,0.8897170867822175
6082,-10000.0,-2200.0,5,0.8896973441018325
6083,-10000.0,-2200.0,3,0.8896854987305115
6084,-10000.0,-2200.0,5,0.8896657568398179
6085,-10000.0,-2200.0,2,0.8896578602217327
6086,-10000.0,-2800.0,7,0.8896302226802847
6087,50000.0,-2200.0,5,0.8896104821714751
6088,-10000.0,-2800.0,2,0.8896025861061337
6089,50000.0,-2200.0,4,0.8895867942123311
6090,-10000.0,-2200.0,1,0.8895828462882298
6091,-10000.0,-2200.0,5,0.8895631069638152
6092,-10000.0,-2200.0,1,0.88955915915815
6093,-10000.0,-2200.0,4,0.8895433681328776
6094,-10000.0,-2200.0,3,0.8895315250711787
6095,50000.0,-1600.0,7,0.8895038919513837
6096,-10000.0,-1600.0,1,0.8894999444417927
6097,-10000.0,-1600.0,3,0.8894881020314443
6098,50000.0,-1000.0,6,0.8894644177436496
6099,-10000.0,-1000.0,2,0.8894565231389452
6100,-10000.0,-1000.0,2,0.8894486286131865
6101,50000.0,-1000.0,3,0.8894367869725698
6102,-10000.0,-1000.0,3,0.8894249455095763
6103,-10000.0,-1000.0,2,0.8894170512995925
6104,-10000.0,-1000.0,2,0.8894091571685502
6105,-10000.0,-1000.0,2,0.8894012631164487
6106,-10000.0,-1000.0,4,0.8893854752490656
6107,-10000.0,-1000.0,3,0.8893736345557424
6108,-10000.0,-1000.0,4,0.8893578472409249
6109,-10000.0,-1000.0,6,0.8893341668607152
6110,-10000.0,-1000.0,6,0.8893104871909062
6111,-10000.0,-1000.0,8,0.8892789154028584
6112,-10000.0,-1000.0,3,0.8892670763079209
6113,-10000.0,-1000.0,3,0.8892552373905684
6114,-10000.0,-1000.0,3,0.8892433986507983
6115,-10000.0,-1000.0,3,0.8892315600886079
6116,-10000.0,-1000.0,2,0.8892236678124685
6117,-10000.0,-1000.0,8,0.8891920994971265
6118,-10000.0,-1000.0,3,0.8891802617044178
6119,-10000.0,-1000.0,1,0.889176315812974
6120,-10000.0,-1000.0,4,0.8891605324444919
6121,50000.0,-400.0,11,0.8891171298087909
6122,-10000.0,-400.0,3,0.889105293140619
6123,-10000.0,-400.0,4,0.8890895111925762
6124,-10000.0,-400.0,1,0.8890855657548838
6125,-10000.0,-400.0,2,0.8890776749386804
6126,-10000.0,-1000.0,4,0.8890618935429961
6127,-10000.0,-1000.0,1,0.8890579482433916
6128,-10000.0,-1000.0,1,0.8890540029635137
6129,-10000.0,-1000.0,4,0.8890382220412641
6130,-10000.0,-1000.0,1,0.8890342768600169
6131,-10000.0,-1000.0,7,0.8890066611436046
6132,-10000.0,-1000.0,2,0.8889987711164434
6133,-10000.0,-1600.0,3,0.8889869362236386
6134,-10000.0,-2200.0,5,0.8889672117967893
6135,50000.0,-1600.0,6,0.8889435431354672
6136,50000.0,-1000.0,8,0.8889119860248882
6137,-10000.0,-1000.0,7,0.8888843745885803
6138,-10000.0,-1600.0,1,0.8888804301765683
6139,-10000.0,-1600.0,7,0.8888528198446958
6140,-10000.0,-1600.0,11,0.8888094341327224
6141,-10000.0,-1600.0,1,0.8888054900954118
6142,-10000.0,-1600.0,1,0.8888015460778214
6143,-10000.0,-1600.0,2,0.8887936581018006
6144,-10000.0,-1600.0,2,0.8887857702046591
6145,-10000.0,-1600.0,1,0.8887818262856678
6146,-10000.0,-1600.0,1,0.8887778823863961
6147,-10000.0,-1600.0,3,0.8887660508068974
6148,-10000.0,-1600.0,4,0.8887502756436334
6149,-10000.0,-2200.0,2,0.8887423881803145
6150,50000.0,-1600.0,5,0.8887226698670898
6151,50000.0,-1000.0,4,0.8887068955714359
6152,-10000.0,-1000.0,2,0.8886990085419154
6153,-10000.0,-1000.0,1,0.8886950650567315
6154,-10000.0,-1000.0,4,0.8886792913131684
6155,-10000.0,-1000.0,1,0.8886753479265702
6156,-10000.0,-1600.0,2,0.8886674612125246
6157,-10000.0,-1600.0,1,0.8886635178850768
6158,-10000.0,-1600.0,2,0.8886556312893311
6159,50000.0,-1000.0,8,0.8886240856949955
6160,-10000.0,-1600.0,3,0.8886122564224299
6161,-10000.0,-1600.0,5,0.8885925413624586
6162,-10000.0,-1600.0,6,0.8885688839410808
6163,-10000.0,-1600.0,2,0.8885609982916698
6164,-10000.0,-1600.0,6,0.8885373418165698
6165,50000.0,-1000.0,8,0.8885058009537187
6166,50000.0,-400.0,6,0.8884821461345142
6167,50000.0,200.0,12,0.8884348386249856
6168,-10000.0,200.0,1,0.8884308964606478
6169,50000.0,800.0,6,0.8884072438885444
6170,-10000.0,800.0,1,0.88840330186218
6171,-10000.0,800.0,10,0.8883638826825746
6172,-10000.0,800.0,5,0.8883441738318693
6173,-10000.0,800.0,3,0.88833234875795
6174,-10000.0,800.0,4,0.8883165822686403
6175,-10000.0,200.0,3,0.8883047576085914
6176,-10000.0,200.0,2,0.8882968746004304
6177,-10000.0,200.0,4,0.8882811088205967
6178,-10000.0,200.0,1,0.8882771674249061
6179,-10000.0,-400.0,5,0.888257460742055
6180,-10000.0,-1000.0,4,0.8882416957504907
6181,50000.0,-400.0,5,0.8882219899544204
6182,50000.0,200.0,3,0.8882101667132456
6183,50000.0,800.0,4,0.8881944026675523
6184,50000.0,1400.0,5,0.8881746980537942
6185,50000.0,2000.0,8,0.8881431716964036
6186,50000.0,2600.0,4,0.8881274089905972
6187,50000.0,2600.0,2,0.8881195277559135
6188,-10000.0,2600.0,2,0.8881116466000418
6189,-10000.0,2000.0,1,0.8881077060516602
6190,-10000.0,2000.0,5,0.8880880036052905
6191,-10000.0,2000.0,4,0.888072242002835
6192,50000.0,2600.0,4,0.8880564807156083
6193,-10000.0,2600.0,2,0.8880486001902038
6194,-10000.0,2600.0,2,0.8880407197436042
6195,-10000.0,2000.0,5,0.8880210189718712
6196,50000.0,2600.0,6,0.8879973786959081
6197,50000.0,3200.0,3,0.8879855588238769
6198,-10000.0,2600.0,3,0.8879737391291425
6199,-10000.0,2600.0,6,0.8879501002715532
6200,-10000.0,2600.0,3,0.8879382811086931
6201,50000.0,2600.0,7,0.8879107037514609
6202,-10000,2600.0,1,0.8879067642077909
6203,-10000.0,2600.0,3,0.887894945694967
6204,-10000.0,2600.0,1,0.8878910062300871
6205,-10000.0,2600.0,5,0.8878713092011452
6206,-10000.0,2600.0,2,0.8878634305274467
6207,-10000.0,2600.0,2,0.8878555519325344
6208,-10000.0,2600.0,2,0.8878476734164077
6209,-10000.0,2600.0,3,0.887835855789939
6210,50000.0,3200.0,6,0.8878122210687878
6211,-10000.0,3200.0,7,0.8877846481235797
6212,-10000.0,3200.0,8,0.8877531373678741
6213,-10000.0,3200.0,1,0.8877491986120342
6214,-10000,3200.0,1,0.887745259875888
6215,-10000.0,3200.0,2,0.8877373824626764
6216,-10000.0,3200.0,6,0.8877137506956807
6217,-10000.0,3200.0,1,0.8877098121367737
6218,-10000.0,3200.0,3,0.8876979965782086
6219,-10000.0,3200.0,4,0.8876822427758155
6220,-10000.0,3200.0,5,0.8876625509658947
6221,-10000.0,2600.0,2,0.8876546743797681
6222,-10000.0,2600.0,2,0.8876467978724069
6223,-10000.0,2600.0,2,0.8876389214438104
6224,-10000.0,2600.0,5,0.8876192307169094
6225,-10000.0,2600.0,2,0.8876113545639831
6226,-10000.0,2600.0,3,0.8875995404822705
6227,-10000.0,2600.0,10,0.8875601614897294
6228,-10000.0,2600.0,2,0.8875522859274924
6229,-10000.0,2600.0,1,0.8875483481759071
6230,-10000.0,2600.0,2,0.8875404727318027
6231,-10000.0,2600.0,8,0.8875089717429173
6232,-10000.0,2600.0,2,0.8875010966925752
6233,-10000.0,2600.0,3,0.8874892842647183
6234,-10000.0,2600.0,1,0.8874853468281405
6235,-10000.0,2000.0,3,0.8874735346365298
6236,-10000.0,1400.0,2,0.8874656599405569
6237,-10000.0,1400.0,2,0.8874577853233306
6238,-10000.0,1400.0,4,0.8874420363251148
6239,-10000.0,1400.0,1,0.8874380991247761
6240,-10000.0,1400.0,1,0.8874341619441235
6241,-10000.0,1400.0,2,0.8874262876418756
6242,-10000.0,1400.0,2,0.8874184134183702
6243,-10000.0,1400.0,8,0.8873869173117599
6244,-10000.0,1400.0,1,0.8873829803870157
6245,50000.0,2000.0,16,0.8873199922681431
6246,-10000.0,2000.0,1,0.8873160556780233
6247,-10000.0,2000.0,11,0.8872727544857547
6248,-10000.0,2000.0,2,0.8872648817975733
6249,-10000.0,2000.0,2,0.8872570091881185
6250,-10000.0,1400.0,2,0.8872491366573892
6251,-10000.0,800.0,2,0.887241264205385
6252,-10000.0,800.0,7,0.8872137112433175
6253,-10000.0,800.0,3,0.88720190312621
6254,-10000.0,800.0,2,0.8871940311465386
6255,-10000.0,800.0,4,0.8871782874233535
6256,-10000.0,800.0,4,0.8871625440150396
6257,-10000.0,800.0,5,0.8871428651974255
6258,-10000.0,800.0,3,0.8871310581430006
6259,-10000.0,200.0,1,0.8871271224975491
6260,-10000.0,200.0,2,0.8871192512656803
6261,-10000.0,200.0,3,0.8871074445654618
6262,-10000.0,200.0,3,0.8870956380423424
6263,-10000.0,200.0,4,0.8870798962869997
6264,-10000.0,200.0,3,0.8870680901771014
6265,-10000.0,-400.0,1,0.8870641548464888
6266,-10000.0,-1000.0,4,0.8870484137208038
6267,-10000.0,-1600.0,1,0.8870444784885732
6268,-10000.0,-1600.0,1,0.8870405432760188
6269,-10000.0,-2200.0,10,0.8870011922326392
6270,-10000.0,-2200.0,1,0.8869972572365156
6271,-10000.0,-2200.0,4,0.8869815174487693
6272,-10000.0,-2200.0,3,0.8869697128145425
6273,-10000.0,-2200.0,5,0.8869500388176482
6274,50000.0,-1600.0,9,0.8869146268626763
6275,-10000.0,-1600.0,11,0.8868713477483855
6276,-10000.0,-1600.0,9,0.886835939334432
6277,-10000.0,-1600.0,9,0.8868005325138214
6278,-10000.0,-1600.0,4,0.8867847966605302
6279,-10000.0,-1600.0,2,0.8867769288519027
6280,-10000.0,-1600.0,1,0.8867729949770932
6281,-10000.0,-2200.0,1,0.8867690611219529
6282,-10000.0,-2800.0,1,0.8867651272864819
6283,-10000.0,-3400.0,3,0.8867533258980832
6284,-10000.0,-4000.0,1,0.8867493921412881
6285,-10000.0,-4600.0,2,0.8867415246867041
6286,50000.0,-4600.0,7,0.8867139892152136
6287,50000.0,-4600.0,4,0.886698255092771
6288,-10000.0,-4600.0,3,0.8866864547074478
6289,-10000.0,-4600.0,1,0.8866825212850078
6290,-10000.0,-4600.0,4,0.8866667877919175
6291,-10000.0,-4600.0,3,0.8866549878786003
6292,-10000.0,-5200.0,2,0.886647121368054
6293,-10000.0,-5200.0,1,0.8866431881422804
6294,-10000.0,-5200.0,4,0.886627455435845
6295,-10000.0,-5200.0,5,0.8866077899952781
6296,-10000.0,-5800.0,2,0.8865999239567085
6297,-10000.0,-6400.0,5,0.88658025920442
6298,-10000.0,-6400.0,1,0.8865763263129562
6299,-10000.0,-6400.0,5,0.8865566621506015
6300,-10000.0,-6400.0,5,0.8865369984798446
6301,-10000.0,-7000.0,4,0.8865212678971813
6302,-10000.0,-7000.0,10,0.8864819428169216
6303,-10000.0,-7000.0,1,0.8864780104170387
6304,-10000.0,-7000.0,3,0.8864662133353607
6305,-10000.0,-7000.0,6,0.8864426197028669
6306,-10000.0,-7000.0,3,0.8864308231520457
6307,50000.0,-6400.0,2,0.8864229588831356
6308,-10000.0,-6400.0,4,0.8864072305812414
6309,-10000.0,-6400.0,2,0.8863993665482559
6310,-10000.0,-7000.0,2,0.8863915025939102
6311,-10000.0,-7000.0,6,0.8863679112027051
6312,50000.0,-6400.0,10,0.8863285937900884
6313,50000.0,-5800.0,3,0.8863167989496431
6314,-10000.0,-5800.0,2,0.8863089358209693
6315,-10000.0,-5800.0,6,0.8862853469067302
6316,50000.0,-5200.0,8,0.8862538961218738
6317,-10000.0,-5200.0,4,0.8862381712012011
6318,-10000.0,-5200.0,1,0.886234240020173
6319,-10000.0,-5200.0,4,0.8862185154926184
6320,50000.0,-4600.0,5,0.8861988602754224
6321,-10000.0,-4600.0,3,0.8861870673809652
6322,-10000.0,-4600.0,1,0.8861831364554555
6323,-10000.0,-4600.0,1,0.8861792055496006
6324,-10000.0,-4600.0,5,0.8861595513151408
6325,50000.0,-4000.0,11,0.886116313728863
6326,-10000.0,-4000.0,6,0.8860927305931999
6327,-10000.0,-4000.0,2,0.8860848697051985
6328,-10000.0,-4000.0,1,0.886080939290676
6329,-10000.0,-4000.0,3,0.8860691481650202
6330,50000.0,-3400.0,5,0.8860494966819608
6331,-10000.0,-3400.0,3,0.8860377060279406
6332,-10000,-3400.0,1,0.8860337758492359
6333,-10000.0,-3400.0,4,0.8860180553309246
6334,50000.0,-2800.0,7,0.8859905451804185
6335,-10000.0,-2800.0,1,0.8859866152375175
6336,50000.0,-2200.0,4,0.885970895662409
6337,-10000.0,-2200.0,1,0.8859669658177554
6338,50000.0,-1600.0,5,0.8859473168892225
6339,-10000.0,-1600.0,1,0.8859433871624623
6340,50000.0,-1000.0,9,0.8859080205057959
6341,50000.0,-400.0,5,0.8858883730508774
6342,-10000.0,-400.0,1,0.8858844436188357
6343,-10000.0,-400.0,11,0.8858412211630651
6344,-10000.0,-400.0,3,0.8858294336331544
6345,50000.0,-400.0,3,0.8858176462800552
6346,-10000.0,-400.0,1,0.8858137172016465
6347,-10000.0,-400.0,2,0.8858058591037651
6348,-10000.0,-400.0,1,0.8858019300842921
6349,-10000.0,-400.0,1,0.8857980010844642
6350,-10000.0,-400.0,3,0.8857862142028499
6351,-10000.0,-400.0,6,0.885762640970024
6352,-10000.0,-400.0,5,0.8857429971495485
6353,50000.0,200.0,7,0.8857154966259102
6354,50000.0,800.0,7,0.8856879970647734
6355,-10000,800.0,1,0.8856840686346091
6356,-10000.0,800.0,5,0.8856644267784176
6357,-10000.0,800.0,3,0.8856526419004027
6358,-10000.0,800.0,2,0.8856447854132662
6359,-10000.0,800.0,9,0.885609432193376
6360,-10000.0,800.0,1,0.8856055041560351
6361,-10000.0,800.0,13,0.8855544414578206
6362,-10000.0,800.0,3,0.8855426582295732
6363,-10000.0,800.0,3,0.8855308751780729
6364,-10000.0,800.0,1,0.8855269475335161
6365,-10000.0,800.0,4,0.8855112371516698
6366,-10000.0,800.0,1,0.8855073096053029
6367,50000.0,1400.0,6,0.8854837447394894
6368,-10000.0,1400.0,2,0.8854758899413162
6369,-10000.0,1400.0,3,0.8854641078913326
6370,50000.0,2000.0,5,0.8854444715340909
6371,-10000.0,2000.0,1,0.8854405443215512
6372,-10000.0,2000.0,4,0.8854248356677518
6373,-10000.0,2000.0,1,0.8854209085533913
6374,50000.0,2000.0,3,0.8854091273281224
6375,50000.0,2600.0,3,0.8853973462795706
6376,-10000.0,2600.0,6,0.8853737847126074
6377,-10000.0,2600.0,4,0.8853580773939869
6378,50000.0,3200.0,12,0.8853109573229595
6379,-10000.0,3200.0,1,0.8853070307779892
6380,-10000.0,3200.0,4,0.8852913247944341
6381,-10000.0,3200.0,2,0.8852834719204505
6382,-10000.0,3200.0,9,0.8852481349593018
6383,-10000.0,3200.0,3,0.8852363563256174
6384,50000.0,3800.0,8,0.885204947499545
6385,50000.0,4400.0,3,0.8851931695136677
6386,50000.0,4400.0,7,0.8851656882336598
6387,-10000.0,3800.0,4,0.8851499850769273
6388,-10000.0,3800.0,1,0.8851460593368162
6389,-10000.0,3800.0,4,0.8851303565726577
6390,-10000.0,3800.0,5,0.8851107285590946
6391,50000.0,4400.0,6,0.8850871755905341
6392,-10000.0,4400.0,2,0.8850793247580324
6393,-10000.0,4400.0,3,0.885067548656482
6394,-10000.0,4400.0,5,0.8850479222130972
6395,-10000.0,4400.0,7,0.885020446016656
6396,-10000.0,4400.0,2,0.8850125958514466
6397,-10000.0,4400.0,8,0.8849811959756143
6398,-10000.0,4400.0,3,0.8849694213459846
6399,-10000.0,4400.0,2,0.8849615716910195
6400,-10000.0,4400.0,3,0.8849497973557519
6401,-10000.0,4400.0,6,0.8849262492150551
6402,-10000.0,4400.0,3,0.8849144754096206
6403,-10000.0,4400.0,7,0.8848870038837358
6404,-10000.0,4400.0,3,0.8848752306669769
6405,-10000.0,4400.0,2,0.8848673819539138
6406,-10000.0,4400.0,2,0.8848595333193375
6407,-10000.0,3800.0,3,0.884847760514634
6408,-10000.0,3800.0,3,0.8848359878865212
6409,-10000.0,3800.0,4,0.8848202913237296
6410,-10000.0,3800.0,2,0.8848124431600574
6411,-10000.0,3800.0,4,0.8847967470681555
6412,-10000.0,3200.0,3,0.8847849752052388
6413,50000.0,3200.0,13,0.8847339658396727
6414,-10000.0,3200.0,3,0.8847221949184673
6415,50000.0,3800.0,4,0.8847065006315122
6416,-10000.0,3200.0,1,0.8847025771088178
6417,50000.0,3800.0,12,0.8846554963666278
6418,-10000,3800.0,1,0.8846515730989541
6419,-10000.0,3800.0,6,0.8846280339048508
6420,-10000.0,3200.0,1,0.8846241107744891
6421,50000.0,3800.0,5,0.8846044954169128
6422,-10000.0,3800.0,7,0.8845770347401378
6423,-10000.0,3800.0,4,0.8845613433563574
6424,-10000.0,3800.0,7,0.8845338841898781
6425,50000.0,3800.0,3,0.8845221162698749
6426,-10000.0,3800.0,1,0.8845181936691001
6427,50000.0,4400.0,6,0.8844946584763197
6428,-10000.0,4400.0,2,0.8844868135689595
6429,-10000.0,4400.0,3,0.8844750463550103
6430,-10000.0,3800.0,5,0.8844554347239978
6431,-10000.0,3800.0,5,0.88443582358327
6432,-10000.0,3800.0,2,0.8844279792642559
6433,-10000.0,3800.0,1,0.8844240571341648
6434,-10000.0,3200.0,3,0.884412290861555
6435,-10000.0,3200.0,2,0.8844044467778669
6436,-10000.0,2600.0,4,0.8843887588458113
6437,-10000.0,2600.0,2,0.8843809149974421
6438,-10000.0,2000.0,2,0.884373071227511
6439,-10000.0,2000.0,4,0.88435738392296
6440,50000.0,2000.0,6,0.8843338535543996
6441,-10000.0,1400.0,5,0.8843142454531631
6442,50000.0,2000.0,8,0.884282873510788
6443,-10000.0,2000.0,1,0.884278952106224
6444,-10000.0,2000.0,1,0.8842750307212669
6445,-10000.0,1400.0,10,0.8842358179500582
6446,-10000.0,1400.0,4,0.8842201333905454
6447,-10000.0,1400.0,3,0.8842083701767689
6448,-10000.0,1400.0,1,0.8842044491447206
6449,-10000.0,1400.0,4,0.8841887652125775
6450,50000.0,2000.0,5,0.8841691607385042
6451,-10000.0,2000.0,1,0.8841652399025025
6452,-10000.0,2000.0,4,0.8841495567545365
6453,-10000.0,1400.0,5,0.8841299532606623
6454,-10000.0,800.0,4,0.8841142708184221
6455,-10000.0,800.0,5,0.8840946682066853
6456,-10000.0,800.0,5,0.8840750660850076
6457,-10000.0,800.0,5,0.884055464453377
6458,50000.0,1400.0,4,0.8840397835008978
6459,-10000.0,1400.0,2,0.8840319431422647
6460,-10000.0,1400.0,2,0.8840241028620348
6461,-10000.0,1400.0,3,0.8840123425886941
6462,50000.0,2000.0,6,0.8839888225712185
6463,-10000.0,2000.0,1,0.8839849026369054
6464,-10000.0,2000.0,1,0.8839809827221922
6465,-10000.0,2000.0,3,0.8839692230956487
6466,-10000.0,2000.0,1,0.8839653032593328
6467,-10000.0,1400.0,4,0.8839496241100596
6468,-10000.0,1400.0,6,0.8839261059741101
6469,50000.0,2000.0,4,0.8839104276087748
6470,50000.0,2000.0,10,0.8838712330672661
6471,-10000.0,2000.0,3,0.8838594750869552
6472,-10000.0,2000.0,3,0.8838477172830126
6473,50000.0,2600.0,5,0.883828121335031
6474,-10000.0,2000.0,5,0.8838085258769418
6475,-10000.0,1400.0,4,0.883792849863185
6476,-10000.0,1400.0,5,0.8837732552868715
6477,-10000.0,1400.0,2,0.8837654175935071
6478,-10000.0,800.0,4,0.8837497424419074
6479,-10000.0,800.0,1,0.883745823702992
6480,-10000.0,800.0,4,0.8837301489432661
6481,-10000.0,800.0,2,0.883722311680963
6482,-10000.0,800.0,1,0.8837183930792011
6483,-10000.0,800.0,3,0.8837066373914728
6484,-10000.0,200.0,1,0.8837027188680822
6485,-10000.0,-400.0,6,0.8836792081391789
6486,-10000.0,-1000.0,5,0.883659616403873
6487,-10000.0,-1000.0,8,0.8836282706461362
6488,-10000.0,-1000.0,1,0.8836243525145783
6489,49999.99999999999,-400.00000000000006,10,0.8835851722764667
6490,-10000.0,-400.00000000000006,1,0.8835812543604001
6491,-10000.0,-1000.0,3,0.8835695007297372
6492,-10000.0,-1000.0,2,0.8835616650739082
6493,50000.0,-400.0,5,0.8835420762771423
6494,-10000.0,-400.0,6,0.8835185703674444
6495,-10000.0,-400.0,2,0.8835107352209166
6496,-10000.0,-400.0,2,0.8835029001527398
6497,-10000.0,-400.0,3,0.8834911476973811
6498,-10000.0,-400.0,1,0.8834872302514363
6499,-10000.0,-400.0,1,0.8834833128250786
6500,-10000.0,-400.0,2,0.8834754780311244
6501,50000.0,200.0,3,0.8834637259870944
6502,-10000.0,200.0,4,0.8834480568692664
6503,-10000.0,200.0,3,0.8834363052365509
6504,-10000.0,200.0,2,0.8834284709126702
6505,-10000.0,200.0,5,0.8834088854457167
6506,-10000.0,200.0,1,0.8834049684110821
6507,50000.0,800.0,3,0.8833932174246886
6508,50000.0,1400.0,6,0.8833697159806893
6509,50000.0,2000.0,3,0.8833579655230781
6510,-10000.0,2000.0,5,0.8833383818187375
6511,-10000.0,2000.0,3,0.8833266318311352
6512,-10000.0,2000.0,3,0.8833148820197816
6513,-10000.0,1400.0,1,0.883310965455163
6514,-10000.0,1400.0,10,0.8832718008860124
6515,-10000.0,800.0,5,0.8832522193357608
6516,-10000.0,800.0,4,0.8832365544480234
6517,-10000.0,200.0,1,0.8832326382750416
6518,-10000.0,200.0,3,0.8832208898735807
6519,50000.0,800.0,5,0.8832013095960884
6520,50000.0,1400.0,5,0.883181729808097
6521,-10000.0,800.0,1,0.8831778139092377
6522,-10000.0,800.0,3,0.8831660663301361
6523,-10000.0,800.0,8,0.8831347403140074
6524,-10000.0,800.0,6,0.8831112466242049
6525,-10000.0,199.99999999999991,2,0.8831034155508941
6526,-10000.0,199.99999999999991,2,0.8830955845558937
6527,-10000.0,-400.00000000000006,6,0.8830720920407465
6528,50000.0,199.99999999999991,4,0.8830564307555191
6529,-10000.0,199.99999999999991,4,0.8830407697835142
6530,-10000.0,199.99999999999991,3,0.8830290242600591
6531,50000.0,800.0,3,0.8830172789127856
6532,-10000.0,800.0,3,0.8830055337416909
6533,-10000.0,800.0,8,0.8829742141467373
6534,-10000.0,800.0,3,0.8829624696216093
6535,-10000.0,800.0,1,0.8829585548190482
6536,-10000.0,800.0,3,0.8829468105288082
6537,-10000.0,800.0,3,0.8829350664147314
6538,-10000.0,800.0,5,0.8829154932827362
6539,-10000.0,800.0,3,0.8829037496384144
6540,-10000.0,199.99999999999991,3,0.8828920061702462
6541,-10000.0,199.99999999999991,7,0.882864605429546
6542,-10000.0,-400.00000000000006,1,0.8828606911163046
6543,-10000.0,-400.00000000000006,2,0.8828528625485363
6544,-10000.0,-400.00000000000006,3,0.8828411198436686
6545,-10000.0,-400.00000000000006,3,0.8828293773149402
6546,-10000.0,-400.00000000000006,1,0.8828254631778389
6547,50000.0,199.99999999999991,5,0.8828058927858904
6548,50000.0,800.0,3,0.8827941507855639
6549,-10000.0,800.0,3,0.882782408961366
6550,-10000.0,200.0,1,0.882778495059106
6551,50000.0,800.0,4,0.8827628396457593
6552,-10000.0,800.0,1,0.8827589258413457
6553,-10000.0,800.0,3,0.882747184545518
6554,-10000.0,800.0,7,0.882719788873486
6555,-10000.0,800.0,15,0.8826610870906648
6556,-10000.0,800.0,4,0.8826454340254541
6557,-10000.0,800.0,3,0.882633694431991
6558,-10000.0,200.0,2,0.8826258681341782
6559,-10000.0,200.0,10,0.8825867378190375
6560,-10000.0,200.0,6,0.8825632605690634
6561,-10000.0,200.0,2,0.8825554349755859
6562,50000.0,200.0,5,0.882535871334258
6563,50000.0,800.0,7,0.882508483058059
6564,-10000,800.0,1,0.882504570525425
6565,-10000.0,800.0,3,0.8824928330448983
6566,50000.0,1400.0,8,0.8824615339575625
6567,-10000.0,1400.0,1,0.8824576216596735
6568,-10000.0,1400.0,11,0.8824145876739277
6569,-10000.0,800.0,10,0.882375467922546
6570,-10000.0,200.0,4,0.8823598205696616
6571,50000.0,800.0,10,0.8823207035565664
6572,-10000.0,800.0,4,0.8823050572989584
6573,-10000,200.0,1,0.8823011457834508
6574,-10000.0,200.0,5,0.8822815884992732
6575,-10000.0,199.99999999999991,2,0.8822737657225022
6576,50000.0,800.0,4,0.8822581204036415
6577,50000.0,1400.0,5,0.882238564195085
6578,-10000.0,1400.0,2,0.8822307418485549
6579,-10000.0,1400.0,3,0.8822190084754277
6580,50000.0,2000.0,7,0.8821916312892345
6581,-10000.0,2000.0,3,0.8821798985027614
6582,-10000.0,2000.0,1,0.882175987613046
6583,-10000.0,2000.0,5,0.8821564334577836
6584,-10000.0,2000.0,3,0.8821447011992739
6585,-10000.0,2000.0,1,0.8821407904855447
6586,50000.0,2600.0,5,0.8821212372101995
6587,-10000.0,2600.0,4,0.8821055949418786
6588,-10000.0,2600.0,1,0.8821016844236801
6589,-10000.0,2000.0,1,0.8820977739250343
6590,-10000.0,2000.0,2,0.8820899529863998
6591,50000.0,2600.0,8,0.8820586700139439
6592,-10000.0,2600.0,2,0.8820508494663466
6593,-10000.0,2000.0,2,0.8820430289969543
6594,-10000.0,2000.0,1,0.8820391187915849
6595,-10000.0,2000.0,6,0.8820156579699353
6596,-10000.0,2000.0,6,0.8819921978520997
6597,50000.0,2600.0,8,0.881960918789771
6598,-10000.0,2600.0,10,0.8819218217212663
6599,50000.0,3200.0,4,0.8819061834412152
6600,-10000.0,3200.0,3,0.8818944549364277
6601,50000.0,3200.0,4,0.8818788172037069
6602,-10000.0,3200.0,1,0.8818749078193943
6603,-10000.0,3200.0,1,0.8818709984546286
6604,-10000.0,3200.0,1,0.8818670891094096
6605,-10000.0,3200.0,9,0.8818319058820283
6606,50000.0,3800.0,4,0.881816269400276
6607,-10000.0,3200.0,2,0.8818084512766727
6608,-10000.0,2600.0,1,0.8818045422441889
6609,-10000.0,2000.0,2,0.8817967242378565
6610,-10000.0,2000.0,2,0.8817889063097039
6611,-10000.0,2000.0,1,0.8817849973749446
6612,-10000.0,2000.0,2,0.88177717956406
6613,-10000.0,2000.0,1,0.8817732706879344
6614,-10000.0,2000.0,1,0.8817693618313531
6615,50000.0,2600.0,5,0.8817498178416082
6616,-10000.0,2600.0,9,0.8817146398913152
6617,-10000.0,2600.0,2,0.8817068227840018
6618,-10000.0,2600.0,4,0.8816911888038865
6619,-10000.0,2000.0,6,0.8816677384199799
6620,-10000.0,1400.0,2,0.881659921781679
6621,-10000.0,1400.0,2,0.881652105221544
6622,-10000.0,1400.0,7,0.8816247478766176
6623,-10000.0,1400.0,1,0.8816208397626485
6624,-10000.0,1400.0,2,0.8816130235933318
6625,-10000.0,1400.0,1,0.8816091155379839
6626,-10000.0,1400.0,3,0.8815973914891815
6627,-10000.0,1400.0,1,0.881593483511994
6628,50000.0,1400.0,6,0.8815700360592021
6629,-10000.0,1400.0,2,0.88156222039792
6630,-10000.0,1400.0,1,0.8815583125965875
6631,-10000.0,800.0,1,0.8815544048147939
6632,-10000.0,800.0,4,0.8815387738830075
6633,-10000.0,800.0,2,0.8815309585343455
6634,-10000.0,800.0,10,0.8814918829633162
6635,-10000.0,800.0,2,0.8814840680835611
6636,-10000.0,800.0,4,0.8814684385584951
6637,-10000.0,800.0,3,0.8814567166198315
6638,-10000.0,800.0,1,0.8814528093460166
6639,-10000.0,800.0,9,0.8814176447608051
6640,50000.0,1400.0,2,0.8814098306234281
6641,-10000.0,1400.0,2,0.8814020165641924
6642,-10000.0,1400.0,3,0.8813902956218512
6643,-10000.0,1400.0,1,0.8813863886801405
6644,50000.0,2000.0,3,0.8813746679722158
6645,-10000.0,2000.0,1,0.8813707611086431
6646,50000.0,2600.0,17,0.8813043474165708
6647,-10000.0,2000.0,3,0.8812926279392558
6648,-10000.0,1400.0,1,0.8812887214858822
6649,-10000.0,1400.0,1,0.8812848150520409
6650,-10000.0,1400.0,3,0.8812730958677092
6651,-10000.0,800.0,1,0.8812691895119958
6652,-10000.0,800.0,1,0.8812652831758141
6653,-10000.0,800.0,4,0.8812496580264025
6654,-10000.0,800.0,1,0.881245751787878
6655,-10000.0,800.0,4,0.8812301270290904
6656,-10000.0,800.0,1,0.8812262208882206
6657,50000.0,1400.0,10,0.8811871605536926
6658,-10000.0,1400.0,5,0.8811676311187978
6659,-10000.0,1400.0,1,0.8811637252904068
6660,-10000.0,1400.0,7,0.8811363850384789
6661,-10000.0,1400.0,1,0.8811324793663178
6662,-10000.0,800.0,2,0.8811246680805807
6663,-10000.0,200.0,1,0.8811207624670043
6664,-10000.0,200.0,2,0.8811129512984356
6665,-10000.0,200.0,3,0.8811012346920408
6666,-10000.0,-400.0,6,0.8810778020064921
6667,-10000.0,-400.0,2,0.8810699912675258
6668,-10000.0,-400.0,5,0.8810504647618265
6669,-10000.0,-400.0,2,0.8810426542962313
6670,-10000.0,-400.0,1,0.8810387490927227
6671,-10000.0,-1000.0,4,0.8810231284739476
6672,-10000.0,-1000.0,3,0.8810114132148852
6673,-10000.0,-1000.0,1,0.8810075081675818
6674,50000.0,-400.0,7,0.8809801733831574
6675,-10000.0,-400.0,7,0.8809528395554337
6676,-10000.0,-1000.0,3,0.8809411253506972
6677,-10000.0,-1600.0,1,0.8809372206548322
6678,-10000.0,-1600.0,1,0.8809333159784906
6679,-10000.0,-1600.0,5,0.8809137928896308
6680,50000.0,-1600.0,11,0.8808708438121323
6681,-10000.0,-1600.0,6,0.8808474180382062
6682,-10000.0,-1600.0,2,0.8808396096030682
6683,-10000.0,-1600.0,3,0.8808278970967681
6684,-10000.0,-1600.0,4,0.8808122806949907
6685,-10000.0,-1600.0,3,0.8808005685986212
6686,50000.0,-1600.0,4,0.8807849527434083
6687,50000.0,-1000.0,9,0.8807498182110678
6688,-10000.0,-1000.0,6,0.8807263960678554
6689,-10000.0,-1000.0,1,0.8807224924456342
6690,-10000.0,-1000.0,2,0.8807146852597456
6691,-10000.0,-1600.0,7,0.8806873607239436
6692,-10000.0,-1600.0,2,0.8806795538893707
6693,-10000.0,-1600.0,5,0.8806600371444838
6694,-10000.0,-1600.0,1,0.8806561338540563
6695,-10000.0,-1600.0,3,0.8806444240998719
6696,50000.0,-1000.0,8,0.8806131989474151
6697,-10000.0,-1600.0,1,0.880609295891178
6698,-10000.0,-1600.0,3,0.8805975868395578
6699,-10000.0,-2200.0,6,0.880574169263218
6700,-10000.0,-2200.0,1,0.8805702664021288
6701,-10000.0,-2800.0,2,0.8805624607384932
6702,50000.0,-2200.0,2,0.8805546551529138
6703,50000.0,-1600.0,3,0.8805429469208985
6704,50000.0,-1000.0,4,0.8805273362180676
6705,-10000.0,-1000.0,7,0.8805000182393673
6706,-10000.0,-1600.0,2,0.8804922132782098
6707,-10000.0,-1600.0,1,0.8804883108268995
6708,-10000.0,-1600.0,2,0.8804805059828156
6709,-10000.0,-1600.0,5,0.8804609942140641
6710,-10000.0,-1600.0,4,0.880445385150271
6711,-10000.0,-1600.0,5,0.8804258742595293
6712,50000.0,-1000.0,6,0.8804024618344897
6713,-10000.0,-1000.0,2,0.8803946578488914
6714,-10000.0,-1000.0,2,0.8803868539413325
6715,-10000.0,-1600.0,3,0.8803751482263165
6716,-10000.0,-1600.0,5,0.880355639091476
6717,-10000.0,-1600.0,3,0.8803439338446792
6718,-10000.0,-1600.0,1,0.8803400321347643
6719,-10000.0,-1600.0,1,0.8803361304443579
6720,50000.0,-1000.0,5,0.8803166222849498
6721,-10000.0,-1000.0,4,0.8803010161085663
6722,50000.0,-400.0,4,0.8802854102443033
6723,-10000.0,-400.0,5,0.8802659033528843
6724,50000.0,200.0,3,0.8802541994521135
6725,50000.0,800.0,4,0.8802385945241743
6726,-10000.0,800.0,6,0.8802151877174424
6727,-10000.0,800.0,3,0.8802034845774005
6728,-10000.0,200.0,1,0.88019958356973
6729,-10000.0,200.0,4,0.8801839797340976
6730,-10000.0,200.0,3,0.8801722770621717
6731,-10000.0,200.0,1,0.8801683762105387
6732,50000.0,800.0,4,0.880152772999047
6733,-10000.0,800.0,1,0.880148872244934
6734,50000.0,1400.0,2,0.8801410707952189
6735,50000.0,2000.0,6,0.8801176669141549
6736,-10000.0,2000.0,1,0.8801137663355718
6737,-10000.0,2000.0,3,0.8801020647168392
6738,-10000.0,2000.0,2,0.880094263735197
6739,50000.0,2600.0,4,0.8800786620059401
6740,-10000.0,2000.0,2,0.8800708612583238
6741,-10000.0,2000.0,2,0.8800630605887145
6742,-10000.0,2000.0,2,0.8800552599971119
6743,-10000.0,2000.0,5,0.8800357588593771
6744,-10000.0,1400.0,7,0.8800084580855834
6745,-10000.0,1400.0,6,0.8799850581828411
6746,50000.0,1400.0,2,0.8799772583712584
6747,-10000.0,1400.0,4,0.8799616589820853
6748,-10000.0,1400.0,3,0.8799499596449459
6749,-10000.0,1400.0,1,0.879946059904897
6750,-10000.0,1400.0,2,0.8799382604832952
6751,50000.0,2000.0,7,0.8799109631218848
6752,-10000.0,2000.0,7,0.8798836667158655
6753,-10000,2000.0,1,0.8798797673072803
6754,-10000.0,2000.0,2,0.8798719685486012
6755,50000.0,2600.0,3,0.879860270556808
6756,-10000.0,2600.0,3,0.8798485727404836
6757,-10000.0,2000.0,12,0.8798017832298185
6758,-10000.0,2000.0,4,0.8797861873501133
6759,-10000.0,2000.0,3,0.8797744906450286
6760,-10000.0,2000.0,1,0.8797705917823224
6761,-10000.0,2000.0,3,0.8797588953111695
6762,-10000.0,2000.0,2,0.8797510977612041
6763,50000.0,2600.0,11,0.8797082126301792
6764,-10000.0,2600.0,1,0.8797043140988624
6765,-10000.0,2600.0,2,0.8796965170947065
6766,-10000.0,2600.0,1,0.8796926186218672
6767,-10000.0,2600.0,4,0.8796770249254322
6768,-10000.0,2600.0,1,0.8796731265500535
6769,-10000.0,2600.0,6,0.8796497367071064
6770,-10000.0,2600.0,1,0.8796458384681686
6771,50000.0,3200.0,3,0.8796341438683012
6772,-10000.0,3200.0,1,0.8796302457073273
6773,-10000.0,3200.0,10,0.8795912651695634
6774,-10000.0,2600.0,1,0.8795873672229826
6775,-10000.0,2600.0,2,0.8795795713882896
6776,-10000.0,2600.0,2,0.8795717756315545
6777,-10000.0,2600.0,3,0.8795600821426215
6778,-10000.0,2600.0,2,0.8795522865807779
6779,-10000.0,2600.0,4,0.8795366956909556
6780,-10000,2000.0,1,0.8795327980172214
6781,50000.0,2600.0,2,0.8795250027282178
6782,50000.0,3200.0,5,0.8795055148467491
6783,-10000.0,3200.0,2,0.8794977198305758
6784,-10000.0,3200.0,1,0.8794938223517204
6785,-10000.0,3200.0,9,0.8794587459189401
6786,50000.0,3200.0,4,0.8794431568999125
6787,50000.0,3200.0,17,0.8793769070472346
6788,-10000.0,3200.0,3,0.8793652164813084
6789,-10000.0,3200.0,1,0.879361319664968
6790,-10000.0,3200.0,7,0.879334042496133
6791,50000.0,3800.0,9,0.8792989732532844
6792,-10000.0,3800.0,4,0.8792833874296782
6793,50000.0,4400.0,4,0.8792678019177853
6794,-10000.0,4400.0,1,0.8792639055885164
6795,50000.0,5000.0,2,0.8792561129884237
6796,-10000.0,4400.0,5,0.8792366318291145
6797,-10000.0,4400.0,5,0.8792171511568282
6798,50000.0,5000.0,4,0.8792015669696475
6799,-10000,5000.0,1,0.8791976709715525
6800,-10000.0,5000.0,5,0.8791781912732756
6801,-10000.0,5000.0,3,0.8791665036880635
6802,-10000.0,4400.0,2,0.8791587120619849
6803,50000.0,4400.0,4,0.8791431290435743
6804,50000.0,4400.0,6,0.8791197551003139
6805,-10000.0,4400.0,1,0.8791158595112774
6806,-10000.0,4400.0,6,0.8790924863860907
6807,-10000.0,4400.0,2,0.8790846955001813
6808,-10000.0,4400.0,1,0.8790808000864424
6809,-10000.0,4400.0,1,0.8790769046921805
6810,-10000.0,4400.0,1,0.8790730093173954
6811,-10000.0,4400.0,2,0.8790652186262556
6812,-10000.0,3800.0,3,0.8790535327356207
6813,-10000.0,3800.0,3,0.8790418470202728
6814,-10000.0,3800.0,6,0.8790184761154276
6815,-10000.0,3800.0,1,0.8790145810327846
6816,50000.0,4400.0,3,0.8790028959017079
6817,50000.0,5000.0,5,0.8789834210727467
6818,-10000.0,5000.0,2,0.878975631277485
6819,-10000.0,5000.0,6,0.8789522623590822
6820,-10000.0,4400.0,1,0.8789483676075073
6821,50000.0,5000.0,5,0.8789288941417365
6822,-10000.0,4400.0,6,0.8789055266254268
6823,-10000.0,4400.0,3,0.8788938431301537
6824,-10000.0,3800.0,3,0.878882159810132
6825,-10000.0,3200.0,2,0.8788743710274778
6826,50000.0,3800.0,5,0.8788548994115983
6827,-10000.0,3800.0,2,0.8788471109015468
6828,-10000.0,3800.0,4,0.8788315341150972
6829,50000.0,4400.0,5,0.8788120635701271
6830,-10000.0,4400.0,2,0.8788042754884319
6831,50000.0,5000.0,8,0.8787731239404475
6832,-10000.0,4400.0,4,0.8787575486337222
6833,-10000.0,4400.0,1,0.8787536548557136
6834,-10000.0,3800.0,2,0.8787458673581026
6835,-10000.0,3200.0,1,0.8787419736385
6836,-10000.0,3200.0,1,0.8787380799383661
6837,-10000.0,3200.0,3,0.8787263989547746
6838,50000.0,3800.0,4,0.8787108245825398
6839,-10000.0,3200.0,1,0.8787069310381507
6840,-10000.0,3200.0,2,0.8786991440077756
6801,-10000.0,-10000.0,9,0.8791431290435743
6802,-10000.0,-10000.0,4,0.879127546336821
6803,-10000.0,-10000.0,6,0.8791041728610348
6804,50000.0,5000.0,12,0.8790574280130226
6805,-10000.0,2000.0,2,0.8790496374776953
6806,50000.0,10000.0,7,0.8790223712175458
6807,-10000.0,7142.857142857143,3,0.8790106859696172
6808,-10000.0,5000.0,3,0.8789990008969658
6809,-10000.0,3333.3333333333335,7,0.8789717364090658
6810,-10000.0,2000.0,1,0.8789678415601209
6811,-10000.0,909.0909090909091,5,0.8789483676075073
6812,-10000.0,0.0,3,0.8789366834696244
6813,-10000.0,-769.2307692307693,5,0.8789172102959534
6814,-10000.0,-1428.5714285714287,3,0.8789055266254268
6815,-10000.0,-2000.0,5,0.878886054230667
6816,-10000.0,-2500.0,1,0.878882159810132
6817,50000.0,588.2352941176471,6,0.8788587936958311
6818,-10000.0,0.0,6,0.8788354282825032
6819,-10000.0,-526.3157894736842,1,0.8788315341150972
6820,-10000.0,-1000.0,4,0.8788159576401801
6821,-10000.0,-1428.5714285714287,3,0.8788042754884319
6822,-10000.0,-1818.1818181818182,5,0.878784805624919
6823,-10000.0,-2173.913043478261,2,0.8787770178158019
6824,-10000.0,-2500.0,6,0.8787536548557136
6825,-10000.0,-2800.0,4,0.8787380799383661
6826,50000.0,-769.2307692307693,12,0.8786913570552702
6827,-10000.0,-1111.111111111111,10,0.8786524234607656
6828,-10000.0,-1428.5714285714287,5,0.8786329573935058
6829,-10000.0,-1724.1379310344828,1,0.8786290642384518
6830,-10000.0,-2000.0,4,0.8786134918128917
6831,-10000.0,-2258.064516129032,1,0.8786095987551653
6832,50000.0,-625.0,7,0.8785823478961018
6833,50000.0,909.0909090909091,8,0.8785512052250435
6834,-10000.0,588.2352941176471,10,0.8785122786379551
6835,-10000.0,285.7142857142857,6,0.8784889236199229
6836,-10000.0,0.0,2,0.8784811387696111
6837,-10000,-270.27027027027026,1,0.8784772463736482
6838,-10000,-526.3157894736842,1,0.8784733539971473
6839,-10000.0,-769.2307692307693,3,0.8784616769844151
6840,-10000.0,-1000.0,3,0.8784500001468369
6841,-10000.0,-1219.5121951219512,3,0.8784383234844099
6842,-10000.0,-1428.5714285714287,1,0.8784344313025229
6843,50000.0,-232.5581395348837,6,0.8784110786198758
6844,-10000.0,-454.54545454545456,1,0.8784071865742129
6845,-10000.0,-666.6666666666666,12,0.8783604835441233
6846,-10000.0,-869.5652173913044,6,0.8783371330798756
6847,-10000.0,-1063.8297872340424,2,0.8783293497474616
6848,-10000.0,-1250.0,3,0.878317674894777
6849,-10000.0,-1428.5714285714287,6,0.8782943257147696
6850,50000.0,-400.0,5,0.8782748685998416
6851,-10000.0,-588.2352941176471,2,0.8782670858900693
6852,-10000.0,-769.2307692307693,1,0.8782631945643682
6853,-10000.0,-943.3962264150944,1,0.8782593032581236
6854,-10000.0,-1111.111111111111,13,0.8782087180474489
6855,-10000.0,-1272.7272727272727,1,0.8782048270135864
6856,-10000.0,-1428.5714285714287,3,0.8781931540287288
6857,-10000.0,-1578.9473684210527,2,0.8781853721360979
6858,-10000.0,-1724.1379310344828,4,0.8781698085842914
6859,-10000.0,-1864.406779661017,2,0.8781620269251138
6860,-10000.0,-2000.0,4,0.8781464638402067
6861,-10000.0,-2131.1475409836066,5,0.8781270104217794
6862,50000.0,-1290.3225806451612,5,0.8781075574896815
6863,-10000.0,-1428.5714285714287,2,0.878099776453012
6864,-10000.0,-1562.5,7,0.8780725434374167
6865,-10000.0,-1692.3076923076924,23,0.8779830702397289
6866,-10000.0,-1818.1818181818182,4,0.8779675107339195
6867,-10000.0,-1940.2985074626865,5,0.8779480617892641
6868,-10000.0,-2058.823529411765,3,0.8779363926558559
6869,-10000.0,-2173.913043478261,3,0.8779247236974834
6870,-10000.0,-2285.714285714286,3,0.8779130549141442
6871,-10000.0,-2394.3661971830984,1,0.8779091653585934
6872,-10000.0,-2500.0,9,0.8778741602337735
6873,-10000.0,-2602.7397260273974,2,0.8778663815310648
6874,-10000.0,-2702.7027027027025,6,0.8778430458896551
6875,-10000.0,-2800.0,1,0.8778391566841488
6876,50000.0,-2105.2631578947367,7,0.8778119327900857
6877,50000.0,-1428.5714285714287,6,0.8777885987821139
6878,-10000.0,-1538.4615384615386,3,0.877776932040633
6879,-10000.0,-1645.5696202531647,2,0.8777691543102013
6880,-10000.0,-1750.0,3,0.8777574878603852
6881,-10000.0,-1851.851851851852,5,0.8777380441662359
6882,-10000.0,-1951.219512195122,6,0.8777147123748895
6883,-10000.0,-2048.1927710843374,1,0.877710823811049
6884,-10000.0,-2142.8571428571427,1,0.8777069352666514
6885,-10000.0,-2235.294117647059,2,0.8776991582361839
6886,-10000.0,-2325.5813953488373,1,0.8776952697501139
6887,-10000.0,-2413.793103448276,12,0.8776486094337524
6888,-10000.0,-2500.0,3,0.877636944792096
6889,-10000.0,-2584.2696629213483,3,0.8776252803254079
6890,-10000.0,-2666.6666666666665,4,0.8776097279753253
6891,50000.0,-2087.912087912088,4,0.8775941759362867
6892,-10000.0,-2173.913043478261,3,0.8775825121111266
6893,-10000.0,-2258.064516129032,5,0.8775630727913163
6894,-10000.0,-2340.425531914894,2,0.8775552971994665
6895,-10000.0,-2421.0526315789475,4,0.8775397462490324
6896,-10000.0,-2500.0,1,0.8775358585600205
6897,-10000.0,-2577.319587628866,4,0.8775203079983553
6898,50000.0,-2040.8163265306123,14,0.8774658834816759
6899,-10000.0,-2121.212121212121,4,0.8774503343194983
6900,-10000.0,-2200.0,1,0.8774464470775448
6901,-10000.0,-2200.0,6,0.8774231240339799
6902,-10000.0,-2200.0,3,0.8774114627745792
6903,-10000.0,-2200.0,2,0.8774036886988218
6904,50000.0,-2200.0,7,0.8773764800458715
6905,-10000.0,-2200.0,2,0.8773687063199398
6906,-10000.0,-2800.0,1,0.8773648194861252
6907,-10000.0,-2800.0,4,0.8773492723452074
6908,50000.0,-2200.0,5,0.8773298388563184
6909,-10000.0,-2200.0,4,0.8773142924150062
6910,-10000.0,-2200.0,8,0.8772832004651527
6911,-10000.0,-2200.0,2,0.8772754276720122
6912,-10000.0,-2200.0,3,0.8772637686280402
6913,-10000.0,-2200.0,15,0.8772054760313927
6914,-10000.0,-2200.0,2,0.8771977040154926
6915,-10000.0,-2200.0,3,0.8771860461373666
6916,-10000.0,-2200.0,1,0.8771821602168507
6917,-10000.0,-2800.0,2,0.8771743884341076
6918,-10000.0,-2800.0,10,0.8771355306861377
6919,50000.0,-2200.0,3,0.8771238737406046
6920,-10000.0,-2200.0,2,0.8771161025407234
6921,50000.0,-1600.0,4,0.8771005603740948
6922,-10000.0,-1600.0,1,0.8770966748810065
6923,-10000.0,-1600.0,2,0.8770889039531125
6924,-10000.0,-1600.0,2,0.8770811331029272
6925,-10000.0,-1600.0,5,0.8770617063174355
6926,-10000.0,-2200.0,1,0.8770578210186172
6927,-10000,-2200.0,1,0.8770539357392253
6928,-10000.0,-2200.0,4,0.8770383948159203
6929,-10000.0,-2200.0,2,0.8770306244708239
6930,-10000.0,-2200.0,7,0.8770034288748931
6931,50000.0,-1600.0,1,0.8769995438674613
6932,-10000.0,-2200.0,1,0.8769956588794544
6933,-10000.0,-2800.0,5,0.8769762342307915
6934,-10000.0,-2800.0,4,0.8769606948615011
6935,50000.0,-2200.0,2,0.8769529252934004
6936,-10000.0,-2200.0,4,0.8769373863902841
6937,-10000.0,-2200.0,1,0.876933501713064
6938,-10000.0,-2200.0,3,0.8769218477979428
6939,50000.0,-1600.0,4,0.87690630951637
6940,-10000.0,-1600.0,1,0.8769024249945339
6941,-10000.0,-1600.0,2,0.8768946560091289
6942,-10000.0,-1600.0,4,0.8768791182713866
6943,-10000.0,-2200.0,10,0.8768402752865557
6944,-10000.0,-2200.0,2,0.8768325069226448
6945,-10000.0,-2200.0,3,0.8768208545224342
6946,-10000.0,-2200.0,3,0.8768092022970082
6947,-10000.0,-2200.0,2,0.8768014342438255
6948,-10000.0,-2200.0,3,0.8767897823097017
6949,-10000.0,-2200.0,5,0.8767703628078887
6950,-10000.0,-2800.0,7,0.8767431763209567
6951,-10000.0,-2800.0,4,0.8767276416127778
6952,50000.0,-2200.0,4,0.8767121072152901
6953,50000.0,-1600.0,8,0.876681039352363
6954,50000.0,-1000.0,8,0.8766499727321254
6955,-10000.0,-1000.0,3,0.8766383230699071
6956,-10000.0,-1000.0,3,0.8766266735824324
6957,-10000.0,-1000.0,5,0.8766072581582867
6958,-10000.0,-1000.0,5,0.8765878432195204
6959,-10000,-1000.0,1,0.8765839602900116
6960,50000.0,-400.0,8,0.8765528975528589
6961,50000.0,200.0,6,0.8765296013153776
6962,-10000.0,-400.0,1,0.8765257186770777
6963,50000.0,200.0,4,0.8765101883180083
6964,-10000.0,200.0,6,0.8764868933617849
6965,-10000.0,200.0,3,0.8764752461457387
6966,50000.0,800.0,3,0.8764635991043996
6967,-10000.0,800.0,8,0.876432541181598
6968,-10000.0,800.0,7,0.876405366518216
6969,50000.0,1400.0,6,0.8763820747065995
6970,-10000.0,1400.0,2,0.8763743109246713
6971,-10000,1400.0,1,0.8763704290628214
6972,-10000.0,1400.0,1,0.8763665472203807
6973,-10000.0,1400.0,3,0.8763549018095131
6974,-10000.0,1400.0,1,0.8763510200447084
6975,-10000.0,1400.0,3,0.876339374866747
6976,-10000.0,800.0,1,0.8763354931795768
6977,50000.0,800.0,6,0.8763122034641289
6978,-10000.0,800.0,2,0.8763044403809097
6979,-10000.0,800.0,7,0.8762772702009773
6980,-10000.0,800.0,5,0.8762578635118069
6981,-10000.0,800.0,2,0.8762501009719846
6982,-10000.0,800.0,5,0.8762306949620364
6983,-10000.0,800.0,2,0.8762229326938982
6984,50000.0,1400.0,20,0.8761453142816141
6985,-10000.0,1400.0,1,0.8761414335647445
6986,-10000.0,1400.0,2,0.8761336721892158
6987,-10000.0,1400.0,4,0.8761181496709977
6988,-10000.0,1400.0,1,0.8761142690899507
6989,-10000.0,1400.0,4,0.8760987469597908
6990,50000.0,2000.0,6,0.876075464346623
6991,-10000.0,1400.0,3,0.8760638233019659
6992,50000.0,2000.0,8,0.8760327813698765
6993,-10000.0,2000.0,4,0.8760172608694546
6994,50000.0,2600.0,18,0.875947422458752
6995,-10000.0,2600.0,3,0.8759357833347088
6996,-10000.0,2600.0,9,0.875900867010082
6997,-10000.0,2600.0,3,0.8758892285843652
6998,-10000.0,2000.0,3,0.8758775903332235
6999,-10000.0,2000.0,4,0.8758620729365914
7000,-10000.0,2000.0,3,0.8758504350927813
7001,-10000.0,2000.0,2,0.8758426766272228
7002,-10000.0,2000.0,9,0.8758077644923035
7003,-10000.0,2000.0,1,0.8758038854631787
7004,50000.0,2000.0,7,0.8757767328023617
7005,50000.0,2600.0,5,0.8757573386264699
7006,-10000.0,2600.0,9,0.8757224303316743
7007,-10000.0,2600.0,2,0.8757146731461569
7008,50000.0,2600.0,28,0.8756060806935655
7009,-10000.0,2600.0,3,0.8755944466896103
7010,50000.0,3200.0,7,0.8755673013590223
7011,-10000.0,3200.0,6,0.8755440346889833
7012,-10000.0,3200.0,3,0.8755324016157112
7013,-10000.0,3200.0,5,0.8755130135480227
7014,-10000.0,3200.0,1,0.8755091359926488
7015,-10000.0,3200.0,1,0.8755052584566627
7016,-10000.0,3200.0,3,0.8754936259650298
7017,-10000.0,3200.0,4,0.8754781162476082
7018,-10000.0,3200.0,5,0.875458729537037
7019,-10000.0,2600.0,1,0.8754548522530824
7020,-10000.0,2600.0,7,0.8754277118082141
7021,50000.0,2600.0,6,0.8754044493257989
7022,-10000.0,2600.0,3,0.8753928183462916
7023,-10000.0,2600.0,4,0.8753773106450021
7024,50000.0,3200.0,7,0.8753501729140426
7025,-10000.0,3200.0,4,0.8753346660656534
7026,-10000.0,3200.0,5,0.8753152829412917
7027,-10000.0,3200.0,11,0.8752726417733728
7028,-10000.0,3200.0,1,0.8752687654198549
7029,-10000.0,3200.0,2,0.8752610127709639
7030,50000.0,3800.0,5,0.8752416314879118
7031,-10000.0,3200.0,2,0.8752338791103588
7032,50000.0,3800.0,9,0.8751989943707114
7033,-10000.0,3800.0,1,0.8751951183854295
7034,50000.0,4400.0,5,0.8751757387497163
7035,-10000.0,3800.0,4,0.8751602353899754
7036,50000.0,4400.0,6,0.8751369809317324
7037,-10000.0,4400.0,1,0.8751331052565169
7038,-10000.0,4400.0,4,0.8751176027494374
7039,-10000.0,3800.0,8,0.8750865986654133
7040,-10000.0,3800.0,4,0.8750710970884562
7041,-10000.0,3800.0,5,0.8750517205532367
7042,-10000.0,3800.0,6,0.8750284693503899
7043,50000.0,4400.0,12,0.8749819690372521
7044,50000.0,5000.0,7,0.8749548451430068
7045,-10000.0,5000.0,6,0.8749315968463787
7046,-10000.0,5000.0,3,0.8749199729596054
7047,-10000.0,5000.0,3,0.874908349247189
7048,-10000.0,5000.0,1,0.8749044747151291
7049,-10000.0,5000.0,2,0.874896725709127
7050,-10000.0,5000.0,5,0.8748773535331376
7051,-10000.0,5000.0,2,0.874869604798346
7052,-10000.0,4400.0,2,0.8748618561410413
7053,-10000.0,3800.0,2,0.874854107561223
7054,-10000.0,3200.0,2,0.8748463590588899
7055,-10000.0,3200.0,1,0.8748424848367802
7056,-10000.0,3200.0,6,0.8748192399109106
7057,-10000.0,3200.0,1,0.8748153658243963
7058,-10000.0,3200.0,2,0.8748076177094788
7059,-10000.0,3200.0,2,0.8747998696720419
7060,50000.0,3200.0,5,0.8747804999174229
7061,-10000.0,2600.0,3,0.8747688782970866
7062,-10000.0,2600.0,5,0.8747495093172425
7063,50000.0,2600.0,8,0.8747185199566612
7064,-10000,2600.0,1,0.8747146463737453
7065,-10000.0,2600.0,8,0.8746836584076537
7066,50000.0,2600.0,6,0.8746604182465058
7067,-10000.0,2600.0,5,0.8746410519781289
7068,-10000.0,2600.0,4,0.8746255593120165
7069,-10000.0,2000.0,6,0.8746023208938152
7070,-10000.0,2000.0,4,0.8745868290023168
7071,-10000.0,2000.0,3,0.8745752102870222
7072,-10000.0,2000.0,3,0.8745635917460073
7073,-10000.0,2000.0,6,0.874540355186805
7074,-10000.0,2000.0,4,0.8745248645346083
7075,50000.0,2600.0,27,0.8744203107354365
7076,-10000.0,2600.0,2,0.8744125665710498
7077,-10000.0,2000.0,1,0.8744086945178972
7078,-10000.0,2000.0,5,0.8743893345425349
7079,-10000.0,2000.0,8,0.8743583595886565
7080,-10000.0,2000.0,2,0.8743506160437784
7081,50000.0,2600.0,12,0.874304156400619
7082,-10000.0,2600.0,9,0.8742693134975522
7083,-10000.0,2600.0,3,0.8742576995449546
7084,-10000.0,2000.0,9,0.8742228587323991
7085,-10000.0,2000.0,4,0.8742073744300681
7086,-10000.0,2000.0,7,0.8741802776461596
7087,-10000.0,2000.0,1,0.8741764067544484
7088,-10000.0,2000.0,7,0.8741493110543896
7089,-10000.0,2000.0,5,0.8741299575635328
7090,-10000.0,1400.0,5,0.8741106045565074
7091,-10000.0,1400.0,1,0.874106734013161
7092,-10000.0,800.0,1,0.8741028634891672
7093,-10000.0,800.0,1,0.874098992984526
7094,-10000.0,200.0,7,0.8740718999939018
7095,-10000.0,200.0,2,0.8740641593136053
7096,-10000.0,200.0,6,0.8740409377371512
7097,-10000.0,200.0,1,0.8740370675421381
7098,-10000.0,200.0,6,0.874013846778425
7099,-10000.0,200.0,11,0.8739712771875267
7100,-10000.0,200.0,4,0.8739557979167761
7101,-10000.0,200.0,10,0.8739171010943089
7102,-10000.0,200.0,11,0.8738745368242768
7103,-10000.0,200.0,1,0.8738706674612661
7104,-10000.0,-400.0,1,0.8738667981176023
7105,-10000.0,-1000.0,5,0.8738474516894806
7106,50000.0,-400.0,11,0.8738048912500606
7107,-10000.0,-400.0,1,0.8738010222352768
7108,-10000.0,-1000.0,1,0.8737971532398382
7109,50000.0,-400.0,4,0.8737816774515317
7110,50000.0,-400.0,7,0.8737545955667567
7111,-10000.0,-400.0,10,0.8737159088041554
7112,-10000.0,-400.0,11,0.8736733555993951
7113,-10000.0,-400.0,4,0.8736578822870168
7114,50000.0,200.0,5,0.8736385410817257
7115,-10000.0,200.0,3,0.8736269365906433
7116,-10000.0,200.0,1,0.8736230684656306
7117,-10000.0,200.0,1,0.8736192003599587
7118,-10000.0,200.0,4,0.8736037281306742
7119,-10000.0,200.0,3,0.8735921241617822
7120,-10000.0,200.0,5,0.8735727846004238
7121,-10000.0,-400.0,3,0.8735611810956813
7122,-10000.0,-400.0,1,0.8735573132994453
7123,-10000.0,-400.0,4,0.8735418423078897
7124,50000.0,-400.0,6,0.8735186364007108
7125,-10000.0,-400.0,4,0.8735031661826855
7126,-10000.0,-400.0,3,0.8734915637222115
7127,-10000.0,-400.0,1,0.8734876962740614
7128,-10000.0,-400.0,6,0.8734644919912392
7129,-10000.0,-400.0,4,0.8734490228560913
7130,-10000.0,-1000.0,12,0.8734026173069003
7131,-10000.0,-1000.0,2,0.8733948833193972
7132,50000.0,-1000.0,11,0.873352347770553
7133,50000.0,-400.0,6,0.8733291475481249
7134,-10000.0,-1000.0,2,0.8733214142953157
7135,-10000.0,-1000.0,2,0.8733136811198388
7136,50000.0,-1000.0,4,0.8732982150008781
7137,50000.0,-400.0,11,0.8732556847686451
7138,-10000.0,-400.0,6,0.8732324874460636
7139,-10000.0,-400.0,1,0.8732286212932918
7140,-10000.0,-400.0,1,0.8732247551598507
7141,-10000.0,-400.0,2,0.8732170229509602
7142,-10000.0,-400.0,2,0.8732092908193914
7143,-10000.0,-1000.0,2,0.8732015587651435
7144,50000.0,-1000.0,5,0.873182228967798
7145,-10000.0,-1000.0,1,0.8731783630663178
7146,-10000.0,-1000.0,2,0.873170631321346
7147,-10000.0,-1000.0,4,0.8731551680633526
7148,-10000.0,-1000.0,3,0.8731435708228111
7149,-10000.0,-1000.0,1,0.8731397051146214
7150,-10000.0,-1000.0,3,0.8731281081060224
7151,-10000.0,-1000.0,1,0.873124242475146
7152,-10000.0,-1000.0,1,0.8731203768635977
7153,-10000.0,-1000.0,6,0.8730971836001924
7154,-10000.0,-1000.0,5,0.8730778564121933
7155,-10000.0,-1000.0,2,0.8730701256722828
7156,-10000.0,-1000.0,5,0.8730507991607235
7157,-10000.0,-1000.0,7,0.873023742856241
7158,-10000.0,-1000.0,1,0.8730198777471895
7159,-10000.0,-1000.0,1,0.8730160126574634
7160,-10000.0,-1600.0,4,0.8730005524918124
7161,-10000.0,-1600.0,5,0.8729812277195608
7162,-10000.0,-1600.0,1,0.8729773628230845
7163,50000.0,-1600.0,10,0.8729387149211489
7164,-10000.0,-1600.0,10,0.8729000689515601
7165,-10000.0,-1600.0,1,0.8728962044608767
7166,-10000.0,-2200.0,3,0.87288461110476
7167,50000.0,-1600.0,6,0.8728614249142215
7168,-10000.0,-1600.0,1,0.8728575606167578
7169,-10000.0,-1600.0,3,0.8728459678402946
7170,50000.0,-1000.0,5,0.8728266469326109
7171,-10000.0,-1000.0,2,0.8728189187047828
7172,-10000.0,-1000.0,5,0.872799598473319
7173,-10000,-1000.0,1,0.8727957344849867
7174,-10000.0,-1000.0,3,0.8727841426359085
7175,-10000.0,-1600.0,3,0.8727725509607067
7176,50000.0,-1000.0,4,0.872757095664241
7177,-10000.0,-1000.0,9,0.8727223223773409
7178,-10000.0,-1000.0,2,0.8727145951927532
7179,-10000.0,-1000.0,2,0.8727068680854368
7180,-10000.0,-1000.0,3,0.8726952775693446
7181,-10000.0,-1600.0,1,0.8726914141026154
7182,50000.0,-1000.0,5,0.872672097058727
7183,-10000.0,-1000.0,1,0.8726682337079
7184,-10000.0,-1000.0,5,0.8726489172435141
7185,-10000.0,-1000.0,5,0.8726296012620338
7186,-10000.0,-1000.0,4,0.8726141488245335
7187,-10000.0,-1000.0,2,0.8726064227216758
7188,-10000.0,-1000.0,2,0.8725986966960788
7189,-10000.0,-1000.0,3,0.8725871078025452
7190,50000.0,-400.0,5,0.8725677933662817
7191,-10000.0,-400.0,2,0.8725600677269763
7192,-10000.0,-400.0,11,0.8725175780917269
7193,-10000.0,-400.0,8,0.8724866780066091
7194,-10000.0,-400.0,7,0.8724596414460214
7195,-10000,-400.0,1,0.8724557791574699
7196,-10000.0,-400.0,4,0.8724403301963769
7197,-10000.0,-400.0,2,0.8724326058316968
7198,-10000.0,-400.0,1,0.8724287436783231
7199,-10000.0,-400.0,2,0.8724210194295077
7200,-10000.0,-400.0,8,0.872390123206659
7201,-10000.0,-400.0,4,0.8723746755586719
7202,-10000.0,-400.0,4,0.8723592282196346
7203,-10000.0,-400.0,1,0.8723553664331479
7204,-10000.0,-400.0,2,0.8723476429181013
7205,50000.0,200.0,7,0.8723206112236566
7206,-10000.0,-400.0,1,0.8723167496302544
7207,-10000.0,-400.0,1,0.8723128880561603
7208,50000.0,200.0,5,0.8722935804753046
7209,50000.0,200.0,4,0.8722781347581527
7210,-10000.0,-400.0,7,0.8722511054964511
7211,-10000.0,-400.0,4,0.8722356606287903
7212,-10000.0,-400.0,3,0.8722240771807569
7213,-10000.0,-400.0,3,0.8722124939064739
7214,-10000.0,-1000.0,4,0.8721970498110374
7215,-10000.0,-1000.0,3,0.8721854669421619
7216,-10000.0,-1000.0,2,0.8721777451261017
7217,-10000.0,-1000.0,6,0.8721545801412244
7218,-10000.0,-1000.0,5,0.8721352765180171
7219,-10000.0,-1000.0,4,0.8721198339669127
7220,-10000.0,-1000.0,1,0.8721159733773944
7221,50000.0,-400.0,4,0.872100531212349
7222,-10000.0,-400.0,3,0.8720889497912419
7223,-10000.0,-400.0,3,0.8720773685438545
7224,50000.0,-400.0,11,0.8720349054563302
7225,-10000.0,-400.0,15,0.8719770050097149
7226,-10000.0,-400.0,1,0.8719731451343394
7227,-10000.0,-400.0,4,0.8719577058258303
7228,50000.0,200.0,17,0.8718920922094534
7229,-10000.0,200.0,3,0.8718805139149077
7230,-10000.0,200.0,1,0.8718766545219866
7231,-10000.0,200.0,4,0.8718612171432705
7232,-10000.0,-400.0,2,0.871853498569692
7233,-10000.0,-1000.0,2,0.8718457800732988
7234,-10000.0,-1000.0,2,0.8718380616540903
7235,-10000.0,-1000.0,1,0.8718342024734299
7236,-10000.0,-1600.0,3,0.8718226250472237
7237,-10000.0,-2200.0,6,0.871799470715789
7238,-10000.0,-2200.0,15,0.8717415879261171
7239,-10000.0,-2200.0,1,0.8717377292278242
7240,-10000.0,-2200.0,1,0.8717338705488248
7241,-10000.0,-2200.0,4,0.8717184360257595
7242,50000.0,-1600.0,18,0.8716489844918832
7243,-10000.0,-1600.0,1,0.8716451262566063
7244,-10000.0,-2200.0,16,0.8715833971157042
7245,-10000,-2200.0,1,0.8715795392083635
7246,-10000.0,-2200.0,1,0.8715756813203122
7247,50000.0,-1600.0,4,0.8715602499609999
7248,-10000.0,-1600.0,4,0.8715448189103118
7249,50000.0,-1000.0,6,0.8715216729129361
7250,-10000.0,-1000.0,2,0.8715139577347829
7251,-10000.0,-1000.0,6,0.8714908126632286
7252,-10000.0,-1000.0,6,0.8714676682860162
7253,-10000.0,-1000.0,11,0.8714252387310839
7254,50000.0,-400.0,17,0.8713596703724865
7255,-10000.0,-400.0,2,0.8713519568143505
7256,-10000.0,-400.0,4,0.8713365299294837
7257,-10000.0,-400.0,3,0.8713249599683097
7258,-10000.0,-400.0,6,0.8713018205666033
7259,50000.0,200.0,4,0.8712863946844515
7260,-10000.0,200.0,2,0.8712786818590688
7261,50000.0,800.0,8,0.8712478313288091
7262,-10000,800.0,1,0.871243975099293
7263,-10000.0,200.0,1,0.8712401188890581
7264,-10000,200.0,1,0.8712362626981042
7265,-10000.0,200.0,1,0.8712324065264311
7266,-10000.0,200.0,13,0.8711822780492
7267,-10000,-400.0,1,0.8711784221474494
7268,-10000.0,-400.0,2,0.8711707104017868
7269,-10000.0,-400.0,1,0.8711668545578745
7270,-10000.0,-1000.0,1,0.8711629987332412
7271,-10000.0,-1000.0,3,0.8711514313750156
7272,-10000.0,-1000.0,5,0.8711321528302141
7273,-10000.0,-1000.0,13,0.8710820308692615
7274,-10000.0,-1000.0,8,0.8710511882048841
7275,-10000.0,-1000.0,1,0.8710473329585813
7276,-10000.0,-1600.0,1,0.8710434777315545
7277,-10000.0,-1600.0,19,0.8709702320803935
7278,-10000.0,-1600.0,6,0.8709471033203642
7279,-10000.0,-1600.0,3,0.8709355392005454
7280,-10000.0,-1600.0,8,0.8709047023957177
7281,-10000.0,-1600.0,2,0.8708969933872389
7282,-10000.0,-2200.0,1,0.8708931389119081
7283,-10000.0,-2200.0,3,0.8708815756015494
7284,-10000.0,-2200.0,3,0.8708700124646391
7285,-10000.0,-2200.0,4,0.8708545952185629
7286,-10000.0,-2200.0,2,0.8708468867111533
7287,50000.0,-1600.0,9,0.8708121993817222
7288,-10000.0,-1600.0,2,0.8708044912982686
7289,-10000.0,-1600.0,5,0.8707852214268607
7290,-10000.0,-2200.0,5,0.8707659520371933
7291,-10000.0,-2200.0,1,0.8707620982170677
7292,-10000.0,-2200.0,2,0.8707543906346236
7293,-10000.0,-2200.0,13,0.8707042932274156
7294,50000.0,-1600.0,6,0.8706811724454323
7295,50000.0,-1000.0,6,0.870658052357062
7296,-10000.0,-1000.0,1,0.8706541990764335
7297,-10000.0,-1000.0,7,0.870627226651486
7298,-10000,-1000.0,1,0.8706233735249855
7299,-10000.0,-1000.0,12,0.8705771375096684
7300,-10000,-1000.0,1,0.8705732846336129
7301,-10000.0,-1000.0,2,0.8705655789392952
7302,50000.0,-400.0,7,0.8705386096159983
7303,-10000.0,-400.0,4,0.8705231989979126
7304,-10000.0,-400.0,2,0.8705154938044487
7305,-10000.0,-1000.0,5,0.8704962311578877
7306,-10000.0,-1000.0,2,0.8704885262341008
7307,-10000.0,-1000.0,6,0.8704654119250301
7308,-10000.0,-1600.0,3,0.8704538550305281
7309,50000.0,-1600.0,6,0.8704307417615781
7310,-10000.0,-1600.0,6,0.8704076291860156
7311,-10000.0,-1600.0,2,0.8703999251482439
7312,-10000.0,-1600.0,4,0.8703845173038198
7313,50000.0,-1000.0,3,0.8703729616227281
7314,-10000.0,-1000.0,2,0.8703652579316304
7315,50000.0,-400.0,10,0.8703267406316744
7316,-10000.0,-400.0,1,0.8703228890076004
7317,50000.0,200.0,6,0.8702997796675719
7318,-10000.0,200.0,4,0.8702843738260374
7319,-10000.0,200.0,7,0.8702574143447472
7320,-10000.0,200.0,2,0.8702497118091166
7321,-10000.0,-400.0,2,0.8702420093505108
7322,-10000.0,-400.0,2,0.8702343069689292
7323,-10000.0,-400.0,2,0.8702266046643712
7324,-10000.0,-1000.0,3,0.8702150513519512
7325,-10000.0,-1000.0,2,0.8702073492399484
7326,-10000.0,-1000.0,6,0.870184243366061
7327,-10000.0,-1000.0,6,0.8701611381853395
7328,50000.0,-1000.0,5,0.8701418843975581
7329,-10000.0,-1000.0,1,0.870138033697763
7330,-10000.0,-1000.0,1,0.8701341830172212
7331,-10000.0,-1000.0,2,0.8701264817138975
7332,-10000.0,-1000.0,3,0.8701149299033106
7333,-10000.0,-1000.0,3,0.8701033782659997
7334,50000.0,-400.0,9,0.8700687243936956
7335,50000.0,200.0,5,0.8700494729162302
7336,-10000.0,200.0,3,0.8700379222607667
7337,-10000.0,200.0,12,0.8699917213714715
7338,-10000.0,200.0,9,0.8699570725236148
7339,-10000.0,200.0,6,0.8699339741579163
7340,50000.0,800.0,4,0.8699185756324188
7341,-10000.0,800.0,11,0.8698762312752396
7342,-10000.0,200.0,2,0.8698685325514206
7343,50000.0,800.0,4,0.8698531353347422
7344,-10000.0,800.0,2,0.8698454368418813
7345,-10000.0,800.0,6,0.869822341825203
7346,50000.0,1400.0,8,0.8697915495473797
7347,-10000.0,800.0,2,0.8697838516703736
7348,-10000.0,800.0,2,0.869776153870346
7349,50000.0,800.0,10,0.8697376660248567
7350,-10000.0,800.0,1,0.8697338173461483
7351,-10000.0,800.0,2,0.8697261200464614
7352,50000.0,1400.0,9,0.8696914831503954
7353,-10000.0,1400.0,3,0.869679937864738
7354,-10000.0,800.0,3,0.8696683927522585
7355,-10000.0,800.0,2,0.8696606961068142
7356,-10000.0,800.0,3,0.869649151282959
7357,-10000.0,800.0,2,0.8696414548299285
7358,-10000.0,800.0,1,0.8696376066322749
7359,-10000.0,200.0,1,0.8696337584538621
7360,-10000.0,200.0,3,0.8696222140340687
7361,-10000.0,-400.0,1,0.8696183659326189
7362,-10000.0,-400.0,4,0.8696029737192228
7363,-10000.0,-400.0,9,0.8695683423646168
7364,-10000.0,-400.0,8,0.8695375602465687
7365,-10000.0,-400.0,1,0.8695337125683867
7366,-10000.0,-400.0,4,0.869518322048041
7367,-10000.0,-400.0,4,0.8695029318355026
7368,-10000.0,-400.0,2,0.8694952368446593
7369,50000.0,200.0,12,0.8694490685155124
7370,-10000.0,200.0,3,0.8694375268660472
7371,50000.0,800.0,7,0.8694105970238819
7372,-10000.0,800.0,2,0.8694029029563821
7373,-10000.0,800.0,2,0.8693952089658226
7374,-10000.0,800.0,7,0.8693682806047578
7375,-10000.0,800.0,3,0.8693567401671023
7376,-10000.0,800.0,1,0.8693528933930184
7377,-10000.0,800.0,3,0.8693413531861692
7378,-10000.0,800.0,2,0.8693336598111042
7379,-10000.0,800.0,3,0.8693221198927568
7380,-10000.0,800.0,1,0.8693182732917738
7381,-10000.0,800.0,9,0.8692836547483987
7382,-10000.0,800.0,4,0.8692682692291595
7383,-10000.0,800.0,10,0.8692298067772672
7384,-10000.0,800.0,8,0.8691990382003719
7385,-10000.0,800.0,2,0.8691913462484496
7386,50000.0,1400.0,9,0.869156733416663
7387,50000.0,1400.0,6,0.8691336590607777
7388,-10000.0,1400.0,3,0.8691221221424188
7389,50000.0,2000.0,15,0.86906444014636
7390,-10000.0,2000.0,1,0.8690605948337725
7391,-10000.0,2000.0,1,0.8690567495404116
7392,-10000.0,2000.0,7,0.8690298330252195
7393,-10000.0,2000.0,3,0.8690182976642395
7394,-10000.0,1400.0,2,0.8690106075197137
7395,-10000.0,800.0,3,0.868999072447114
7396,-10000.0,800.0,1,0.8689952274613644
7397,-10000.0,800.0,2,0.8689875375475394
7398,50000.0,1400.0,4,0.8689721579505849
7399,-10000.0,1400.0,4,0.8689567786612193
7400,-10000.0,1400.0,1,0.868952933886938
7401,-10000.0,1400.0,3,0.8689413996794365
7402,50000.0,1400.0,10,0.8689029535706132
7403,-10000.0,1400.0,3,0.8688914201128108
7404,-10000.0,1400.0,5,0.8688721980675845
7405,-10000.0,1400.0,4,0.8688568207773966
7406,-10000.0,1400.0,1,0.8688529765029034
7407,-10000.0,1400.0,1,0.8688491322476316
7408,-10000.0,1400.0,3,0.868837599597143
7409,-10000.0,800.0,13,0.8687876267773034
7410,-10000.0,800.0,2,0.8687799389394748
7411,-10000.0,800.0,1,0.8687760950493899
7412,-10000.0,800.0,7,0.868749188356933
7413,-10000.0,200.0,1,0.8687453446206006
7414,-10000.0,200.0,4,0.8687299698674562
7415,-10000.0,-400.0,2,0.8687222826061939
7416,-10000.0,-400.0,4,0.8687069083142852
7417,-10000.0,-1000.0,1,0.8687030647893524
7418,-10000.0,-1000.0,1,0.8686992212836372
7419,-10000.0,-1000.0,4,0.8686838474529505
7420,-10000.0,-1000.0,3,0.8686723172817151
7421,-10000.0,-1000.0,5,0.8686531007139912
7422,-10000.0,-1000.0,1,0.8686492574580957
7423,50000.0,-400.0,2,0.8686415710039534
7424,-10000.0,-400.0,2,0.8686338846266755
7425,-10000.0,-400.0,2,0.8686261983262606
7426,50000.0,200.0,8,0.8685954538932205
7427,-10000.0,200.0,8,0.8685647106899328
7428,-10000.0,-400.0,6,0.8685416540944628
7429,-10000.0,-400.0,1,0.8685378113957991
7430,-10000.0,-400.0,15,0.868480173221403
7431,-10000.0,-400.0,8,0.8684494346292501
7432,-10000.0,-400.0,1,0.8684455923916825
7433,50000.0,200.0,5,0.86842638149201
7434,-10000.0,-400.0,4,0.8684110131180643
7435,-10000.0,-1000.0,6,0.8683879611334523
7436,-10000.0,-1000.0,1,0.8683841192032515
7437,-10000.0,-1000.0,1,0.8683802772922603
7438,50000.0,-400.0,2,0.8683725935279062
7439,-10000.0,-400.0,2,0.8683649098403895
7440,50000.0,-400.0,7,0.8683380175391631
7441,-10000.0,-400.0,2,0.8683303341974045
7442,-10000.0,-400.0,1,0.8683264925553376
7443,50000.0,-400.0,5,0.8683072846331237
7444,-10000.0,-400.0,1,0.8683034431063044
7445,-10000.0,-400.0,3,0.8682919186410915
7446,-10000.0,-1000.0,10,0.8682535050055084
7447,-10000.0,-1000.0,1,0.8682496637475865
7448,-10000.0,-1000.0,3,0.8682381400890579
7449,-10000.0,-1600.0,2,0.8682304577460688
7450,-10000.0,-1600.0,3,0.868218934375628
7451,50000.0,-1000.0,5,0.868199729142335
7452,50000.0,-1000.0,5,0.8681805243891669
7453,-10000.0,-1000.0,4,0.8681651609323143
7454,-10000.0,-1000.0,3,0.8681536385413184
7455,-10000.0,-1000.0,3,0.8681421163231572
7456,-10000.0,-1000.0,7,0.8681152318195674
7457,-10000.0,-1000.0,6,0.8680921887082612
7458,-10000.0,-1000.0,3,0.8680806674118405
7459,-10000.0,-1000.0,3,0.8680691462882381
7460,-10000.0,-1000.0,1,0.8680653059521074
7461,50000.0,-400.0,19,0.8679923432138269
7462,-10000.0,-400.0,3,0.8679808234150774
7463,-10000.0,-400.0,8,0.8679501047965172
7464,50000.0,200.0,16,0.8678886712455084
7465,-10000.0,200.0,1,0.8678848318117507
7466,-10000.0,200.0,4,0.8678694742686904
7467,-10000.0,200.0,3,0.8678579563129613
7468,50000.0,800.0,6,0.8678349209198045
7469,50000.0,800.0,16,0.8677734965831372
7470,-10000.0,800.0,1,0.8677696577252514
7471,50000.0,800.0,3,0.8677581412667591
7472,-10000.0,800.0,8,0.8677274315553068
7473,-10000.0,800.0,6,0.8677044000778341
7474,-10000.0,800.0,3,0.8676928845981993
7475,-10000.0,800.0,2,0.8676852077077377
7476,-10000.0,800.0,4,0.8676698541571196
7477,-10000.0,800.0,3,0.8676583391956697
7478,50000.0,1400.0,4,0.8676429861824164
7479,-10000.0,1400.0,2,0.8676353097909365
7480,-10000.0,1400.0,2,0.8676276334762203
7481,-10000.0,1400.0,1,0.8676237953476483
7482,50000.0,2000.0,25,0.8675278483700408
7483,-10000.0,2000.0,2,0.8675201731299333
7484,-10000.0,2000.0,1,0.8675163355386617
7485,-10000.0,2000.0,3,0.8675048228799739
7486,-10000.0,1400.0,3,0.8674933103939745
7487,-10000.0,800.0,29,0.8673820319318508
7488,50000.0,1400.0,6,0.8673590108162114
7489,-10000.0,800.0,3,0.8673475005173765
7490,-10000.0,800.0,2,0.8673398270807386
7491,-10000.0,800.0,14,0.8672861151727816
7492,-10000.0,800.0,22,0.8672017183420234
7493,-10000.0,800.0,6,0.8671787026357105
7494,-10000.0,800.0,1,0.8671748667517871
7495,-10000.0,800.0,4,0.8671595234078859
7496,-10000.0,800.0,1,0.8671556876198584
7497,-10000.0,800.0,11,0.8671134952173409
7498,-10000.0,200.0,2,0.8671058241207444
7499,50000.0,800.0,3,0.8670943176196816
7500,-10000.0,800.0,5,0.8670751405014561
7501,-10000.0,800.0,5,0.8670559638626525
7502,-10000.0,200.0,1,0.8670521285924213
7503,-10000.0,200.0,3,0.8670406228967854
7504,-10000.0,200.0,3,0.8670291173737336
7505,-10000.0,200.0,3,0.8670176120232633
7506,-10000.0,200.0,8,0.8669869319323883
7507,-10000.0,200.0,3,0.8669754272146949
7508,-10000.0,200.0,2,0.8669677574987714
7509,-10000.0,200.0,18,0.8668987335067228
7510,-10000.0,200.0,6,0.8668757268898185
7511,-10000.0,200.0,6,0.8668527209631024
7512,-10000.0,200.0,4,0.8668373840620527
7513,-10000.0,200.0,3,0.8668258815875606
7514,50000.0,800.0,8,0.8667952091657496
7515,-10000.0,800.0,8,0.866764537970811
7516,-10000.0,800.0,1,0.8667607041577057
7517,-10000.0,800.0,1,0.8667568703637694
7518,-10000.0,800.0,4,0.8667415353797124
7519,50000.0,1400.0,9,0.8667070327869345
7520,50000.0,2000.0,19,0.8666341990784757
7521,50000.0,2600.0,8,0.8666035343238117
7522,-10000.0,2600.0,8,0.8665728707957134
7523,-10000.0,2000.0,3,0.8665613722888905
7524,-10000.0,2000.0,3,0.8665498739545439
7525,-10000.0,2000.0,1,0.8665460412147559
7526,-10000.0,1400.0,5,0.8665268778032692
7527,-10000.0,1400.0,3,0.866515379986336
7528,50000.0,2000.0,22,0.8664310679317856
7529,-10000.0,2000.0,4,0.8664157394637121
7530,-10000.0,2000.0,6,0.8663927473364118
7531,-10000.0,2000.0,1,0.866388915382255
7532,-10000.0,2000.0,10,0.866350596894456
7533,-10000.0,1400.0,9,0.8663161118935142
7534,-10000.0,1400.0,1,0.8663122803225337
7535,-10000.0,1400.0,2,0.8663046172380459
7536,-10000.0,1400.0,6,0.8662816284443624
7537,-10000.0,1400.0,3,0.866270134306142
7538,-10000.0,800.0,2,0.8662624716431123
7539,-10000.0,800.0,2,0.8662548090567089
7540,-10000.0,200.0,1,0.8662509777922417
7541,50000.0,800.0,10,0.8662126662011499
7542,-10000.0,800.0,5,0.8661935111239344
7543,-10000.0,200.0,2,0.8661858492271327
7544,-10000.0,200.0,6,0.8661628639964359
7545,-10000.0,200.0,3,0.8661513716396689
7546,-10000.0,200.0,7,0.8661245568109238
7547,50000.0,800.0,4,0.8661092344730115
7548,-10000.0,800.0,4,0.8660939124415429
7549,-10000.0,800.0,2,0.866086251540723
7550,-10000.0,800.0,1,0.8660824211190414
7551,50000.0,800.0,6,0.8660594389911415
7552,-10000.0,200.0,2,0.8660517784350544
7553,-10000.0,200.0,4,0.866036457552695
7554,50000.0,800.0,7,0.8660096467458726
7555,-10000.0,800.0,2,0.8660019866877053
7556,-10000.0,800.0,2,0.8659943267061385
7557,49999.99999999999,1400.0,9,0.8659598577369944
7558,50000.0,2000.0,4,0.8659445386930306
7559,-10000.0,2000.0,3,0.8659330496111185
7560,50000.0,2600.0,8,0.8659024129018723
7561,-10000.0,2000.0,4,0.8658870950067937
7562,50000.0,2600.0,15,0.8658296556286719
7563,-10000.0,2600.0,3,0.8658181682699928
7564,-10000.0,2000.0,2,0.8658105101266009
7565,-10000.0,2000.0,2,0.86580285205979
7566,-10000.0,2000.0,1,0.8657990230551023
7567,-10000.0,2000.0,3,0.8657875361559084
7568,-10000.0,1400.0,7,0.8657607340611823
7569,-10000.0,800.0,1,0.865756905267084
7570,-10000.0,800.0,5,0.8657377615837494
7571,-10000.0,200.0,4,0.8657224469816642
7572,-10000.0,200.0,5,0.8657033041597759
7573,50000.0,800.0,11,0.8656611916361522
7574,-10000.0,800.0,3,0.8656497068044141
7575,-10000.0,800.0,1,0.8656458785654507
7576,-10000.0,800.0,2,0.8656382221449472
7577,-10000.0,800.0,4,0.865622909533631
7578,50000.0,800.0,6,0.8655999411908717
7579,50000.0,1400.0,8,0.865569317805696
7580,-10000,1400.0,1,0.8655654899686765
7581,-10000.0,1400.0,11,0.8655233850246248
7582,-10000.0,800.0,7,0.8654965921750265
7583,-10000.0,800.0,9,0.8654621456034323
7584,-10000.0,800.0,3,0.8654506637573623
7585,-10000.0,800.0,2,0.8654430092889972
7586,-10000.0,800.0,4,0.865427700581899
7587,50000.0,1400.0,4,0.8654123921809719
7588,-10000.0,800.0,2,0.8654047380953206
7589,-10000.0,800.0,5,0.8653856032160551
7590,-10000.0,800.0,1,0.8653817762976064
7591,-10000.0,800.0,9,0.8653473348926104
7592,-10000.0,800.0,1,0.8653435081655028
7593,-10000.0,800.0,3,0.865332028098981
7594,50000.0,1400.0,5,0.8653128950374428
7595,-10000,1400.0,1,0.865309068482534
7596,-10000.0,1400.0,9,0.8652746303493161
7597,-10000.0,1400.0,1,0.8652708039857302
7598,50000.0,2000.0,4,0.8652554987227037
7599,-10000.0,1400.0,1,0.8652516724547757
7600,-10000.0,1400.0,1,0.865247846205979
7601,-10000.0,1400.0,2,0.8652401937657793
7602,-10000.0,1400.0,5,0.8652210630000707
7603,-10000.0,1400.0,4,0.865205758731854
7604,-10000.0,1400.0,11,0.8651636735724761
7605,-10000.0,1400.0,7,0.8651368933125584
7606,-10000.0,1400.0,3,0.8651254163452362
7607,-10000.0,1400.0,2,0.8651177651293288
7608,-10000.0,1400.0,3,0.8651062884489273
7609,-10000.0,1400.0,4,0.8650909864761785
7610,-10000.0,1400.0,1,0.8650871610308097
7611,-10000.0,1400.0,4,0.8650718594406055
7612,-10000.0,1400.0,5,0.8650527328832025
7613,-10000.0,1400.0,12,0.865006831096297
7614,-10000.0,800.0,1,0.8650030060717039
7615,-10000.0,800.0,1,0.8649991810662362
7616,-10000.0,800.0,3,0.8649877061645821
7617,-10000.0,800.0,1,0.8649838812356136
7618,-10000.0,800.0,4,0.8649685817109847
7619,-10000.0,200.0,1,0.8649647568776382
7620,-10000.0,-400.0,10,0.8649265095959843
7621,-10000.0,-1000.0,11,0.8648844397948867
7622,-10000.0,-1000.0,1,0.8648806153822487
7623,-10000.0,-1000.0,1,0.8648767909887328
7624,50000.0,-400.0,4,0.8648614936058874
7625,-10000.0,-400.0,2,0.8648538450291944
7626,-10000.0,-400.0,4,0.8648385481052635
7627,-10000.0,-400.0,5,0.8648194273805709
7628,-10000.0,-1000.0,3,0.8648079551752019
7629,-10000.0,-1000.0,5,0.8647888352153231
7630,50000.0,-400.0,2,0.8647811873652101
7631,50000.0,200.0,5,0.8647620680745183
7632,-10000.0,200.0,2,0.8647544204920754
7633,-10000.0,200.0,4,0.8647391255566155
7634,-10000.0,200.0,4,0.8647238309270511
7635,-10000.0,200.0,2,0.8647161837269779
7636,-10000.0,200.0,5,0.8646970660613565
7637,-10000.0,200.0,1,0.864693242585585
7638,50000.0,800.0,9,0.8646588321639089
7639,-10000.0,800.0,4,0.8646435391401964
7640,-10000.0,800.0,8,0.8646129540103374
7641,-10000.0,200.0,5,0.8645938389254267
7642,-10000.0,200.0,2,0.8645861930252671
7643,-10000.0,200.0,1,0.8645823701038592
7644,-10000.0,200.0,1,0.864578547201566
7645,50000.0,800.0,11,0.8645364965378738
7646,-10000.0,800.0,7,0.8645097382287681
7647,-10000.0,200.0,3,0.8644982706687016
7648,50000.0,800.0,5,0.8644791584508386
7649,50000.0,1400.0,3,0.8644676913494652
7650,-10000.0,1400.0,2,0.864460046710775
7651,-10000.0,800.0,2,0.8644524021485308
7652,50000.0,1400.0,6,0.8644294689204665
7653,-10000.0,1400.0,2,0.8644218246639985
7654,-10000.0,800.0,4,0.8644065363803887
7655,-10000.0,800.0,1,0.8644027143572618
7656,-10000.0,800.0,5,0.8643836045282768
7657,-10000.0,200.0,16,0.8643224562858768
7658,-10000.0,-400.0,4,0.8643071699896147
7659,-10000.0,-400.0,2,0.8642995269561299
7660,50000.0,-400.0,5,0.8642804197067976
7661,50000.0,200.0,10,0.8642422066411469
7662,-10000.0,-400.0,2,0.8642345642572924
7663,-10000.0,-400.0,1,0.864230743094024
7664,-10000.0,-400.0,2,0.8642231008248045
7665,50000.0,200.0,13,0.8641734279376373
7666,-10000.0,200.0,10,0.8641352202214413
7667,-10000.0,200.0,10,0.8640970144155833
7668,-10000.0,200.0,2,0.8640893734836438
7669,-10000.0,200.0,1,0.8640855530463275
7670,50000.0,800.0,5,0.8640664511462761
7671,-10000,800.0,1,0.8640626308235712
7672,-10000.0,800.0,5,0.8640435294965682
7673,-10000.0,200.0,4,0.8640282487787859
7674,-10000.0,200.0,1,0.8640244286470924
7675,-10000.0,200.0,8,0.8639938682811579
7676,-10000.0,200.0,6,0.8639709488089032
7677,50000.0,800.0,10,0.8639327512164106
7678,-10000.0,200.0,2,0.8639251119270949
7679,-10000.0,-400.0,2,0.8639174727141717
7680,-10000.0,-400.0,2,0.8639098335776403
7681,-10000.0,-400.0,5,0.8638907360705207
7682,50000.0,200.0,6,0.8638678196921861
7683,-10000.0,200.0,4,0.8638525424885647
7684,-10000.0,200.0,2,0.8638449040013324
7685,-10000.0,200.0,1,0.8638410847863605
7686,-10000.0,200.0,11,0.8637990746819856
7687,-10000.0,-400.0,3,0.8637876177817924
7688,-10000.0,-400.0,2,0.8637799799438037
7689,-10000.0,-400.0,6,0.8637570668881029
7690,-10000.0,-400.0,3,0.863745610618022
7691,50000.0,200.0,6,0.8637226985933856
7692,50000.0,800.0,24,0.8636310573681377
7693,-10000.0,800.0,2,0.8636234210957455
7694,-10000.0,200.0,14,0.8635699693271026
7695,-10000.0,200.0,3,0.8635585158634639
7696,-10000.0,200.0,8,0.863527974133668
7697,-10000.0,200.0,1,0.8635241565033414
7698,50000.0,200.0,8,0.8634936161478924
7699,-10000.0,200.0,16,0.863432539101715
7700,-10000.0,200.0,1,0.8634287219485623
7701,-10000.0,200.0,1,0.8634249048144955
7702,-10000.0,200.0,5,0.8634058194304434
7703,-10000.0,200.0,1,0.8634020024108889
7704,-10000.0,200.0,4,0.86338673452352
7705,-10000.0,200.0,4,0.8633714669415059
7706,-10000.0,200.0,4,0.8633561996648402
7707,-10000.0,200.0,1,0.863352382893384
7708,-10000.0,200.0,1,0.8633485661410113
7709,-10000.0,200.0,2,0.8633409326935172
7710,-10000.0,200.0,4,0.8633256660275305
7711,-10000.0,200.0,4,0.8633103996668741
7712,-10000.0,200.0,2,0.8633027666010428
7713,-10000.0,200.0,3,0.8632913171454148
7714,50000.0,800.0,5,0.8632722351010128
7715,-10000.0,800.0,1,0.8632684187493783
7716,-10000.0,800.0,2,0.8632607861033541
7717,-10000.0,800.0,5,0.8632417048222184
7718,-10000.0,800.0,3,0.8632302562825104
7719,-10000.0,800.0,3,0.8632188079145292
7720,50000.0,1400.0,7,0.8631920957237181
7721,-10000.0,1400.0,3,0.863180647928141
7722,50000.0,2000.0,11,0.8631386741467946
7723,-10000.0,2000.0,2,0.8631310427982098
7724,-10000.0,1400.0,10,0.8630928871999679
7725,-10000.0,1400.0,2,0.8630852563092504
7726,50000.0,2000.0,14,0.863031842210824
7727,-10000.0,2000.0,3,0.8630203968190314
7728,-10000.0,2000.0,7,0.8629936915724874
7729,-10000.0,2000.0,4,0.8629784318512536
7730,-10000.0,1400.0,1,0.8629746169686315
7731,-10000.0,800.0,4,0.8629593576288861
7732,-10000.0,800.0,11,0.8629173960181714
7733,50000.0,1400.0,7,0.8628906943765922
7734,-10000.0,1400.0,3,0.8628792511020014
7735,-10000.0,1400.0,2,0.8628716223476341
7736,-10000.0,1400.0,3,0.8628601793591216
7737,50000.0,2000.0,3,0.8628487365422526
7738,-10000.0,1400.0,8,0.8628182232030617
7739,50000.0,2000.0,15,0.8627610139816941
7740,-10000.0,2000.0,5,0.8627419451947054
7741,-10000.0,2000.0,1,0.8627381314945136
7742,-10000.0,2000.0,1,0.8627343178133904
7743,-10000.0,2000.0,1,0.8627305041513355
7744,-10000.0,2000.0,1,0.8627266905083488
7745,-10000.0,1400.0,12,0.8626809282797989
7746,-10000.0,1400.0,6,0.8626580481951535
7747,50000.0,2000.0,17,0.862593225016081
7748,-10000.0,1400.0,3,0.8625817862034971
7749,50000.0,1400.0,11,0.8625398453586397
7750,50000.0,2000.0,6,0.8625169695064185
7751,-10000.0,2000.0,1,0.8625131569311024
7752,-10000.0,1400.0,1,0.8625093443748492
7753,-10000.0,1400.0,1,0.8625055318376587
7754,-10000.0,1400.0,4,0.8624902818795219
7755,-10000.0,1400.0,3,0.8624788446110735
7756,-10000.0,1400.0,1,0.8624750322263813
7757,-10000.0,1400.0,2,0.8624674075141827
7758,-10000.0,1400.0,6,0.8624445338350643
7759,-10000.0,1400.0,2,0.862436909427848
7760,-10000.0,800.0,6,0.8624140366636583
7761,-10000.0,200.0,5,0.8623949765509942
7762,-10000.0,200.0,5,0.8623759169148268
7763,-10000.0,200.0,3,0.86236448136184
7764,-10000.0,200.0,4,0.8623492342246847
7765,-10000.0,-400.0,4,0.862333987392469
7766,50000.0,200.0,3,0.8623225524684203
7767,50000.0,800.0,3,0.8623111177158941
7768,50000.0,1400.0,16,0.8622501352658073
7769,50000.0,2000.0,10,0.8622120237118408
7770,-10000.0,1400.0,3,0.8622005906172335
7771,50000.0,2000.0,4,0.8621853467578603
7772,-10000.0,2000.0,4,0.8621701032033612
7773,-10000.0,2000.0,1,0.8621662923623723
7774,-10000.0,2000.0,6,0.8621434277165728
7775,-10000.0,2000.0,3,0.8621319956508978
7776,-10000.0,2000.0,3,0.8621205637567024
7777,-10000.0,1400.0,4,0.8621053214978504
7778,-10000.0,1400.0,5,0.8620862691029689
7779,50000.0,2000.0,6,0.8620634068578311
7780,-10000.0,2000.0,1,0.8620595965503226
7781,50000.0,2600.0,16,0.8619986342211243
7782,-10000.0,2000.0,1,0.8619948242374781
7783,-10000.0,2000.0,2,0.8619872043273353
7784,-10000.0,2000.0,4,0.8619719647356453
7785,-10000.0,2000.0,3,0.8619605352418956
7786,-10000.0,2000.0,9,0.8619262477892832
7787,-10000.0,2000.0,1,0.8619224381675683
7788,-10000.0,2000.0,5,0.861903390344713
7789,-10000.0,2000.0,3,0.8618919618795715
7790,-10000.0,2000.0,6,0.861869105463563
7791,-10000.0,1400.0,1,0.8618652961275591
7792,-10000.0,800.0,1,0.8618614868106017
7793,50000.0,1400.0,5,0.8618424405115113
7794,-10000.0,1400.0,5,0.8618233946885722
7795,-10000.0,1400.0,4,0.8618081583730421
7796,-10000.0,1400.0,2,0.8618005403295487
7797,-10000.0,1400.0,2,0.8617929223622353
7798,-10000.0,800.0,2,0.8617853044711011
7799,-10000.0,800.0,3,0.8617738777772345
7800,-10000.0,800.0,3,0.861762451254767
7801,-10000.0,800.0,2,0.8617548336683425
7802,-10000.0,800.0,1,0.8617510249036959
7803,-10000.0,800.0,2,0.8617434074315344
7804,50000.0,1400.0,4,0.8617281727157334
7805,-10000.0,1400.0,3,0.8617167468788367
7806,-10000.0,1400.0,5,0.8616977041981991
7807,-10000.0,1400.0,1,0.8616938957191994
7808,-10000.0,1400.0,1,0.861690087259242
7809,50000.0,2000.0,1,0.8616862788183268
7810,-10000.0,2000.0,4,0.8616710452450868
7811,-10000.0,2000.0,3,0.8616596202650956
7812,-10000.0,2000.0,1,0.861655811976515
7813,-10000.0,2000.0,8,0.8616253463533524
7814,-10000.0,1400.0,2,0.86161773013797
7815,50000.0,2000.0,7,0.8615910739839007
7816,-10000.0,2000.0,3,0.8615796502034694
7817,-10000.0,2000.0,4,0.8615644187627803
7818,-10000.0,2000.0,10,0.8615263414937818
7819,-10000.0,2000.0,10,0.8614882661285992
7820,-10000.0,1400.0,6,0.8614654218232816
7821,50000.0,2000.0,8,0.8614349638155728
7822,-10000.0,1400.0,1,0.8614311566502717
7823,-10000.0,1400.0,5,0.8614121211093008
7824,50000.0,2000.0,7,0.8613854721514215
7825,-10000.0,2000.0,1,0.861381665233578
7826,-10000.0,1400.0,3,0.8613702445942544
7827,-10000.0,1400.0,4,0.8613550173416356
7828,-10000.0,1400.0,2,0.8613474038295298
7829,-10000.0,1400.0,2,0.8613397903935588
7830,50000.0,2000.0,4,0.8613245637500179
7831,50000.0,2600.0,7,0.8612979178565924
7832,-10000.0,2600.0,5,0.8612788856465496
7833,-10000.0,2000.0,8,0.8612484351001388
7834,50000.0,2600.0,13,0.8611989555599597
7835,-10000.0,2600.0,1,0.8611951495746969
7836,-10000.0,2600.0,10,0.8611570907686963
7837,-10000,2000.0,1,0.8611532849927569
7838,-10000.0,2000.0,6,0.8611304507367227
7839,-10000.0,1400.0,2,0.8611228394702717
7840,-10000.0,1400.0,13,0.8610733680935433
7841,-10000.0,1400.0,1,0.8610695627362162
7842,-10000.0,1400.0,1,0.8610657573979159
7843,-10000.0,1400.0,3,0.8610543414971743
7844,-10000.0,1400.0,10,0.8610162897314015
7845,-10000.0,1400.0,2,0.8610086796065549
7846,-10000.0,1400.0,3,0.8609972645619739
7847,50000.0,1400.0,11,0.8609554108634102
7848,-10000.0,1400.0,2,0.8609478013473493
7849,-10000.0,800.0,2,0.860940191907383
7850,-10000.0,200.0,2,0.8609325825435108
7851,50000.0,800.0,4,0.8609173640440455
7852,50000.0,1400.0,2,0.8609097549084508
7853,50000.0,2000.0,4,0.8608945368655336
7854,-10000.0,2000.0,14,0.860841276112101
7855,-10000.0,2000.0,7,0.8608146471334469
7856,50000.0,2600.0,4,0.8607994309926662
7857,50000.0,3200.0,6,0.8607766073520928
7858,50000.0,3800.0,6,0.8607537843962182
7859,-10000.0,3800.0,6,0.8607309621250221
7860,-10000.0,3800.0,1,0.8607271584797207
7861,-10000.0,3800.0,4,0.8607119440886954
7862,-10000.0,3800.0,1,0.8607081405384839
7863,-10000.0,3800.0,1,0.8607043370072901
7864,-10000.0,3800.0,2,0.860696730001955
7865,50000.0,4400.0,4,0.8606815162194934
7866,-10000.0,3800.0,2,0.8606739094423651
7867,-10000.0,3200.0,3,0.8606624994192988
7868,50000.0,3200.0,3,0.8606510895673817
7869,-10000.0,2600.0,7,0.8606244672451402
7870,-10000.0,2600.0,3,0.8606130579637014
7871,-10000.0,2000.0,2,0.8606054518711522
7872,-10000.0,2000.0,1,0.8606016488534004
7873,-10000.0,2000.0,2,0.8605940428749419
7874,-10000.0,2000.0,5,0.8605750282615536
7875,-10000.0,2000.0,1,0.8605712253959195
7876,-10000.0,2000.0,5,0.8605522113529611
7877,-10000.0,2000.0,1,0.8605484086014112
7878,-10000.0,2000.0,1,0.860544605868875
7879,50000.0,2000.0,8,0.860514184693068
7880,-10000.0,2000.0,2,0.8605065795892465
7881,-10000.0,1400.0,1,0.860502777065855
7882,-10000.0,1400.0,6,0.8604799623247658
7883,-10000.0,1400.0,1,0.8604761599344601
7884,-10000.0,1400.0,2,0.8604685552108844
7885,-10000.0,1400.0,3,0.8604571482681086
7886,-10000.0,1400.0,2,0.8604495437346487
7887,50000.0,2000.0,18,0.8603811063554407
7888,-10000.0,2000.0,2,0.8603735025823961
7889,50000.0,2600.0,4,0.8603582952644182
7890,-10000.0,2600.0,2,0.8603506917194834
7891,-10000.0,2600.0,1,0.8603468899755291
7892,-10000.0,2600.0,8,0.8603164767081994
7893,-10000.0,2000.0,2,0.8603088735814481
7894,-10000.0,2000.0,1,0.860305072046584
7895,50000.0,2600.0,6,0.8602822632365565
7896,50000.0,3200.0,3,0.8602708590881393
7897,-10000.0,3200.0,6,0.8602480513044851
7898,50000.0,3800.0,15,0.8601910348387815
7899,-10000.0,3800.0,1,0.8601872338931096
7900,-10000.0,3800.0,2,0.86017963205878
7901,-10000.0,3800.0,1,0.8601758311701219
7902,50000.0,4400.0,4,0.8601606278055326
7903,-10000.0,4400.0,4,0.8601454247450077
7904,-10000.0,3800.0,3,0.8601340226491524
7905,-10000.0,3800.0,6,0.8601112189705298
7906,-10000.0,3800.0,7,0.8600846155434285
7907,-10000.0,3800.0,3,0.8600732143597044
7908,-10000.0,3800.0,3,0.8600618133469968
7909,-10000.0,3200.0,1,0.8600580130474309
7910,-10000.0,3200.0,5,0.8600390118346208
7911,-10000.0,3200.0,1,0.860035211649062
7912,-10000.0,3200.0,4,0.8600200110968351
7913,-10000.0,3200.0,1,0.8600162110062799
7914,-10000.0,3200.0,1,0.8600124109347251
7915,-10000.0,2600.0,7,0.8599858109658446
7916,-10000.0,2600.0,2,0.859978211145734
7917,50000.0,3200.0,16,0.8599174153207079
7918,-10000.0,3200.0,4,0.859902217124384
7919,50000.0,3800.0,13,0.8598528250855294
7920,-10000.0,3800.0,11,0.8598110343294061
7921,-10000.0,3200.0,4,0.8597958382606807
7922,-10000.0,3200.0,1,0.8597920392909868
7923,-10000.0,3200.0,6,0.8597692458717111
7924,-10000.0,2600.0,1,0.8597654470349788
7925,50000.0,3200.0,3,0.8597540506387464
7926,-10000.0,3200.0,2,0.8597464531362277
7927,50000.0,3800.0,22,0.8596628856226801
7928,-10000.0,3800.0,6,0.8596400960779564
7929,-10000.0,3800.0,4,0.8596249034279618
7930,-10000.0,3200.0,6,0.8596021150226868
7931,-10000.0,2600.0,4,0.8595869231323058
7932,-10000.0,2600.0,2,0.8595793273010537
7933,50000.0,3200.0,10,0.8595413492841469
7934,-10000.0,2600.0,1,0.8595375515868947
7935,-10000.0,2600.0,3,0.8595261586090684
7936,-10000.0,2600.0,1,0.8595223609877696
7937,-10000.0,2600.0,7,0.859495778170337
7938,50000.0,3200.0,23,0.8594084411778207
7939,-10000.0,3200.0,5,0.8593894562041043
7940,-10000.0,3200.0,1,0.8593856592663157
7941,50000.0,3800.0,7,0.8593590812333597
7942,50000.0,4400.0,2,0.8593514876805152
7943,50000.0,5000.0,5,0.8593325041306186
7944,-10000.0,5000.0,4,0.8593173176324014
7945,-10000.0,5000.0,1,0.8593135210553047
7946,-10000,5000.0,1,0.8593097244971908
7947,-10000.0,4400.0,3,0.8592983349367453
7948,-10000.0,4400.0,3,0.8592869455471419
7949,-10000.0,4400.0,3,0.859275556328378
7950,-10000.0,4400.0,4,0.8592603709691056
7951,50000.0,4400.0,3,0.8592489821489574
7952,-10000.0,3800.0,4,0.8592337973211632
7953,-10000.0,3200.0,4,0.8592186127970626
7954,-10000.0,3200.0,1,0.8592148167134888
7955,-10000.0,3200.0,3,0.8592034285766493
7956,-10000.0,2600.0,28,0.859097147536495
7957,50000.0,2600.0,7,0.8590705796012728
7958,-10000.0,2000.0,7,0.859044012595912
7959,-10000.0,2000.0,6,0.8590212416171006
7960,-10000.0,2000.0,3,0.8590098563838657
7961,-10000.0,2000.0,9,0.8589757017088144
7962,-10000.0,2000.0,8,0.8589453432879186
7963,50000.0,2600.0,22,0.8588618638916079
7964,-10000.0,2600.0,5,0.8588428925821529
7965,-10000.0,2000.0,5,0.8588239217469749
7966,-10000.0,2000.0,2,0.8588163335456984
7967,-10000.0,2000.0,2,0.8588087454203036
7968,-10000.0,1400.0,3,0.8587973633744879
7969,-10000.0,1400.0,1,0.8587935693971559
7970,-10000.0,1400.0,3,0.8587821875789788
7971,-10000.0,1400.0,2,0.858774599795042
7972,-10000.0,1400.0,4,0.8587594244548
7973,-10000.0,1400.0,3,0.8587480431487933
7974,-10000.0,1400.0,1,0.8587442494180618
7975,-10000.0,1400.0,2,0.8587366620135047
7976,-10000.0,1400.0,2,0.8587290746848213
7977,-10000.0,1400.0,4,0.8587139002550724
7978,-10000.0,1400.0,4,0.858698726128809
7979,50000.0,1400.0,6,0.8586759655084362
7980,50000.0,2000.0,9,0.8586418258581363
7981,-10000.0,2000.0,3,0.8586304463160951
7982,-10000.0,2000.0,2,0.8586228600495635
7983,-10000.0,2000.0,2,0.8586152738588939
7984,-10000.0,2000.0,6,0.8585925157420516
7985,-10000.0,2000.0,2,0.8585849298548236
7986,-10000.0,2000.0,5,0.8585659654686332
7987,-10000.0,1400.0,1,0.8585621726482878
7988,-10000.0,1400.0,2,0.8585545870644893
7989,-10000.0,800.0,8,0.8585242454878422
7990,50000.0,1400.0,4,0.8585090751546365
7991,-10000.0,1400.0,3,0.858497697603841
7992,-10000.0,1400.0,2,0.8584901126647897
7993,-10000.0,1400.0,3,0.8584787353984293
7994,-10000.0,1400.0,1,0.8584749430142334
7995,-10000.0,800.0,7,0.8584483968557883
7996,50000.0,800.0,4,0.8584332280395399
7997,-10000.0,800.0,2,0.858425643745181
7998,50000.0,800.0,5,0.8584066833410935
7999,-10000.0,800.0,3,0.8583953073261636
8000,-10000,800.0,1,0.858391515359107
8001,-10000.0,800.0,3,0.8583801395716951
8002,-10000,200.0,1,0.8583763476804771
8003,50000.0,800.0,20,0.8583005138374643
8004,-10000,800.0,1,0.8582967223443739
8005,-10000.0,800.0,4,0.8582815565615853
8006,-10000.0,800.0,1,0.858277765163281
8007,50000.0,1400.0,13,0.8582284787103726
8008,-10000.0,1400.0,10,0.8581905682342068
8009,50000.0,2000.0,2,0.8581829863664338
8010,-10000.0,2000.0,3,0.8581716137069335
8011,-10000.0,2000.0,2,0.858164032028705
8012,-10000.0,2000.0,4,0.8581488688996961
8013,50000.0,2600.0,4,0.8581337060739469
8014,-10000.0,2600.0,3,0.8581223341536455
8015,-10000.0,2600.0,5,0.8581033813322028
8016,-10000.0,2600.0,1,0.8580995908247724
8017,50000.0,2600.0,6,0.8580768481781891
8018,-10000.0,2600.0,3,0.8580654771107497
8019,50000.0,2600.0,10,0.8580275747844602
8020,-10000.0,2600.0,4,0.858012414384569
8021,-10000.0,2600.0,3,0.8580010442836291
8022,50000.0,3200.0,14,0.8579479860675885
8023,50000.0,3800.0,5,0.8579290376047936
8024,-10000.0,3800.0,11,0.857887352654072
8025,-10000,3200.0,1,0.8578835632267823
8026,-10000.0,3200.0,7,0.8578570377662676
8027,50000.0,3200.0,6,0.8578343023961669
8028,-10000.0,3200.0,3,0.8578229349668869
8029,-10000.0,3200.0,3,0.8578115677081171
8030,50000.0,3800.0,4,0.8577964116283242
8031,-10000.0,3800.0,3,0.8577850447674015
8032,-10000.0,3800.0,12,0.8577395790287011
8033,-10000.0,3200.0,1,0.8577357903402778
8034,-10000.0,3200.0,3,0.8577244243886676
8035,-10000.0,3200.0,4,0.8577092700517237
8036,-10000.0,3200.0,4,0.8576941160178635
8037,-10000.0,3200.0,2,0.8576865391145879
8038,-10000.0,2600.0,3,0.8576751739017404
8039,-10000.0,2600.0,11,0.8576335029131386
8040,-10000.0,2600.0,6,0.8576107742489828
8041,-10000.0,2000.0,1,0.8576069862045816
8042,-10000.0,1400.0,2,0.8575994101725999
8043,-10000.0,800.0,2,0.857591834216378
8044,50000.0,1400.0,6,0.8575691068022644
8045,-10000.0,1400.0,9,0.8575350169594855
8046,-10000.0,1400.0,3,0.8575236540194533
8047,-10000.0,1400.0,3,0.8575122912498641
8048,-10000.0,1400.0,2,0.857504716164827
8049,50000.0,2000.0,5,0.8574857787836412
8050,-10000.0,2000.0,5,0.8574668418758838
8051,50000.0,2000.0,4,0.8574516926905388
8052,-10000.0,2000.0,1,0.8574479054415435
8053,-10000.0,2000.0,2,0.8574403310003613
8054,-10000.0,2000.0,1,0.8574365438081742
8055,-10000.0,2000.0,1,0.8574327566349231
8056,-10000.0,2000.0,2,0.8574251823452284
8057,-10000.0,1400.0,2,0.8574176081312761
8058,-10000.0,1400.0,3,0.8574062469523631
8059,-10000.0,1400.0,8,0.8573759513084019
8060,-10000.0,1400.0,7,0.8573494436139936
8061,-10000.0,1400.0,1,0.8573456568762423
8062,-10000.0,1400.0,5,0.857326723471489
8063,-10000.0,800.0,2,0.8573191502421205
8064,-10000.0,800.0,6,0.8572964310084035
8065,-10000.0,800.0,4,0.8572812852312415
8066,-10000.0,800.0,2,0.8572737124562531
8067,-10000.0,800.0,2,0.8572661397569922
8068,-10000.0,800.0,2,0.8572585671334577
8069,-10000.0,800.0,1,0.8572547808500878
8070,-10000.0,800.0,7,0.8572282773965711
8071,-10000.0,800.0,1,0.8572244912646495
8072,50000.0,1400.0,15,0.8571677015574454
8073,-10000.0,1400.0,5,0.8571487726015193
8074,-10000.0,1400.0,2,0.8571412011516506
8075,-10000.0,1400.0,3,0.8571298441188113
8076,-10000.0,1400.0,1,0.8571260584790549
8077,-10000.0,1400.0,1,0.8571222728582264
8078,50000.0,2000.0,14,0.8570692761540327
8079,-10000.0,1400.0,4,0.8570541349199224
8080,50000.0,1400.0,8,0.857023853360161
8081,-10000.0,1400.0,4,0.8570087130344974
8082,50000.0,2000.0,9,0.8569746484088707
8083,-10000.0,2000.0,1,0.8569708635450909
8084,-10000.0,2000.0,7,0.856944370028506
8085,50000.0,2600.0,9,0.8569103082982493
8086,-10000.0,2600.0,1,0.8569065237561693
8087,-10000.0,2600.0,6,0.8568838169010612
8088,-10000.0,2600.0,1,0.8568800324914376
8089,-10000.0,2600.0,2,0.8568724637289566
8090,-10000.0,2000.0,6,0.856849757895634
8091,-10000.0,2000.0,3,0.8568384052344107
8092,-10000.0,2000.0,4,0.8568232686176727
8093,50000.0,2600.0,11,0.8567816444825729
8094,-10000.0,2600.0,1,0.8567778605838102
8095,-10000.0,2600.0,7,0.8567513738222109
8096,-10000.0,2000.0,13,0.856702186581515
8097,-10000.0,2000.0,4,0.8566870526891228
8098,-10000.0,1400.0,2,0.8566794858564302
8099,50000.0,2000.0,6,0.8566567858123568
8100,-10000.0,2000.0,2,0.8566492192823314
8101,-10000.0,2000.0,1,0.8566454360456931
8102,-10000.0,2000.0,3,0.8566340864492745
8103,-10000.0,1400.0,1,0.8566303032883003
8104,-10000.0,1400.0,7,0.8566038216911158
8105,50000.0,2000.0,9,0.8565697752851896
8106,-10000.0,2000.0,4,0.8565546440409968
8107,50000.0,2000.0,4,0.856539513099426
8108,-10000.0,2000.0,3,0.8565281650918397
8109,-10000.0,1400.0,4,0.8565130346798425
8110,-10000.0,1400.0,2,0.8565054695873212
8111,-10000.0,1400.0,2,0.8564979045704506
8112,-10000.0,1400.0,4,0.8564827747636576
8113,-10000,800.0,1,0.8564789923592399
8114,-10000.0,800.0,4,0.8564638629306875
8115,-10000.0,800.0,3,0.8564525160578453
8116,-10000,800.0,1,0.8564487338047206
8117,-10000.0,200.0,4,0.8564336049813334
8118,-10000.0,200.0,4,0.8564184764605194
8119,-10000.0,-400.0,8,0.8563882203265877
8120,-10000.0,-400.0,4,0.8563730927134579
8121,-10000.0,-400.0,6,0.8563504018610409
8122,-10000.0,-1000.0,5,0.8563314933373519
8123,-10000.0,-1600.0,5,0.8563125852863701
8124,50000.0,-1000.0,11,0.8562709892380811
8125,-10000.0,-1000.0,2,0.8562634265660021
8126,-10000.0,-1000.0,3,0.8562520826996828
8127,-10000.0,-1600.0,2,0.8562445202166684
8128,-10000.0,-1600.0,7,0.8562180521216551
8129,-10000.0,-1600.0,4,0.8562029279118554
8130,-10000.0,-2200.0,6,0.8561802421643059
8131,-10000.0,-2200.0,5,0.8561613378945562
8132,-10000.0,-2200.0,2,0.856153776318985
8133,-10000,-2200.0,1,0.8561499955595554
8134,-10000.0,-2200.0,4,0.8561348727108732
8135,-10000.0,-2200.0,3,0.8561235307728472
8136,-10000.0,-2200.0,5,0.8561046279208646
8137,50000.0,-1600.0,3,0.8560932864365072
8138,-10000.0,-1600.0,13,0.8560441419701013
8139,-10000.0,-1600.0,7,0.8560176808882038
8140,-10000.0,-1600.0,4,0.8560025606857887
8141,-10000.0,-1600.0,5,0.8559836608580204
8142,-10000.0,-1600.0,4,0.855968541335999
8143,-10000.0,-1600.0,9,0.8559345235170455
8144,-10000.0,-2200.0,4,0.8559194049777611
8145,-10000.0,-2200.0,2,0.8559118458215071
8146,-10000.0,-2200.0,6,0.8558891688062894
8147,50000.0,-1600.0,9,0.8558551545590194
8148,50000.0,-1000.0,4,0.8558400376070983
8149,-10000.0,-1600.0,1,0.8558362584163582
8150,50000.0,-1000.0,6,0.8558135836687286
8151,50000.0,-1000.0,8,0.8557833517300246
8152,-10000.0,-1000.0,1,0.8557795728227133
8153,-10000.0,-1000.0,6,0.8557568997756261
8154,50000.0,-400.0,4,0.8557417847887809
8155,-10000.0,-400.0,2,0.85573422740872
8156,-10000.0,-400.0,1,0.8557304487470295
8157,-10000.0,-400.0,2,0.8557228914803285
8158,50000.0,200.0,8,0.8556926631692395
8159,-10000.0,200.0,2,0.8556851062803924
8160,-10000.0,200.0,2,0.8556775494671136
8161,50000.0,800.0,4,0.8556624360672589
8162,-10000.0,800.0,2,0.8556548794806812
8163,-10000.0,800.0,2,0.8556473229696689
8164,-10000.0,800.0,15,0.8555906515456512
8165,-10000.0,800.0,4,0.8555755398837374
8166,-10000.0,800.0,1,0.8555717620154827
8167,50000.0,1400.0,4,0.8555566507313558
8168,-10000.0,1400.0,1,0.8555528729575465
8169,-10000.0,1400.0,2,0.8555453174665945
8170,-10000.0,1400.0,7,0.8555188738432493
8171,50000.0,2000.0,4,0.8555037636168752
8172,50000.0,2000.0,13,0.8554546574682071
8173,-10000.0,2000.0,9,0.8554206627735075
8174,-10000.0,2000.0,3,0.8554093315485503
8175,-10000.0,2000.0,3,0.8553980004935601
8176,-10000.0,2000.0,4,0.8553828926846289
8177,50000.0,2600.0,5,0.855364008348367
8178,-10000.0,2000.0,2,0.8553564547460516
8179,-10000.0,2000.0,2,0.8553489012192718
8180,-10000.0,1400.0,3,0.8553375710707298
8181,-10000.0,1400.0,3,0.8553262410921388
8182,-10000.0,800.0,11,0.8552846992912887
8183,-10000.0,800.0,1,0.8552809228772332
8184,-10000.0,800.0,4,0.855265817409831
8185,-10000.0,200.0,8,0.8552356073813392
8186,50000.0,800.0,8,0.8552053985612242
8187,-10000.0,800.0,7,0.8551789668348325
8188,-10000.0,800.0,7,0.855152536033535
8189,50000.0,1400.0,5,0.8551336574561175
8190,50000.0,2000.0,29,0.8550241710137453
8191,-10000.0,2000.0,2,0.8550166208097862
8192,-10000.0,2000.0,1,0.8550128457361198
8193,-10000.0,1400.0,5,0.8549939706509159
8194,-10000.0,1400.0,5,0.8549750960375834
8195,-10000.0,1400.0,3,0.854963771496077
8196,-10000.0,1400.0,8,0.8549335735491801
8197,50000.0,2000.0,5,0.8549147004457562
8198,-10000.0,2000.0,1,0.8549109258816905
8199,-10000.0,1400.0,2,0.854903376810177
8200,50000.0,2000.0,12,0.8548580839663673
8201,-10000.0,2000.0,3,0.8548467611800289
8202,-10000.0,2000.0,2,0.8548392127501594
8203,-10000.0,2000.0,4,0.8548241161168711
8204,-10000.0,2000.0,8,0.8547939237560777
8205,-10000.0,1400.0,2,0.8547863758545797
8206,-10000.0,1400.0,1,0.8547826019321352
8207,-10000.0,800.0,2,0.8547750541438549
8208,-10000.0,800.0,3,0.8547637326029546
8209,-10000.0,800.0,6,0.8547410900306168
8210,50000.0,1400.0,11,0.8546995804121901
8211,-10000.0,1400.0,1,0.8546958069237217
8212,-10000.0,1400.0,5,0.8546769397643891
8213,-10000.0,1400.0,2,0.8546693930327252
8214,50000.0,2000.0,8,0.8546392068607312
8215,-10000.0,2000.0,2,0.8546316605063946
8216,-10000.0,2000.0,2,0.8546241142275209
8217,-10000.0,2000.0,8,0.8545939298666432
8218,-10000.0,2000.0,1,0.8545901569064261
8219,-10000.0,2000.0,5,0.854571292388311
8220,50000.0,2600.0,4,0.8545562011133765
8221,-10000.0,2600.0,12,0.8545109290994837
8222,50000.0,3200.0,17,0.8544467983961037
8223,-10000.0,3200.0,5,0.8544279374619065
8224,-10000.0,2600.0,4,0.8544128490540418
8225,50000.0,3200.0,6,0.8543902170080525
8226,50000.0,3800.0,13,0.8543411832375618
8227,-10000.0,3800.0,5,0.8543223249437105
8228,-10000.0,3800.0,3,0.8543110101936973
8229,-10000.0,3800.0,8,0.8542808383567302
8230,50000.0,4400.0,7,0.8542544389893794
8231,50000.0,5000.0,6,0.8542318116956208
8232,-10000.0,5000.0,4,0.8542167272102323
8233,50000.0,5600.0,5,0.8541978720277428
8234,-10000.0,5600.0,2,0.8541903300867323
8235,-10000.0,5600.0,8,0.854160163076873
8236,-10000.0,5600.0,2,0.8541526215129501
8237,50000.0,5600.0,7,0.8541262266331102
8238,50000.0,6200.0,4,0.8541111442594018
8239,-10000.0,6200.0,2,0.8541036031856647
8240,-10000.0,6200.0,4,0.8540885212644207
8241,-10000.0,6200.0,13,0.854039507103516
8242,-10000.0,6200.0,6,0.8540168862576173
8243,-10000.0,6200.0,1,0.8540131161826112
8244,-10000.0,6200.0,2,0.8540055760891498
8245,-10000.0,6200.0,3,0.8539942660903338
8246,-10000.0,6200.0,2,0.8539867261853724
8247,-10000.0,5600.0,9,0.8539527975460942
8248,-10000.0,5000.0,11,0.8539113312825618
8249,50000.0,5600.0,9,0.8538774060359778
8250,-10000.0,5000.0,2,0.8538698672996113
8251,50000.0,5000.0,6,0.8538472515428304
8252,-10000.0,5000.0,9,0.8538133291797698
8253,-10000.0,5000.0,1,0.8538095601225465
8254,-10000.0,4400.0,2,0.8538020220646356
8255,-10000.0,4400.0,5,0.8537831772496453
8256,-10000.0,4400.0,5,0.8537643329057693
8257,-10000.0,4400.0,2,0.8537567953001283
8258,50000.0,4400.0,8,0.8537266456313136
8259,50000.0,5000.0,3,0.8537153398164231
8260,-10000.0,5000.0,8,0.8536851918057946
8261,-10000.0,4400.0,13,0.8536362038604527
8262,-10000.0,4400.0,7,0.8536098270549144
8263,-10000.0,4400.0,4,0.8535947550090942
8264,-10000.0,4400.0,6,0.8535721475055582
8265,-10000.0,4400.0,5,0.85355330843736
8266,-10000.0,4400.0,2,0.8535457729419531
8267,-10000.0,3800.0,3,0.8535344698401325
8268,-10000.0,3800.0,1,0.8535307021772025
8269,50000.0,4400.0,11,0.8534892591282769
8270,-10000.0,4400.0,12,0.8534440511289828
8271,-10000.0,3800.0,2,0.8534365167261436
8272,-10000.0,3200.0,1,0.8534327495529779
8273,-10000.0,3200.0,15,0.8533762442157381
8274,-10000.0,3200.0,7,0.853349876508628
8275,-10000.0,3200.0,3,0.8533385763452318
8276,50000.0,3800.0,10,0.8533009103580722
8277,-10000.0,3200.0,4,0.8532858444905241
8278,-10000.0,3200.0,4,0.8532707789242905
8279,-10000.0,3200.0,1,0.8532670125798117
8280,-10000.0,3200.0,3,0.8532557136593651
8281,-10000.0,3200.0,2,0.8532481811398913
8282,-10000.0,3200.0,17,0.8531841577655264
8283,-10000.0,3200.0,2,0.8531766259616078
8284,-10000.0,3200.0,2,0.8531690942330068
8285,-10000.0,3200.0,11,0.8531276710719714
8286,-10000.0,2600.0,1,0.8531239054430302
8287,-10000.0,2600.0,3,0.8531126086691745
8288,-10000.0,2600.0,3,0.8531013120647691
8289,-10000.0,2000.0,5,0.8530824847673099
8290,-10000.0,1400.0,2,0.8530749539801161
8291,-10000.0,1400.0,1,0.8530711886147596
8292,50000.0,2000.0,10,0.8530335359966522
8293,-10000.0,2000.0,2,0.8530260056989438
8294,-10000.0,2000.0,10,0.8529883553399256
8295,-10000.0,2000.0,15,0.852931883331002
8296,50000.0,2600.0,11,0.8528904732162073
8297,-10000.0,2000.0,5,0.8528716511896532
8298,-10000.0,2000.0,7,0.8528453011429902
8299,-10000,2000.0,1,0.8528415369258949
8300,-10000.0,1400.0,2,0.8528340085481677
8301,-10000.0,1400.0,2,0.8528264802457237
8302,-10000.0,1400.0,2,0.8528189520185625
8303,-10000.0,1400.0,3,0.8528076598189739
8304,-10000.0,1400.0,3,0.8527963677887671
8305,-10000.0,1400.0,15,0.8527399101783698
8306,-10000.0,1400.0,2,0.8527323828169048
8307,-10000,1400.0,1,0.8527286191643999
8308,-10000.0,1400.0,3,0.852717328319794
8309,-10000.0,1400.0,4,0.85270227412377
8310,-10000.0,800.0,1,0.8526985106218081
8311,-10000.0,800.0,3,0.852687220228827
8312,-10000.0,800.0,5,0.8526684032835341
8313,-10000.0,800.0,7,0.8526420603504232
8314,-10000,200.0,1,0.8526382971495294
8315,50000.0,800.0,3,0.8526270076597436
8316,-10000.0,800.0,1,0.8526232445341131
8317,50000.0,1400.0,4,0.852608192219746
8318,-10000.0,1400.0,3,0.8525969031815308
8319,-10000.0,1400.0,3,0.8525856143126498
8320,-10000.0,800.0,9,0.8525517487219872
8321,-10000.0,800.0,1,0.8525479859726505
8322,-10000.0,200.0,1,0.8525442232421275
8323,-10000.0,200.0,6,0.8525216472540716
8324,-10000.0,200.0,8,0.8524915469901908
8325,-10000.0,-400.0,1,0.852487784541862
8326,50000.0,-400.0,7,0.8524614479302964
8327,-10000.0,-400.0,2,0.8524539233534402
8328,-10000.0,-400.0,7,0.8524275879269954
8329,-10000.0,-400.0,6,0.8524050154379467
8330,-10000.0,-1000.0,14,0.8523523489302152
8331,-10000.0,-1600.0,4,0.8523373020337061
8332,-10000.0,-1600.0,3,0.8523260170588132
8333,-10000.0,-2200.0,3,0.8523147322531934
8334,-10000.0,-2200.0,1,0.8523109706889361
8335,50000.0,-1600.0,6,0.852288401698352
8336,50000.0,-1000.0,2,0.8522808788519493
8337,-10000.0,-1600.0,4,0.8522658333848274
8338,-10000.0,-2200.0,4,0.8522507882186119
8339,-10000.0,-2200.0,1,0.852247026974074
8340,-10000.0,-2200.0,3,0.8522357433532967
8341,-10000.0,-2200.0,12,0.8521906105626927
8342,-10000.0,-2200.0,5,0.8521718060324863
8343,-10000.0,-2200.0,6,0.8521492412167793
8344,-10000.0,-2200.0,2,0.8521417197619744
8345,-10000.0,-2200.0,3,0.8521304377207936
8346,-10000.0,-2200.0,2,0.8521229164540227
8347,-10000.0,-2200.0,3,0.8521116346948893
8348,-10000.0,-2200.0,1,0.8521078741461172
8349,-10000.0,-2800.0,15,0.8520514681708068
8350,-10000.0,-2800.0,1,0.8520477079228664
8351,-10000.0,-3400.0,2,0.8520401874833895
8352,-10000.0,-3400.0,3,0.8520289069651814
8353,-10000.0,-3400.0,4,0.8520138665374469
8354,-10000.0,-3400.0,2,0.8520063464363821
8355,-10000.0,-3400.0,4,0.8519913064598535
8356,-10000.0,-3400.0,5,0.8519725069121875
8357,-10000.0,-3400.0,6,0.8519499480753643
8358,-10000.0,-4000.0,1,0.8519461883350232
8359,-10000.0,-4600.0,2,0.8519386689107371
8360,-10000,-4600.0,1,0.8519349092267917
8361,-10000.0,-4600.0,1,0.8519311495616448
8362,-10000.0,-4600.0,3,0.8519198706789932
8363,50000.0,-4000.0,2,0.8519123515178824
8364,50000.0,-3400.0,4,0.8518973134212334
8365,-10000.0,-3400.0,9,0.8518634788034141
8366,-10000.0,-3400.0,1,0.8518597194954184
8367,50000.0,-2800.0,6,0.8518371640421669
8368,-10000.0,-2800.0,1,0.8518334048657447
8369,-10000.0,-3400.0,3,0.8518221274492526
8370,-10000.0,-3400.0,1,0.851818368348013
8371,-10000.0,-3400.0,3,0.851807091157067
8372,-10000.0,-3400.0,2,0.8517995731237457
8373,-10000.0,-3400.0,2,0.8517920551656043
8374,-10000.0,-3400.0,3,0.851780778369353
8375,-10000.0,-3400.0,7,0.8517544665025704
8376,-10000.0,-4000.0,1,0.8517507077396348
8377,-10000.0,-4000.0,2,0.8517431902701448
8378,-10000.0,-4000.0,3,0.8517319142068615
8379,-10000.0,-4000.0,3,0.8517206383127178
8380,-10000.0,-4000.0,8,0.8516905700885538
8381,-10000.0,-4000.0,7,0.8516642613790057
8382,-10000,-4000.0,1,0.8516605030670947
8383,-10000.0,-4000.0,12,0.8516154047898724
8384,-10000.0,-4000.0,1,0.8516116467222437
8385,-10000.0,-4000.0,3,0.8516003726320988
8386,-10000.0,-4000.0,5,0.8515815828576562
8387,-10000.0,-4000.0,6,0.8515590357483787
8388,-10000.0,-4000.0,9,0.8515252163527122
8389,-10000.0,-4000.0,2,0.8515177011381247
8390,-10000.0,-4000.0,1,0.851513943559013
8391,-10000.0,-4000.0,3,0.8515026709344045
8392,-10000.0,-4600.0,1,0.8514989134304436
8393,-10000,-4600.0,1,0.8514951559452703
8394,50000.0,-4000.0,4,0.8514801261924493
8395,-10000.0,-4000.0,7,0.8514538248483088
8396,-10000.0,-4600.0,1,0.8514500675885777
8397,-10000.0,-4600.0,3,0.8514387959221016
8398,-10000.0,-4600.0,3,0.8514275244246992
8399,50000.0,-4000.0,4,0.8514124960244952
8400,-10000.0,-4000.0,1,0.8514087389714077
8401,-10000.0,-4000.0,3,0.8513974679248562
8402,-10000.0,-4000.0,2,0.8513899539877468
8403,-10000.0,-4000.0,3,0.8513786832229678
8404,-10000.0,-4000.0,2,0.8513711694737044
8405,-10000.0,-4000.0,7,0.8513448719429824
8406,-10000.0,-4000.0,5,0.851326088555977
8407,-10000.0,-4000.0,2,0.8513185753326576
8408,-10000.0,-4000.0,2,0.8513110621844701
8409,-10000.0,-4000.0,2,0.8513035491114137
8410,-10000.0,-4000.0,1,0.8512997926030594
8411,-10000.0,-4000.0,1,0.8512960361134876
8412,-10000.0,-4000.0,1,0.8512922796426983
8413,-10000.0,-4000.0,6,0.8512697412123871
8414,-10000.0,-4000.0,2,0.8512622285525384
8415,-10000.0,-4600.0,10,0.8512246663801729
8416,-10000.0,-4600.0,1,0.8512209102662314
8417,-10000.0,-5200.0,12,0.851175838363786
8418,-10000.0,-5200.0,3,0.8511645708107174
8419,-10000.0,-5200.0,11,0.8511232578954383
8420,-10000.0,-5200.0,2,0.8511157467004153
8421,-10000.0,-5200.0,4,0.8511007245357036
8422,-10000.0,-5200.0,1,0.8510969690414696
8423,-10000,-5200.0,1,0.8510932135660131
8424,-10000.0,-5200.0,4,0.8510781918519594
8425,50000.0,-4600.0,6,0.8510556598441856
8426,-10000.0,-5200.0,8,0.8510256182186284
8427,50000.0,-4600.0,3,0.8510143529188451
8428,-10000.0,-4600.0,6,0.8509918228262106
8429,-10000.0,-4600.0,1,0.8509880678764838
8430,50000.0,-4000.0,6,0.8509655385723889
8431,-10000.0,-4000.0,3,0.8509542741737934
8432,50000.0,-3400.0,5,0.8509355005516103
8433,50000.0,-2800.0,16,0.8508754281144957
8434,-10000.0,-2800.0,4,0.8508604107561075
8435,-10000.0,-3400.0,2,0.8508529021895428
8436,-10000.0,-4000.0,2,0.8508453936980636
8437,-10000.0,-4000.0,1,0.8508416394804805
8438,-10000.0,-4000.0,4,0.8508266227978583
8439,-10000.0,-4000.0,1,0.8508228686741296
8440,-10000.0,-4000.0,6,0.8508003443259362
8441,-10000.0,-4000.0,3,0.850789082405236
8442,50000.0,-3400.0,3,0.8507778206534633
8443,-10000.0,-3400.0,12,0.8507327753355971
8444,-10000.0,-3400.0,3,0.8507215144284241
8445,-10000.0,-3400.0,1,0.850717760830236
8446,-10000.0,-3400.0,10,0.850680225880576
8447,-10000.0,-3400.0,3,0.8506689657616389
8448,-10000.0,-3400.0,11,0.8506276801038879
8449,-10000.0,-3400.0,3,0.8506164207731316
8450,-10000.0,-3400.0,2,0.8506089146464546
8451,-10000.0,-3400.0,3,0.850597655597178
8452,-10000.0,-3400.0,2,0.8505901496581517
8453,-10000.0,-3400.0,3,0.8505788908903479
8454,-10000.0,-3400.0,1,0.8505751380052756
8455,-10000.0,-3400.0,2,0.8505676322914242
8456,-10000.0,-3400.0,3,0.8505563738613783
8457,-10000.0,-3400.0,1,0.8505526210888908
8458,-10000.0,-3400.0,7,0.8505263522068609
8459,-10000.0,-3400.0,5,0.8505075892825933
8460,-10000,-3400.0,1,0.8505038367540282
8461,50000.0,-2800.0,3,0.850492579280908
8462,-10000,-2800.0,1,0.8504888268273929
8463,-10000.0,-3400.0,5,0.850470064841248
8464,50000.0,-3400.0,8,0.8504400466390224
8465,-10000.0,-3400.0,1,0.8504362944481696
8466,-10000.0,-3400.0,2,0.8504287901227469
8467,-10000.0,-4000.0,2,0.850421285872367
8468,-10000.0,-4000.0,1,0.8504175337753178
8469,-10000.0,-4000.0,3,0.8504062775967328
8470,-10000.0,-4000.0,1,0.850402525574725
8471,-10000.0,-4000.0,2,0.8503950215869891
8472,-10000.0,-4000.0,1,0.8503912696212611
8473,50000.0,-3400.0,13,0.8503424957739029
8474,-10000.0,-3400.0,2,0.8503349923864623
8475,-10000.0,-3400.0,12,0.8502899736374949
8476,-10000.0,-3400.0,1,0.8502862221970054
8477,-10000.0,-3400.0,8,0.8502562113483385
8478,-10000.0,-3400.0,4,0.8502412063741618
8479,-10000.0,-3400.0,4,0.8502262017000816
8480,-10000.0,-3400.0,5,0.8502074462794827
8481,-10000,-3400.0,1,0.850203695251629
8482,-10000.0,-3400.0,3,0.8501924422805976
8483,-10000.0,-3400.0,6,0.8501699368449125
8484,-10000.0,-3400.0,5,0.8501511828309175
8485,-10000.0,-3400.0,5,0.850132429285767
8486,-10000.0,-3400.0,3,0.8501211773837173
8487,50000.0,-2800.0,12,0.8500761714632653
8488,-10000.0,-2800.0,3,0.8500649204050765
8489,-10000.0,-2800.0,2,0.8500574197933756
8490,-10000.0,-2800.0,5,0.8500386685922717
8491,50000.0,-2200.0,4,0.8500236679689066
8492,-10000.0,-2200.0,5,0.8500049176115879
8493,-10000.0,-2200.0,5,0.8499861677230222
8494,-10000.0,-2800.0,12,0.8499411699029069
8495,-10000.0,-2800.0,5,0.8499224216080139
8496,50000.0,-2200.0,7,0.8498961747825797
8497,-10000.0,-2200.0,9,0.8498624302139731
8498,-10000.0,-2200.0,2,0.8498549316271639
8499,50000.0,-2200.0,13,0.8498061926406424
8500,-10000.0,-2200.0,4,0.8497911966667497
8501,-10000.0,-2200.0,1,0.8497874477201388
8502,-10000.0,-2200.0,1,0.8497836987922726
8503,50000.0,-1600.0,7,0.8497574568220521
8504,50000.0,-1000.0,12,0.849712472724179
8505,-10000.0,-1000.0,2,0.8497049756369374
8506,-10000.0,-1000.0,1,0.8497012271214305
8507,-10000.0,-1000.0,3,0.8496899816873645
8508,-10000.0,-1000.0,1,0.8496862332468273
8509,-10000.0,-1000.0,8,0.8496562463972384
8510,-10000.0,-1000.0,1,0.8496524981253771
8511,-10000,-1000.0,1,0.8496487498722571
8512,-10000.0,-1000.0,3,0.8496375052253441
8513,-10000.0,-1000.0,14,0.8495850324365474
8514,-10000.0,-1000.0,1,0.849581284520755
8515,-10000.0,-1000.0,11,0.8495400586838272
8516,-10000.0,-1000.0,3,0.8495288156672698
8517,-10000.0,-1000.0,1,0.8495250680325606
8518,50000.0,-400.0,12,0.8494800978775967
8519,-10000.0,-400.0,1,0.8494763504864759
8520,-10000.0,-400.0,3,0.8494651084255342
8521,50000.0,200.0,30,0.8493526970903313
8522,-10000.0,200.0,4,0.849337710186259
8523,-10000.0,200.0,2,0.849330216846624
8524,-10000.0,200.0,2,0.8493227235819218
8525,-10000.0,-400.0,17,0.8492590338572691
8526,-10000.0,-400.0,1,0.8492552875714655
8527,-10000,-1000.0,1,0.8492515413043933
8528,-10000.0,-1000.0,5,0.8492328102499997
8529,-10000.0,-1000.0,2,0.8492253179593588
8530,-10000.0,-1600.0,2,0.8492178257436404
8531,50000.0,-1000.0,6,0.8491953495460128
8532,-10000.0,-1600.0,1,0.8491916035786299
8533,-10000.0,-2200.0,1,0.849187857629977
8534,-10000.0,-2200.0,13,0.849139162001856
8535,-10000.0,-2200.0,2,0.8491316706476928
8536,-10000.0,-2200.0,1,0.8491279249987037
8537,50000.0,-1600.0,6,0.849105451498058
8538,-10000.0,-1600.0,2,0.8490979604809982
8539,-10000.0,-1600.0,1,0.8490942150005595
8540,-10000.0,-1600.0,3,0.8490829786716071
8541,-10000.0,-1600.0,2,0.8490754878792744
8542,-10000.0,-2200.0,6,0.8490530159517187
8543,-10000.0,-2200.0,1,0.849049270696002
8544,50000.0,-1600.0,8,0.8490193093244056
8545,-10000.0,-1600.0,3,0.84900807411903
8546,-10000.0,-1600.0,5,0.8489893491512401
8547,-10000.0,-1600.0,4,0.8489743695140539
8548,50000.0,-1000.0,9,0.848940666425751
8549,-10000.0,-1000.0,8,0.8489107093982385
8550,-10000.0,-1000.0,2,0.8489032203285899
8551,50000.0,-400.0,5,0.8488844979821121
8552,-10000.0,-400.0,2,0.8488770091745763
8553,-10000.0,-400.0,4,0.8488620317841672
8554,-10000.0,-400.0,2,0.8488545432012924
8555,-10000.0,-400.0,5,0.8488358220717274
8556,-10000.0,-400.0,13,0.8487871493251742
8557,-10000.0,-400.0,2,0.84877966149112
8558,-10000.0,-400.0,6,0.8487571984382228
8559,-10000.0,-400.0,1,0.8487534546615901
8560,-10000.0,-400.0,1,0.8487497109036762
8561,-10000.0,-1000.0,2,0.8487422234440046
8562,-10000.0,-1000.0,5,0.8487235051223985
8563,-10000.0,-1000.0,5,0.8487047872687445
8564,-10000.0,-1600.0,1,0.848701043754167
8565,50000.0,-1000.0,4,0.8486860698830311
8566,-10000.0,-1000.0,1,0.8486823264620403
8567,-10000.0,-1000.0,3,0.8486710963113697
8568,-10000.0,-1000.0,3,0.84865986632915
8569,-10000.0,-1000.0,4,0.8486448932815545
8570,-10000.0,-1000.0,4,0.8486299205334168
8571,-10000.0,-1000.0,4,0.8486149480847311
8572,-10000.0,-1000.0,2,0.8486074619726809
8573,-10000.0,-1600.0,10,0.848570032535326
8574,-10000.0,-1600.0,3,0.8485588040690517
8575,-10000.0,-1600.0,1,0.8485550612843883
8576,-10000.0,-1600.0,2,0.8485475757712031
8577,-10000.0,-1600.0,3,0.8485363476417777
8578,-10000.0,-1600.0,8,0.8485064067866932
8579,-10000.0,-1600.0,4,0.8484914368082577
8580,-10000.0,-1600.0,1,0.8484876943604298
8581,-10000.0,-1600.0,1,0.8484839519313141
8582,-10000.0,-1600.0,11,0.848442786446019
8583,50000.0,-1000.0,12,0.8483978812260023
8584,-10000.0,-1000.0,2,0.8483903972846099
8585,-10000.0,-1000.0,3,0.8483791715128441
8586,-10000.0,-1000.0,4,0.8483642040790886
8587,-10000.0,-1600.0,1,0.8483604622674228
8588,50000.0,-1000.0,22,0.8482781471439881
8589,-10000.0,-1000.0,9,0.848244475384987
8590,-10000.0,-1000.0,6,0.8482220283874321
8591,-10000.0,-1600.0,3,0.8482108051411809
8592,50000.0,-1000.0,6,0.8481883591537182
8593,-10000.0,-1000.0,4,0.8481733955361717
8594,-10000.0,-1000.0,6,0.8481509506709802
8595,-10000.0,-1000.0,1,0.8481472099255788
8596,-10000.0,-1600.0,2,0.8481397284908867
8597,-10000.0,-1600.0,2,0.8481322471310087
8598,-10000.0,-1600.0,7,0.8481060629605848
8599,-10000.0,-2200.0,12,0.8480611779433711
8600,-10000.0,-2200.0,3,0.8480499571098584
8601,-10000.0,-2200.0,2,0.8480424766476897
8602,50000.0,-1600.0,4,0.8480275159477642
8603,-10000.0,-2200.0,6,0.8480050754588948
8604,50000.0,-2200.0,4,0.8479901155069857
8605,-10000.0,-2200.0,2,0.84798263564323
8606,-10000.0,-2200.0,2,0.8479751558542725
8607,-10000.0,-2200.0,4,0.8479601965007495
8608,-10000.0,-2200.0,5,0.8479414977295726
8609,-10000.0,-2200.0,7,0.8479153202352608
8610,-10000.0,-2200.0,6,0.8478928831122123
8611,-10000.0,-2200.0,3,0.8478816648031032
8612,-10000.0,-2200.0,8,0.8478517501348084
8613,-10000.0,-2200.0,1,0.8478480108854058
8614,-10000.0,-2200.0,6,0.8478255757816076
8615,-10000.0,-2200.0,4,0.8478106194196561
8616,-10000.0,-2200.0,9,0.847776968698929
8617,-10000.0,-2200.0,4,0.8477620133091095
8618,-10000.0,-2800.0,4,0.8477470582183947
8619,-10000.0,-2800.0,2,0.8477395807851997
8620,-10000.0,-2800.0,2,0.8477321034267788
8621,50000.0,-2800.0,6,0.847709671800152
8622,-10000.0,-2800.0,2,0.8477021947408193
8623,50000.0,-2200.0,9,0.8476685488990933
8624,-10000.0,-2200.0,3,0.8476573339549719
8625,-10000.0,-2200.0,3,0.8476461191790737
8626,50000.0,-1600.0,5,0.8476274282597317
8627,-10000.0,-1600.0,1,0.8476236901319356
8628,-10000.0,-1600.0,5,0.8476049997733128
8629,-10000.0,-1600.0,1,0.847601261757659
8630,-10000.0,-1600.0,8,0.8475713583052618
8631,-10000.0,-2200.0,5,0.8475526692549182
8632,50000.0,-1600.0,2,0.8475451937656032
8633,-10000.0,-1600.0,2,0.8475377183510426
8634,-10000.0,-1600.0,1,0.8475339806717951
8635,-10000.0,-1600.0,1,0.8475302430112359
8636,-10000.0,-1600.0,5,0.8475115549887619
8637,-10000.0,-2200.0,3,0.8475003423995316
8638,-10000.0,-2200.0,2,0.8474928674334826
8639,-10000.0,-2200.0,4,0.8474779177256315
8640,-10000.0,-2200.0,3,0.8474667056409565
8641,50000.0,-1600.0,3,0.8474554937244615
8642,-10000.0,-1600.0,4,0.847440544764077
8643,-10000.0,-1600.0,6,0.8474181218840791
8644,-10000.0,-2200.0,4,0.8474031736711238
8645,-10000.0,-2200.0,1,0.8473994366645982
8646,-10000.0,-2200.0,1,0.8473956996767573
8647,-10000.0,-2200.0,4,0.8473807519122418
8648,50000.0,-2200.0,8,0.847350857280062
8649,-10000.0,-2200.0,5,0.8473321737421752
8650,-10000.0,-2200.0,3,0.8473209638436435
8651,-10000.0,-2800.0,2,0.8473134906713711
8652,-10000.0,-2800.0,3,0.8473022810530833
8653,-10000.0,-2800.0,6,0.8472798623209343
8654,-10000,-2800.0,1,0.8472761259309637
8655,-10000.0,-2800.0,1,0.8472723895596751
8656,50000.0,-2200.0,6,0.8472499717242574
8657,-10000.0,-2200.0,5,0.8472312907084779
8658,-10000.0,-2200.0,1,0.8472275545613649
8659,-10000.0,-2200.0,1,0.8472238184329324
8660,50000.0,-1600.0,8,0.8471939300779661
8661,50000.0,-1000.0,2,0.8471864581760249
8662,-10000.0,-1000.0,3,0.8471752504632103
8663,50000.0,-400.0,8,0.847145364050924
8664,-10000.0,-400.0,9,0.847111743266015
8665,50000.0,-400.0,6,0.8470893302499141
8666,-10000.0,-400.0,4,0.8470743886127259
8667,-10000.0,-400.0,4,0.8470594472743674
8668,-10000.0,-400.0,1,0.8470557119864695
8669,-10000.0,-400.0,3,0.8470445062348329
8670,-10000.0,-400.0,5,0.8470258303556265
8671,-10000.0,-400.0,3,0.8470146250522111
8672,-10000.0,-400.0,6,0.8469922149496129
8673,-10000.0,-400.0,1,0.8469884799978754
8674,-10000.0,-400.0,2,0.8469810101504248
8675,-10000.0,-400.0,4,0.846966070679617
8676,50000.0,200.0,11,0.846924988675495
8677,-10000.0,200.0,3,0.8469137848846936
8678,-10000.0,200.0,5,0.8468951122734801
8679,50000.0,800.0,5,0.846876440129076
8680,-10000.0,800.0,5,0.8468577684514698
8681,-10000.0,800.0,5,0.8468390972406495
8682,-10000.0,800.0,3,0.84682789473821
8683,-10000.0,200.0,7,0.8468017562193209
8684,50000.0,800.0,7,0.8467756186152638
8685,-10000.0,800.0,1,0.8467718847465056
8686,50000.0,1400.0,10,0.8467345470857175
8687,-10000.0,1400.0,2,0.8467270797775832
8688,-10000.0,800.0,1,0.8467233461515183
8689,-10000.0,800.0,10,0.8466860109175994
8690,-10000.0,800.0,3,0.8466748107114374
8691,-10000.0,800.0,5,0.8466561440745036
8692,-10000.0,200.0,5,0.8466374779042298
8693,-10000.0,200.0,7,0.8466113460498134
8694,-10000,200.0,1,0.8466076130024157
8695,50000.0,800.0,8,0.8465777492951737
8696,-10000.0,800.0,1,0.8465740164157595
8697,-10000.0,800.0,6,0.8465516195312219
8698,-10000.0,800.0,12,0.8465068277778162
8699,-10000.0,800.0,6,0.8464844329089075
8700,-10000.0,800.0,2,0.8464769681019024
8701,-10000.0,800.0,14,0.8464247165429613
8702,-10000.0,200.0,3,0.8464135202561854
8703,-10000.0,200.0,2,0.8464060561583034
8704,-10000.0,-400.0,5,0.8463873962401495
8705,50000.0,200.0,8,0.8463575413414017
8706,-10000.0,200.0,3,0.8463463460622465
8707,-10000.0,200.0,1,0.8463426143398455
8708,50000.0,800.0,3,0.8463314192845935
8709,50000.0,1400.0,9,0.8462978351263749
8710,-10000.0,1400.0,1,0.846294103646528
8711,-10000.0,1400.0,7,0.8462679838100001
8712,-10000.0,1400.0,5,0.8462493273436118
8713,-10000.0,1400.0,8,0.8462194779675095
8714,-10000.0,1400.0,11,0.8461784370248575
8715,-10000.0,1400.0,1,0.8461747061419996
8716,-10000.0,1400.0,4,0.8461597827971107
8717,-10000.0,1400.0,6,0.8461373983393954
8718,-10000.0,1400.0,5,0.8461187451376029
8719,-10000.0,1400.0,3,0.8461075534403637
8720,50000.0,2000.0,11,0.8460665186533914
8721,50000.0,2000.0,13,0.8460180259057104
8722,-10000.0,2000.0,5,0.8459993756881915
8723,50000.0,2000.0,6,0.8459769960426171
8724,-10000.0,2000.0,12,0.8459322387655863
8725,-10000,2000.0,1,0.8459285091137168
8726,50000.0,2000.0,7,0.8459024020727736
8727,-10000.0,2000.0,5,0.8458837547458142
8728,-10000.0,2000.0,5,0.8458651078850324
8729,-10000.0,2000.0,2,0.8458576492712466
8730,-10000.0,2000.0,7,0.8458315447103546
8731,-10000.0,2000.0,4,0.8458166282286257
8732,-10000.0,1400.0,5,0.8457979830459857
8733,-10000.0,1400.0,2,0.8457905251034451
8734,-10000.0,1400.0,7,0.8457644228918579
8735,50000.0,2000.0,2,0.845756965284917
8736,-10000.0,2000.0,3,0.845745779014335
8737,-10000.0,2000.0,14,0.8456935786368386
8738,50000.0,2600.0,6,0.8456712081650382
8739,-10000.0,2600.0,4,0.8456562948900082
8740,50000.0,3200.0,7,0.8456301973763961
8741,50000.0,3200.0,6,0.845607828806005
8742,-10000.0,3200.0,1,0.8456041007761811
8743,-10000.0,3200.0,4,0.8455891888432854
8744,-10000.0,3200.0,1,0.845585460906661
8745,-10000.0,3200.0,1,0.8455817329886763
8746,-10000.0,3200.0,4,0.8455668215031319
8747,-10000.0,3200.0,1,0.8455630936783439
8748,-10000.0,2600.0,4,0.845548182565582
8749,-10000.0,2600.0,1,0.8455444548339884
8750,-10000.0,2600.0,1,0.8455407271210337
8751,-10000.0,2600.0,1,0.8455369994267172
8752,-10000.0,2600.0,5,0.84551836123471
8753,-10000.0,2600.0,1,0.8455146336522228
8754,-10000.0,2600.0,1,0.8455109060883734
8755,-10000.0,2600.0,6,0.8454885410966673
8756,-10000.0,2000.0,3,0.8454773588524179
8757,-10000.0,2000.0,2,0.8454699041161032
8758,-10000.0,2000.0,6,0.8454475403544378
8759,-10000.0,2000.0,6,0.8454251772636752
8760,-10000,1400.0,1,0.8454214501471067
8761,-10000.0,800.0,4,0.845406541867187
8762,-10000.0,800.0,5,0.845387906936578
8763,-10000.0,200.0,1,0.8453841800063606
8764,50000.0,800.0,6,0.84536181881638
8765,-10000.0,200.0,5,0.8453431850038331
8766,-10000.0,200.0,2,0.8453357316092501
8767,-10000.0,200.0,2,0.8453282782892007
8768,-10000.0,200.0,4,0.8453133718726995
8769,-10000.0,200.0,7,0.8452872863611832
8770,-10000.0,200.0,4,0.8452723807645124
8771,-10000.0,200.0,2,0.8452649280779683
8772,50000.0,800.0,7,0.845238844261955
8773,50000.0,1400.0,8,0.8452090353043676
8774,-10000.0,1400.0,3,0.8451978572526737
8775,-10000.0,1400.0,13,0.8451494209661485
8776,-10000.0,800.0,4,0.8451345181267581
8777,-10000.0,800.0,8,0.8451047133421327
8778,-10000.0,800.0,4,0.8450898113968858
8779,-10000.0,200.0,9,0.8450562831097651
8780,-10000.0,200.0,2,0.8450488325841866
8781,-10000.0,200.0,10,0.8450115810738531
8782,50000.0,800.0,13,0.8449631568948861
8783,-10000.0,800.0,5,0.8449445330487627
8784,-10000.0,200.0,3,0.8449333589645729
8785,-10000.0,200.0,3,0.844922185047993
8786,-10000.0,-400.0,4,0.8449072867532754
8787,50000.0,200.0,5,0.8448886643038882
8788,-10000.0,200.0,4,0.8448737666795788
8789,-10000.0,200.0,1,0.8448700423200564
8790,50000.0,800.0,5,0.8448514208017683
8791,-10000.0,800.0,3,0.8448402481142516
8792,50000.0,1400.0,9,0.8448067310572259
8793,-10000.0,1400.0,9,0.8447732155084339
8794,-10000.0,1400.0,3,0.8447620439939878
8795,-10000.0,800.0,1,0.8447583201930774
8796,-10000.0,800.0,3,0.8447471489020594
8797,-10000.0,800.0,1,0.8447434251756242
8798,-10000,800.0,1,0.8447397014678075
8799,-10000.0,800.0,2,0.8447322541080298
8800,50000.0,1400.0,4,0.8447173596118931
8801,-10000.0,1400.0,3,0.8447061889352792
8802,-10000.0,1400.0,14,0.8446540613265413
8803,-10000.0,1400.0,2,0.8446466148231606
8804,-10000.0,1400.0,4,0.8446317220397925
8805,-10000.0,800.0,2,0.8446242757598036
8806,-10000.0,800.0,11,0.8445833225508603
8807,50000.0,1400.0,8,0.844553539813617
8808,-10000.0,800.0,4,0.8445386488917305
8809,-10000.0,200.0,2,0.8445312035424684
8810,-10000.0,200.0,5,0.8445125904950438
8811,-10000.0,200.0,6,0.8444902554523562
8812,-10000.0,200.0,2,0.8444828105870261
8813,-10000.0,200.0,3,0.8444716434286212
8814,50000.0,800.0,2,0.8444641987494105
8815,-10000.0,800.0,8,0.8444344207770239
8816,50000.0,1400.0,6,0.8444120880793927
8817,-10000.0,1400.0,2,0.8444046439957323
8818,-10000.0,1400.0,2,0.8443971999865125
8819,-10000.0,1400.0,2,0.8443897560517324
8820,-10000.0,800.0,14,0.8443376505925212
8821,50000.0,800.0,21,0.8442594992422267
8822,-10000.0,800.0,2,0.844252056684447
8823,50000.0,800.0,8,0.8442222871975734
8824,50000.0,1400.0,8,0.8441925189014553
8825,-10000,1400.0,1,0.8441887979481633
8826,-10000.0,800.0,1,0.8441850770134758
8827,-10000.0,800.0,1,0.8441813560973931
8828,-10000.0,800.0,8,0.8441515894384863
8829,-10000.0,800.0,2,0.8441441479597994
8830,-10000.0,800.0,1,0.8441404272483614
8831,-10000.0,800.0,1,0.8441367065555269
8832,-10000.0,800.0,1,0.8441329858812957
8833,-10000.0,800.0,4,0.8441181033704038
8834,-10000.0,800.0,4,0.8441032211571591
8835,-10000,200.0,1,0.8440995006503546
8836,50000.0,800.0,17,0.8440362548807825
8837,-10000.0,800.0,3,0.844025094420663
8838,-10000.0,200.0,5,0.8440064940258083
8839,-10000.0,200.0,5,0.8439878940959578
8840,-10000.0,-400.0,2,0.8439804542542161
8841,-10000.0,-1000.0,4,0.8439655747939261
8842,-10000.0,-1000.0,2,0.8439581351753763
8843,-10000.0,-1000.0,4,0.8439432561614635
8844,-10000.0,-1000.0,1,0.8439395364544819
8845,-10000.0,-1000.0,4,0.8439246578125398
8846,-10000.0,-1000.0,2,0.8439172186031577
8847,-10000.0,-1000.0,5,0.8438986209051648
8848,-10000.0,-1000.0,1,0.843894901421359
8849,-10000.0,-1000.0,1,0.8438911819561506
8850,-10000.0,-1000.0,2,0.8438837430815255
8851,-10000.0,-1000.0,3,0.8438725849090657
8852,-10000.0,-1000.0,3,0.8438614269039774
8853,50000.0,-400.0,4,0.8438465498242106
8854,-10000.0,-400.0,2,0.8438391113959045
8855,-10000.0,-400.0,4,0.8438242347624434
8856,-10000.0,-400.0,6,0.8438019203701181
8857,-10000.0,-400.0,3,0.8437907634249898
8858,50000.0,200.0,7,0.8437647312038365
8859,-10000.0,200.0,11,0.8437238252685438
8860,-10000.0,200.0,5,0.8437052324053239
8861,-10000.0,200.0,2,0.843697795390185
8862,-10000.0,200.0,4,0.8436829215830157
8863,-10000.0,200.0,14,0.8436308656004855
8864,-10000.0,-400.0,2,0.8436234293290109
8865,-10000.0,-400.0,9,0.8435899670275986
8866,-10000.0,-400.0,4,0.8435750953769751
8867,-10000.0,-400.0,5,0.8435565062319559
8868,-10000.0,-400.0,1,0.8435527884587192
8869,-10000.0,-400.0,16,0.843493306614948
8870,-10000.0,-400.0,4,0.8434784368975133
8871,-10000.0,-400.0,1,0.8434747195146223
8872,-10000.0,-1000.0,1,0.8434710021503181
8873,-10000.0,-1600.0,2,0.8434635674774701
8874,-10000.0,-1600.0,2,0.8434561328789684
8875,-10000.0,-1600.0,2,0.8434486983548123
8876,50000.0,-1000.0,7,0.8434226781057269
8877,-10000.0,-1000.0,1,0.8434189610016292
8878,50000.0,-400.0,17,0.8433557730754689
8879,50000.0,200.0,6,0.8433334727367834
8880,-10000.0,200.0,2,0.8433260394392226
8881,50000.0,800.0,5,0.8433074565205241
8882,-10000.0,200.0,1,0.8433037399925327
8883,-10000.0,200.0,3,0.8432925905200541
8884,-10000.0,200.0,4,0.8432777248169012
8885,50000.0,800.0,6,0.8432554268196284
8886,50000.0,1400.0,4,0.843240561859742
8887,-10000.0,800.0,1,0.8432368456662233
8888,-10000.0,800.0,11,0.8431959687638367
8889,-10000.0,800.0,3,0.8431848209079144
8890,-10000.0,200.0,2,0.8431773890968645
8891,-10000.0,200.0,3,0.843166241519635
8892,-10000,-400.0,1,0.843162525697717
8893,-10000.0,-400.0,4,0.8431476625958345
8894,-10000.0,-400.0,3,0.8431365154644993
8895,-10000.0,-400.0,4,0.8431216528828164
8896,-10000.0,-400.0,1,0.843117937283841
8897,-10000.0,-400.0,1,0.8431142217034435
8898,-10000.0,-400.0,8,0.8430844977290588
8899,50000.0,200.0,8,0.8430547749436093
8900,-10000.0,-400.0,5,0.8430361988064384
8901,50000.0,200.0,8,0.8430064779529072
8902,-10000.0,200.0,5,0.8429879030231459
8903,-10000.0,200.0,2,0.842980473181265
8904,-10000.0,200.0,2,0.842973043413682
8905,-10000.0,200.0,4,0.8429581841014073
8906,-10000.0,200.0,3,0.8429470398122282
8907,-10000.0,-400.0,1,0.842943325086316
8908,-10000.0,-400.0,1,0.8429396103789772
8909,-10000.0,-400.0,7,0.8429136079476592
8910,-10000.0,-400.0,6,0.8428913208737286
8911,50000.0,200.0,6,0.8428690344684002
8912,50000.0,800.0,9,0.8428356061139928
8913,-10000.0,800.0,10,0.842798465262216
8914,-10000.0,200.0,3,0.8427873233688016
8915,-10000.0,200.0,4,0.8427724677708907
8916,-10000.0,-400.0,1,0.8427687539178363
8917,50000.0,200.0,9,0.8427353300759521
8918,-10000.0,200.0,9,0.842701907738107
8919,-10000.0,200.0,3,0.8426907672930445
8920,-10000.0,200.0,1,0.8426870538484916
8921,-10000.0,-400.0,5,0.8426684869042332
8922,-10000.0,-400.0,4,0.8426536336830278
8923,-10000.0,-1000.0,3,0.8426424939620707
8924,-10000.0,-1600.0,1,0.8426387807588839
8925,50000.0,-1000.0,6,0.8426165019296452
8926,-10000.0,-1000.0,1,0.8426127888564183
8927,-10000.0,-1000.0,2,0.8426053627656602
8928,-10000.0,-1000.0,2,0.8425979367491627
8929,-10000.0,-1000.0,1,0.8425942237687614
8930,-10000.0,-1000.0,3,0.8425830849389464
8931,-10000.0,-1000.0,5,0.8425645205938782
8932,-10000.0,-1000.0,1,0.8425608077805572
8933,-10000.0,-1000.0,11,0.8425199680592319
8934,-10000.0,-1000.0,13,0.8424717058298475
8935,-10000.0,-1000.0,16,0.8424123104692272
8936,-10000.0,-1600.0,2,0.8424048863832431
8937,50000.0,-1000.0,8,0.8423751907817036
8938,-10000.0,-1000.0,2,0.8423677670669145
8939,-10000.0,-1000.0,10,0.8423306496065054
8940,-10000.0,-1000.0,5,0.8423120915722416
8941,-10000.0,-1000.0,4,0.8422972454788716
8942,-10000.0,-1000.0,3,0.8422861111036974
8943,-10000.0,-1000.0,5,0.8422675541828823
8944,-10000,-1000.0,1,0.8422638428543898
8945,50000.0,-400.0,7,0.8422378640745212
8946,-10000.0,-400.0,6,0.8422155972726025
8947,-10000.0,-400.0,2,0.8422081751537406
8948,-10000.0,-400.0,1,0.8422044641221423
8949,-10000.0,-400.0,6,0.8421821983222073
8950,-10000.0,-400.0,5,0.8421636439991793
8951,-10000.0,-400.0,8,0.8421339580471424
8952,-10000.0,-400.0,2,0.8421265367446684
8953,-10000.0,-1000.0,2,0.8421191155164072
8954,-10000.0,-1000.0,1,0.8421154049301061
8955,-10000.0,-1000.0,3,0.8421042732825197
8956,-10000.0,-1000.0,4,0.8420894313454739
8957,-10000.0,-1000.0,3,0.8420783000874883
8958,-10000.0,-1600.0,5,0.8420597483618837
8959,-10000.0,-1600.0,3,0.8420486175491396
8960,-10000.0,-1600.0,11,0.8420078059975024
8961,-10000.0,-1600.0,9,0.841974416397504
8962,50000.0,-1000.0,13,0.8419261896278253
8963,-10000.0,-1000.0,1,0.8419224800061512
8964,-10000.0,-1000.0,4,0.8419076417049346
8965,-10000.0,-1000.0,2,0.8419002226656128
8966,-10000.0,-1000.0,2,0.841892803700481
8967,-10000.0,-1000.0,1,0.8418890942457362
8968,-10000.0,-1000.0,2,0.841881675391888
8969,-10000.0,-1000.0,3,0.8418705472502185
8970,-10000.0,-1000.0,2,0.8418631285818393
8971,-10000.0,-1000.0,1,0.8418594192754697
8972,-10000.0,-1000.0,5,0.841840873021817
8973,-10000.0,-1000.0,4,0.8418260363527237
8974,-10000.0,-1000.0,1,0.8418223272318147
8975,-10000.0,-1000.0,3,0.8418111999803608
8976,-10000.0,-1600.0,3,0.8418000728958146
8977,-10000.0,-1600.0,8,0.8417704014863309
8978,-10000.0,-2200.0,2,0.8417629838194044
8979,50000.0,-2200.0,13,0.8417147707923964
8980,-10000.0,-2200.0,2,0.8417073536817741
8981,-10000.0,-2800.0,1,0.841703645154277
8982,50000.0,-2200.0,3,0.8416925196830409
8983,-10000.0,-2200.0,13,0.8416443112360531
8984,-10000.0,-2200.0,17,0.8415812741487122
8985,-10000.0,-2800.0,2,0.8415738583730497
8986,-10000.0,-3400.0,1,0.8415701505130274
8987,-10000.0,-3400.0,3,0.8415590270441959
8988,-10000.0,-3400.0,1,0.8415553192583303
8989,50000.0,-2800.0,9,0.841521950019777
8990,-10000.0,-2800.0,1,0.841518242419296
8991,-10000.0,-2800.0,2,0.8415108272739477
8992,-10000.0,-2800.0,1,0.8415071197290801
8993,-10000.0,-2800.0,5,0.8414885822828059
8994,-10000.0,-2800.0,2,0.8414811674340574
8995,-10000.0,-2800.0,3,0.841470045299962
8996,-10000.0,-2800.0,3,0.8414589233326976
8997,-10000.0,-2800.0,21,0.8413810742328969
8998,-10000.0,-2800.0,4,0.8413662467596874
8999,-10000.0,-3400.0,13,0.8413180595197504
9000,-10000.0,-3400.0,4,0.8413032333068226
9001,50000.0,-3400.0,3,0.8412921138417192
9002,-10000.0,-3400.0,17,0.8412291066898845
9003,50000.0,-2800.0,7,0.841203164125148
9004,-10000.0,-2800.0,2,0.8411957521305666
9005,-10000.0,-2800.0,10,0.8411586932694394
9006,-10000,-2800.0,1,0.8411549874852375
9007,-10000.0,-2800.0,7,0.8411290475146276
9008,-10000.0,-2800.0,6,0.841106813976707
9009,-10000.0,-2800.0,3,0.8410956974578714
9010,-10000.0,-2800.0,2,0.8410882865379514
9011,-10000.0,-3400.0,2,0.8410808756921403
9012,-10000.0,-4000.0,2,0.8410734649204373
9013,-10000.0,-4000.0,6,0.8410512330499694
9014,-10000.0,-4000.0,3,0.8410401173648416
9015,50000.0,-3400.0,8,0.8410104763529711
9016,-10000.0,-3400.0,9,0.8409771316317971
9017,-10000.0,-4000.0,6,0.8409549026512846
9018,-10000.0,-4000.0,2,0.8409474931393056
9019,-10000.0,-4000.0,1,0.8409437884111018
9020,-10000.0,-4000.0,1,0.8409400837014215
9021,-10000.0,-4000.0,1,0.8409363790102647
9022,-10000.0,-4000.0,1,0.8409326743376314
9023,-10000.0,-4000.0,1,0.8409289696835214
9024,-10000.0,-4000.0,4,0.8409141512523125
9025,50000.0,-4000.0,8,0.8408845152789859
9026,-10000.0,-4000.0,2,0.8408771064708771
9027,-10000.0,-4000.0,4,0.8408622890769221
9028,-10000.0,-4000.0,1,0.8408585847747375
9029,-10000.0,-4000.0,6,0.8408363593505773
9030,-10000.0,-4000.0,1,0.8408326551780411
9031,-10000.0,-4000.0,1,0.8408289510240256
9032,-10000.0,-4000.0,3,0.840817838673103
9033,-10000.0,-4000.0,2,0.840810430531757
9034,50000.0,-3400.0,14,0.8407585756165631
9035,-10000.0,-3400.0,2,0.8407511680678447
9036,-10000.0,-3400.0,5,0.8407326495201257
9037,50000.0,-3400.0,5,0.8407141314353648
9038,-10000.0,-3400.0,1,0.8407104278739664
9039,-10000.0,-3400.0,2,0.8407030208067232
9040,-10000.0,-3400.0,16,0.8406437669352451
9041,-10000.0,-3400.0,2,0.8406363605346078
9042,-10000.0,-3400.0,11,0.8405956266549703
9043,-10000.0,-3400.0,10,0.8405585977993667
9044,50000.0,-2800.0,8,0.8405289760478938
9045,-10000.0,-3400.0,2,0.8405215707951597
9046,-10000.0,-3400.0,5,0.8405030579873007
9047,-10000.0,-3400.0,1,0.8404993554812671
9048,-10000.0,-3400.0,3,0.8404882480742406
9049,50000.0,-2800.0,4,0.8404734384573758
9050,-10000.0,-2800.0,7,0.8404475223405645
9051,-10000.0,-2800.0,3,0.8404364157110293
9052,-10000.0,-2800.0,6,0.8404142029517511
9053,-10000.0,-2800.0,2,0.8404067988467421
9054,-10000.0,-2800.0,2,0.8403993948157739
9055,-10000.0,-2800.0,2,0.8403919908588456
9056,-10000.0,-2800.0,1,0.8403882889081461
9057,-10000.0,-2800.0,1,0.8403845869759564
9058,-10000.0,-2800.0,5,0.8403660775926503
9059,-10000.0,-2800.0,5,0.8403475686720729
9060,-10000.0,-2800.0,5,0.8403290602142128
9061,50000.0,-2200.0,5,0.8403105522190584
9062,-10000.0,-2800.0,3,0.8402994476440596
9063,-10000.0,-2800.0,8,0.8402698362583856
9064,-10000.0,-2800.0,3,0.8402587322941216
9065,-10000.0,-2800.0,3,0.8402476284964159
9066,-10000.0,-2800.0,1,0.8402439272675264
9067,-10000.0,-2800.0,2,0.8402365248652659
9068,-10000.0,-2800.0,5,0.8402180191834662
9069,50000.0,-2200.0,3,0.8402069159964526
9070,-10000.0,-2200.0,3,0.8401958129759854
9071,-10000.0,-2200.0,9,0.8401625049138386
9072,-10000.0,-2200.0,3,0.8401514025595328
9073,-10000.0,-2200.0,1,0.8401477018117718
9074,50000.0,-1600.0,8,0.8401180964958096
9075,-10000.0,-1600.0,4,0.8401032942819023
9076,-10000.0,-1600.0,4,0.8400884923640364
9077,-10000.0,-1600.0,3,0.8400773911199104
9078,-10000.0,-1600.0,4,0.8400625897201025
9079,-10000.0,-2200.0,2,0.8400551891312084
9080,-10000.0,-2200.0,3,0.8400440883866271
9081,-10000.0,-2200.0,1,0.8400403881754358
9082,-10000.0,-2800.0,4,0.8400255875156794
9083,-10000.0,-2800.0,1,0.8400218873969921
9084,50000.0,-2200.0,17,0.8399589882098166
9085,-10000.0,-2200.0,3,0.8399478889082386
9086,50000.0,-1600.0,4,0.839933090098449
9087,-10000.0,-1600.0,1,0.8399293904422476
9088,-10000.0,-1600.0,3,0.8399182915846326
9089,-10000.0,-2200.0,9,0.8398849960106674
9090,-10000.0,-2200.0,1,0.8398812965949358
9091,-10000.0,-2200.0,5,0.8398627997937319
9092,-10000.0,-2200.0,3,0.8398517019349692
9093,50000.0,-1600.0,5,0.8398332058736225
9094,-10000.0,-1600.0,5,0.8398147102746716
9095,-10000.0,-1600.0,3,0.8398036131372463
9096,-10000.0,-1600.0,1,0.8397999141284281
9097,50000.0,-1000.0,10,0.8397629250574561
9098,-10000.0,-1000.0,3,0.8397518286968032
9099,-10000.0,-1000.0,4,0.8397370338081785
9100,-10000.0,-1000.0,11,0.8396963493901509
9101,-10000.0,-1600.0,3,0.8396852540281255
9102,-10000.0,-1600.0,2,0.8396778572125694
9103,-10000,-2200.0,1,0.8396741588325293
9104,-10000.0,-2200.0,1,0.8396704604709809
9105,-10000.0,-2200.0,2,0.8396630638033596
9106,50000.0,-1600.0,5,0.8396445724579074
9107,-10000.0,-1600.0,2,0.8396371760491649
9108,-10000.0,-1600.0,2,0.8396297797143862
9109,50000.0,-1000.0,4,0.8396149872667168
9110,50000.0,-400.0,6,0.8395927991499222
9111,-10000.0,-400.0,6,0.8395706116987612
9112,50000.0,200.0,8,0.8395410294659419
9113,-10000.0,200.0,2,0.8395336340926242
9114,-10000.0,200.0,1,0.8395299364336978
9115,-10000.0,-400.0,12,0.839485565968639
9116,-10000.0,-400.0,2,0.8394781711499535
9117,-10000.0,-400.0,5,0.8394596844267598
9118,-10000.0,-400.0,4,0.8394448953809622
9119,-10000.0,-400.0,3,0.8394338037907186
9120,-10000.0,-400.0,1,0.8394301066309425
9121,-10000.0,-400.0,3,0.8394190152625286
9122,50000.0,200.0,6,0.8393968330248059
9123,50000.0,800.0,12,0.8393524705457122
9124,50000.0,1400.0,19,0.8392822353972327
9125,-10000.0,800.0,6,0.8392600572628444
9126,-10000.0,800.0,1,0.8392563609717988
9127,-10000.0,800.0,2,0.8392489684451518
9128,-10000.0,800.0,3,0.8392378797937902
9129,-10000.0,800.0,8,0.8392083108699809
9130,-10000.0,800.0,2,0.8392009188238324
9131,-10000.0,800.0,3,0.8391898308932098
9132,-10000.0,800.0,3,0.8391787431289048
9133,-10000.0,800.0,6,0.8391565680992381
9134,-10000.0,200.0,5,0.8391380894160201
9135,-10000.0,200.0,3,0.8391270024278314
9136,-10000.0,200.0,1,0.8391233068020584
9137,-10000.0,-400.0,1,0.8391196111947634
9138,-10000.0,-400.0,1,0.8391159156059464
9139,-10000.0,-400.0,4,0.8391011334354566
9140,-10000.0,-400.0,1,0.8390974379390281
9141,50000.0,200.0,5,0.8390789607340456
9142,-10000.0,200.0,1,0.8390752653484804
9143,-10000.0,200.0,1,0.8390715699813922
9144,-10000.0,-400.0,6,0.8390493981668716
9145,-10000.0,-400.0,7,0.8390235318905982
9146,-10000,-400.0,1,0.8390198367821765
9147,-10000.0,-400.0,2,0.8390124466207596
9148,-10000.0,-400.0,4,0.8389976665196287
9149,-10000.0,-1000.0,14,0.8389459384934743
9150,-10000.0,-1000.0,5,0.8389274650759307
9151,-10000.0,-1000.0,1,0.8389237704478418
9152,-10000.0,-1000.0,4,0.8389089921202166
9153,-10000.0,-1000.0,3,0.8388979085684617
9154,-10000.0,-1000.0,1,0.8388942140881551
9155,-10000.0,-1000.0,1,0.8388905196263208
9156,-10000.0,-1000.0,1,0.8388868251829589
9157,-10000.0,-1000.0,3,0.8388757419637054
9158,-10000.0,-1000.0,1,0.8388720475942315
9159,-10000,-1000.0,1,0.8388683532432294
9160,-10000.0,-1000.0,3,0.8388572703010531
9161,-10000.0,-1600.0,2,0.8388498817652928
9162,-10000.0,-1600.0,1,0.8388461875251195
9163,-10000,-1600.0,1,0.8388424933034175
9164,50000.0,-1000.0,12,0.8387981640837092
9165,-10000.0,-1000.0,1,0.8387944701021237
9166,-10000.0,-1000.0,5,0.8387760004712425
9167,-10000.0,-1000.0,1,0.8387723066004749
9168,-10000.0,-1000.0,2,0.8387649189143473
9169,-10000.0,-1600.0,2,0.8387575313020963
9170,-10000.0,-1600.0,8,0.8387279815918425
9171,-10000.0,-1600.0,2,0.8387205943489627
9172,-10000.0,-1600.0,1,0.838716900755225
9173,-10000.0,-1600.0,5,0.8386984330635533
9174,-10000.0,-2200.0,3,0.8386873526701605
9175,-10000.0,-2200.0,2,0.838679965833568
9176,-10000.0,-2200.0,3,0.8386688857171816
9177,-10000.0,-2200.0,7,0.8386430327586109
9178,-10000.0,-2200.0,2,0.8386356463652153
9179,50000.0,-1600.0,3,0.8386245669136159
9180,-10000.0,-1600.0,1,0.8386208738000142
9181,-10000.0,-1600.0,9,0.8385876366085356
9182,-10000.0,-1600.0,1,0.8385839436795849
9183,-10000.0,-1600.0,13,0.8385359372834704
9184,-10000.0,-2200.0,12,0.8384916264565715
9185,50000.0,-1600.0,15,0.8384362416615431
9186,-10000.0,-2200.0,2,0.8384288573360481
9187,-10000.0,-2200.0,1,0.8384251652009919
9188,50000.0,-1600.0,4,0.8384103968453718
9189,-10000.0,-1600.0,2,0.8384030127783237
9190,-10000.0,-1600.0,3,0.838391936816202
9191,50000.0,-1000.0,11,0.8383513263764745
9192,-10000.0,-1000.0,7,0.8383254845322862
9193,-10000.0,-1600.0,12,0.8382811863321736
9194,-10000.0,-1600.0,19,0.8382110529508603
9195,-10000.0,-1600.0,3,0.8381999798681145
9196,-10000.0,-1600.0,23,0.8381150917515898
9197,-10000.0,-2200.0,15,0.8380597351956053
9198,-10000.0,-2200.0,1,0.838056044906155
9199,-10000.0,-2200.0,5,0.8380375937356729
9200,-10000.0,-2200.0,5,0.8380191430264644
9201,-10000.0,-2200.0,2,0.8380117628719349
9202,-10000.0,-2200.0,1,0.8380080728223458
9203,-10000.0,-2200.0,5,0.8379896228511508
9204,-10000.0,-2200.0,3,0.8379785530898315
9205,-10000.0,-2200.0,10,0.8379416550846347
9206,-10000.0,-2800.0,3,0.8379305860428264
9207,-10000.0,-2800.0,3,0.8379195171670526
9208,50000.0,-2200.0,7,0.8378936904359222
9209,-10000.0,-2800.0,5,0.8378752433242512
9210,-10000.0,-3400.0,4,0.8378604859669587
9211,-10000.0,-3400.0,5,0.8378420396853891
9212,-10000.0,-4000.0,13,0.8377940815114671
9213,-10000.0,-4000.0,7,0.8377682591705078
9214,-10000.0,-4000.0,3,0.8377571927296187
9215,-10000.0,-4000.0,3,0.8377461264547251
9216,50000.0,-3400.0,3,0.8377350603458242
9217,-10000.0,-3400.0,5,0.8377166171998559
9218,-10000.0,-3400.0,4,0.8377018630150542
9219,-10000.0,-3400.0,7,0.8376760439016858
9220,-10000.0,-3400.0,6,0.8376539139523197
9221,-10000.0,-3400.0,1,0.8376502256919706
9222,-10000.0,-4000.0,2,0.837642849226596
9223,-10000.0,-4600.0,5,0.8376244083858768
9224,-10000.0,-5200.0,2,0.8376170321786741
9225,-10000.0,-5200.0,3,0.8376059680061729
9226,-10000.0,-5200.0,1,0.8376022799855529
9227,-10000.0,-5200.0,3,0.837591216034333
9228,-10000.0,-5200.0,3,0.837580152249071
9229,-10000.0,-5200.0,14,0.8375285234454428
9230,-10000.0,-5200.0,4,0.8375137730224786
9231,50000.0,-4600.0,6,0.8374916479411658
9232,-10000.0,-4600.0,1,0.8374879604921448
9233,50000.0,-4000.0,12,0.837443712541967
9234,-10000.0,-4000.0,11,0.8374031542531404
9235,-10000.0,-4000.0,5,0.8373847194047206
9236,50000.0,-3400.0,4,0.8373699718578085
9237,-10000.0,-3400.0,3,0.8373589113911843
9238,-10000.0,-3400.0,4,0.8373441643604274
9239,-10000.0,-3400.0,3,0.8373331042809127
9240,-10000.0,-3400.0,4,0.8373183577662928
9241,-10000.0,-4000.0,1,0.8373146711837204
9242,-10000.0,-4000.0,4,0.8372999250377586
9243,-10000.0,-4000.0,4,0.837285179186717
9244,-10000.0,-4000.0,1,0.837281492770037
9245,-10000.0,-4000.0,2,0.8372741199919732
9246,-10000.0,-4000.0,1,0.8372704336305892
9247,-10000.0,-4000.0,6,0.8372483158493487
9248,-10000.0,-4000.0,3,0.8372372572075509
9249,-10000.0,-4000.0,2,0.8372298848718406
9250,-10000.0,-4000.0,2,0.8372225126098533
9251,-10000.0,-4000.0,6,0.8372003962662218
9252,-10000.0,-4000.0,9,0.8371672229947941
9253,-10000.0,-4000.0,1,0.8371635371678936
9254,-10000.0,-4000.0,3,0.8371524797977666
9255,-10000.0,-4000.0,2,0.837145108309826
9256,-10000.0,-4000.0,1,0.8371414225934988
9257,-10000.0,-4000.0,10,0.8371045664437805
9258,-10000.0,-4000.0,2,0.8370971954349712
9259,-10000.0,-4000.0,2,0.8370898244998717
9260,-10000.0,-4000.0,2,0.837082453638481
9261,-10000.0,-4000.0,6,0.8370603414965556
9262,-10000.0,-4000.0,11,0.8370198042925566
9263,50000.0,-3400.0,18,0.836953475495011
9264,-10000.0,-4000.0,5,0.8369350518884197
9265,50000.0,-3400.0,7,0.836909259612971
9266,-10000.0,-3400.0,2,0.8369018905572202
9267,-10000.0,-3400.0,11,0.8368613620677833
9268,-10000.0,-3400.0,1,0.8368576777701836
9269,-10000.0,-3400.0,1,0.8368539934910055
9270,-10000.0,-3400.0,6,0.8368318882027818
9271,-10000.0,-3400.0,11,0.8367913635633685
9272,-10000.0,-3400.0,5,0.8367729440095247
9273,50000.0,-2800.0,11,0.8367324226119529
9274,-10000.0,-2800.0,6,0.8367103209708008
9275,-10000.0,-2800.0,1,0.8367066374284047
9276,50000.0,-2200.0,2,0.8366992703988657
9277,-10000.0,-2200.0,4,0.8366845365607967
9278,-10000.0,-2200.0,4,0.8366698030174013
9279,-10000.0,-2800.0,2,0.8366624363562044
9280,-10000.0,-2800.0,1,0.8366587530532309
9281,-10000.0,-2800.0,4,0.8366440200255008
9282,-10000.0,-2800.0,2,0.8366366536221326
9283,-10000.0,-2800.0,1,0.8366329704480723
9284,-10000.0,-2800.0,3,0.8366219210363863
9285,-10000.0,-3400.0,4,0.8366071887452892
9286,-10000,-3400.0,1,0.8366035057185529
9287,50000.0,-2800.0,6,0.8365814079448497
9288,-10000.0,-3400.0,3,0.8365703593065954
9289,-10000.0,-3400.0,8,0.8365408970814716
9290,-10000.0,-3400.0,2,0.8365335317093276
9291,-10000.0,-4000.0,1,0.8365298490508758
9292,-10000.0,-4000.0,1,0.8365261664108372
9293,50000.0,-3400.0,2,0.8365188011859993
9294,-10000.0,-3400.0,1,0.8365151186011998
9295,-10000.0,-3400.0,3,0.8365040709572783
9296,50000.0,-2800.0,10,0.8364672466743451
9297,-10000.0,-2800.0,1,0.8364635643473176
9298,-10000.0,-2800.0,7,0.8364377885736441
9299,-10000.0,-2800.0,2,0.8364304242325802
9300,-10000.0,-2800.0,3,0.8364193778590647
9301,-10000.0,-2800.0,4,0.8364046496187905
9302,-10000.0,-2800.0,2,0.8363972856091144
9303,-10000.0,-2800.0,11,0.8363567848721863
9304,-10000.0,-2800.0,4,0.8363420578837593
9305,50000.0,-2200.0,7,0.8363162863627376
9306,-10000.0,-2200.0,1,0.8363126047905097
9307,-10000.0,-2200.0,2,0.8363052417012773
9308,-10000.0,-2800.0,5,0.8362868343003282
9309,-10000.0,-2800.0,2,0.8362794714687994
9310,-10000.0,-2800.0,2,0.8362721087108986
9311,50000.0,-2200.0,5,0.8362537021382639
9312,-10000.0,-2200.0,3,0.83624265841556
9313,50000.0,-1600.0,6,0.8362205714671134
9314,50000.0,-1000.0,9,0.8361874422868095
9315,-10000.0,-1000.0,6,0.836165356994822
9316,-10000.0,-1600.0,1,0.8361616761772391
9317,50000.0,-1000.0,4,0.8361469530909469
9318,-10000.0,-1000.0,2,0.8361395916582232
9319,-10000.0,-1000.0,8,0.8361101466634607
9320,-10000.0,-1000.0,4,0.8360954246077485
9321,-10000.0,-1000.0,3,0.8360843832591897
9322,50000.0,-400.0,8,0.836054940472719
9323,-10000.0,-400.0,2,0.8360475799601169
9324,-10000.0,-400.0,5,0.8360291790006309
9325,-10000.0,-400.0,2,0.8360218187456422
9326,-10000.0,-400.0,1,0.8360181386457486
9327,-10000.0,-400.0,4,0.8360034184301783
9328,-10000.0,-400.0,9,0.8359702990215414
9329,-10000.0,-400.0,3,0.8359592595498523
9330,-10000.0,-400.0,3,0.835948220243754
9331,-10000.0,-1000.0,4,0.8359335014265378
9332,-10000.0,-1000.0,3,0.8359224625068085
9333,50000.0,-1000.0,4,0.8359077442047419
9334,-10000.0,-1000.0,2,0.8359003851640951
9335,-10000.0,-1000.0,9,0.8358672703918507
9336,-10000.0,-1600.0,3,0.8358562324655795
9337,-10000.0,-1600.0,1,0.8358525531936153
9338,-10000.0,-1600.0,11,0.8358120824161462
9339,-10000.0,-1600.0,3,0.8358010453176884
9340,-10000.0,-1600.0,3,0.8357900083847859
9341,-10000.0,-1600.0,1,0.8357863294439414
9342,-10000.0,-1600.0,4,0.8357716138645087
9343,-10000.0,-1600.0,14,0.8357201116541366
9344,-10000.0,-1600.0,7,0.835694361900852
9345,-10000.0,-1600.0,6,0.8356722914010541
9346,-10000.0,-1600.0,2,0.8356649347149236
9347,-10000.0,-1600.0,5,0.8356465433214492
9348,-10000.0,-1600.0,4,0.8356318305377111
9349,-10000.0,-1600.0,5,0.8356134399718306
9350,-10000.0,-1600.0,1,0.8356097619138259
9351,-10000.0,-1600.0,9,0.8355766602193334
9352,50000.0,-1000.0,8,0.8355472377413783
9353,-10000.0,-1000.0,5,0.8355288492902913
9354,-10000.0,-1000.0,1,0.835525171655239
9355,-10000.0,-1000.0,1,0.8355214940385747
9356,-10000.0,-1000.0,3,0.8355104612989099
9357,-10000.0,-1000.0,1,0.8355067837557972
9358,-10000.0,-1000.0,2,0.8354994287247348
9359,-10000.0,-1000.0,4,0.8354847188832593
9360,50000.0,-400.0,6,0.8354626546726576
9361,-10000.0,-400.0,18,0.8353964660122715
9362,50000.0,200.0,5,0.8353780813304307
9363,50000.0,200.0,11,0.8353376366481965
9364,-10000.0,200.0,1,0.8353339599692049
9365,50000.0,200.0,4,0.8353192534370713
9366,-10000.0,200.0,11,0.8352788119902823
9367,50000.0,800.0,3,0.8352677828908209
9368,-10000.0,800.0,3,0.8352567539567948
9369,-10000,800.0,1,0.8352530776822156
9370,-10000.0,800.0,1,0.8352494014260179
9371,-10000.0,800.0,3,0.8352383727677116
9372,-10000.0,800.0,3,0.835227344274834
9373,-10000.0,200.0,5,0.8352089638209838
9374,-10000.0,200.0,6,0.8351869078829098
9375,50000.0,800.0,3,0.8351758801619997
9376,-10000.0,200.0,11,0.835135446600524
9377,-10000.0,200.0,1,0.8351317709324801
9378,50000.0,800.0,7,0.8351060417707604
9379,-10000.0,800.0,1,0.8351023662497404
9380,-10000.0,800.0,2,0.8350950152628329
9381,-10000.0,800.0,3,0.8350839889203018
9382,-10000.0,800.0,3,0.8350729627431644
9383,-10000.0,800.0,3,0.8350619367314186
9384,-10000.0,800.0,3,0.8350509108850617
9385,-10000.0,800.0,1,0.8350472356396953
9386,50000.0,1400.0,1,0.8350435604127053
9387,-10000.0,800.0,2,0.8350362100138532
9388,-10000.0,800.0,3,0.8350251845533941
9389,-10000.0,800.0,1,0.8350215094366592
9390,-10000.0,800.0,5,0.8350031341286156
9391,-10000.0,800.0,6,0.8349810843653398
9392,-10000.0,800.0,2,0.8349737345912451
9393,-10000.0,200.0,1,0.8349700597317593
9394,-10000.0,200.0,1,0.8349663848906477
9395,50000.0,800.0,3,0.8349553604775577
9396,50000.0,800.0,8,0.834925962851095
9397,-10000.0,800.0,15,0.8348708454708088
9398,-10000.0,800.0,1,0.8348671711257674
9399,-10000.0,800.0,7,0.8348414512248788
9400,-10000.0,800.0,12,0.8347973620604935
9401,-10000.0,800.0,4,0.8347826662602108
9402,-10000.0,800.0,2,0.8347753184702872
9403,-10000.0,800.0,5,0.8347569493169408
9404,-10000.0,800.0,1,0.8347532755413787
9405,-10000,200.0,1,0.8347496017841853
9406,-10000.0,200.0,8,0.8347202123879058
9407,-10000.0,200.0,5,0.8347018446121943
9408,-10000.0,200.0,3,0.8346908241671787
9409,50000.0,800.0,4,0.8346761304976325
9410,-10000.0,800.0,2,0.8346687837730612
9411,-10000.0,200.0,1,0.8346651104383257
9412,-10000.0,200.0,3,0.8346540905443185
9413,50000.0,200.0,5,0.8346357244216324
9414,-10000.0,-400.0,8,0.8346063395803562
9415,-10000.0,-400.0,3,0.8345953205679053
9416,50000.0,200.0,4,0.8345806288084121
9417,-10000.0,-400.0,3,0.8345696101816199
9418,50000.0,200.0,3,0.8345585917201058
9419,-10000.0,200.0,20,0.8344851395336044
9420,-10000.0,200.0,2,0.8344777947189331
9421,-10000.0,200.0,11,0.8344373995511009
9422,-10000.0,-400.0,6,0.8344153667596078
9423,50000.0,200.0,3,0.8344043506117278
9424,-10000.0,200.0,3,0.8343933346290887
9425,50000.0,800.0,8,0.8343639594832104
9426,-10000,800.0,1,0.8343602876725925
9427,-10000.0,800.0,3,0.8343492723508925
9428,-10000.0,800.0,6,0.8343272422031759
9429,-10000.0,800.0,5,0.8343088842515961
9430,50000.0,1400.0,8,0.8342795124836654
9431,-10000.0,1400.0,8,0.8342501418905818
9432,-10000.0,1400.0,5,0.8342317858664857
9433,-10000.0,800.0,4,0.8342171013776138
9434,-10000.0,800.0,3,0.8342060882036921
9435,50000.0,1400.0,3,0.8341950751949668
9436,-10000.0,1400.0,1,0.8341914042287684
9437,-10000.0,1400.0,7,0.8341657079793073
9438,50000.0,2000.0,5,0.8341473540660327
9439,-10000.0,2000.0,6,0.8341253299757737
9440,-10000.0,2000.0,1,0.8341216593583004
9441,-10000.0,2000.0,1,0.8341179887591801
9442,-10000.0,2000.0,10,0.8340812837773743
9443,-10000.0,2000.0,3,0.8340702726407014
9444,-10000,2000.0,1,0.834066602298514
9445,-10000.0,2000.0,1,0.8340629319746784
9446,-10000.0,2000.0,1,0.8340592616691943
9447,-10000.0,2000.0,6,0.8340372402216676
9448,-10000.0,2000.0,1,0.834033570044642
9449,-10000.0,2000.0,4,0.8340188895200468
9450,-10000.0,2000.0,7,0.8339931993084949
9451,-10000.0,2000.0,5,0.8339748497078832
9452,-10000.0,1400.0,13,0.8339271428931404
9453,-10000.0,1400.0,2,0.8339198036584077
9454,-10000.0,1400.0,4,0.8339051254091175
9455,-10000.0,1400.0,3,0.8338941169148003
9456,-10000.0,1400.0,4,0.8338794391792398
9457,-10000.0,1400.0,1,0.8338757697912175
9458,50000.0,2000.0,13,0.8338280694164599
9459,-10000.0,2000.0,2,0.8338207311724571
9460,-10000,1400.0,1,0.833817062077974
9461,-10000.0,1400.0,7,0.8337913789302589
9462,-10000.0,800.0,3,0.8337803721421261
9463,-10000.0,200.0,1,0.8337767032494376
9464,-10000.0,200.0,4,0.8337620278621269
9465,-10000,-400.0,1,0.8337583590611597
9466,50000.0,200.0,5,0.8337400153314808
9467,-10000.0,-400.0,1,0.8337363466405758
9468,-10000.0,-400.0,1,0.8337326779680143
9469,-10000.0,-400.0,1,0.8337290093137962
9470,-10000.0,-400.0,2,0.8337216720603894
9471,-10000.0,-400.0,2,0.8337143348803547
9472,-10000.0,-400.0,4,0.8336996607403989
9473,50000.0,200.0,3,0.8336886553280286
9474,-10000.0,200.0,4,0.8336739817016589
9475,-10000.0,-400.0,4,0.8336593083687586
9476,-10000.0,-400.0,2,0.8336519718123577
9477,-10000.0,-400.0,5,0.8336336307423268
9478,-10000.0,-1000.0,1,0.8336299625833435
9479,-10000.0,-1000.0,3,0.8336189582164377
9480,-10000.0,-1000.0,7,0.8335932820022365
9481,-10000.0,-1000.0,2,0.833585946106096
9482,-10000.0,-1000.0,4,0.8335712745338901
9483,-10000.0,-1000.0,2,0.8335639388578232
9484,-10000.0,-1000.0,2,0.8335566032551127
9485,-10000.0,-1000.0,2,0.8335492677257579
9486,-10000.0,-1600.0,1,0.8335455999885886
9487,-10000.0,-1600.0,2,0.8335382645692659
9488,-10000.0,-1600.0,8,0.8335089236255059
9489,50000.0,-1000.0,9,0.8334759164666093
9490,-10000.0,-1000.0,7,0.8334502452587818
9491,-10000.0,-1000.0,1,0.8334465780167237
9492,-10000.0,-1000.0,1,0.8334429107930016
9493,-10000.0,-1000.0,3,0.8334319092318516
9494,-10000.0,-1000.0,3,0.8334209078357239
9495,-10000.0,-1600.0,10,0.8333842377070929
9496,-10000.0,-2200.0,1,0.8333805707950717
9497,-10000.0,-2200.0,2,0.8333732370260326
9498,-10000.0,-2200.0,2,0.8333659033303309
9499,-10000.0,-2200.0,4,0.8333512361589365
9500,-10000.0,-2200.0,2,0.8333439026832423
9501,-10000,-2200.0,1,0.8333402359728957
9502,-10000.0,-2200.0,8,0.8333109029501212
9503,-10000.0,-2200.0,3,0.833299903369074
9504,-10000,-2200.0,1,0.8332962368787233
9505,-10000.0,-2200.0,2,0.8332889039530192
9506,-10000.0,-2200.0,5,0.8332705719595712
9507,-10000.0,-2200.0,3,0.8332595729834844
9508,-10000.0,-2200.0,2,0.8332522404244175
9509,-10000.0,-2800.0,3,0.8332412417233015
9510,50000.0,-2200.0,5,0.8332229109213944
9511,-10000.0,-2200.0,5,0.8332045805777517
9512,-10000.0,-2200.0,4,0.83318991663278
9513,-10000.0,-2800.0,1,0.8331862506923617
9514,-10000.0,-2800.0,6,0.8331642554347715
9515,-10000.0,-2800.0,1,0.8331605896226588
9516,50000.0,-2800.0,3,0.8331495922962947
9517,-10000.0,-2800.0,6,0.8331275981384397
9518,-10000.0,-3400.0,8,0.8330982736210085
9519,-10000.0,-3400.0,1,0.8330946081388041
9520,-10000.0,-3400.0,7,0.8330689502765345
9521,-10000.0,-3400.0,4,0.8330542890441417
9522,-10000.0,-3400.0,13,0.8330066420638975
9523,50000.0,-3400.0,4,0.8329919820776566
9524,-10000.0,-3400.0,3,0.8329809872803866
9525,-10000.0,-4000.0,2,0.8329736575071627
9526,-10000.0,-4000.0,2,0.8329663278072362
9527,-10000.0,-4000.0,3,0.8329553333947775
9528,-10000.0,-4000.0,19,0.8328857059454611
9529,-10000.0,-4000.0,2,0.8328783771250459
9530,-10000.0,-4600.0,5,0.8328600553946403
9531,-10000.0,-4600.0,5,0.8328417341222722
9532,50000.0,-4000.0,11,0.8328014289352983
9533,-10000.0,-4000.0,2,0.8327941009576489
9534,-10000.0,-4000.0,7,0.8327684536129466
9535,-10000.0,-4600.0,4,0.8327537983904271
9536,-10000.0,-4600.0,2,0.8327464708890807
9537,-10000.0,-4600.0,3,0.832735479774451
9538,-10000.0,-5200.0,1,0.8327318161062112
9539,-10000.0,-5200.0,2,0.8327244888246866
9540,-10000.0,-5200.0,4,0.8327098344814541
9541,50000.0,-4600.0,4,0.8326951804313054
9542,-10000,-4600.0,1,0.832691516964562
9543,50000.0,-4000.0,12,0.8326475567923625
9544,50000.0,-3400.0,13,0.8325999362488554
9545,-10000.0,-3400.0,2,0.8325926102861227
9546,50000.0,-2800.0,10,0.8325559815713339
9547,-10000.0,-2800.0,3,0.8325449933140225
9548,-10000.0,-2800.0,2,0.8325376679007165
9549,-10000.0,-2800.0,7,0.8325120295310141
9550,-10000.0,-2800.0,1,0.8325083669800228
9551,-10000.0,-2800.0,5,0.8324900544997552
9552,-10000.0,-2800.0,2,0.8324827296358346
9553,50000.0,-2200.0,7,0.8324570931889378
9554,-10000.0,-2200.0,5,0.832438781990499
9555,-10000.0,-2200.0,11,0.832398498965283
9556,-10000.0,-2200.0,1,0.832394836981943
9557,-10000,-2200.0,1,0.8323911750169131
9558,50000.0,-2200.0,9,0.8323582181555722
9559,50000.0,-1600.0,18,0.8322923088819
9560,50000.0,-1000.0,9,0.8322593564694352
9561,-10000.0,-1000.0,2,0.8322520339124833
9562,-10000.0,-1000.0,4,0.8322373890182545
9563,-10000.0,-1000.0,3,0.8322264055397955
9564,-10000.0,-1000.0,2,0.8322190833123514
9565,-10000.0,-1000.0,1,0.8322154222260875
9566,-10000.0,-1600.0,3,0.8322044390771279
9567,-10000.0,-1600.0,7,0.8321788123702302
9568,-10000.0,-1600.0,1,0.8321751514853205
9569,-10000.0,-1600.0,2,0.8321678297704144
9570,-10000.0,-1600.0,1,0.8321641689404176
9571,-10000.0,-1600.0,5,0.8321458650649936
9572,50000.0,-1000.0,6,0.8321239010185039
9573,-10000.0,-1600.0,4,0.8321092586869073
9574,50000.0,-1000.0,13,0.8320616731316399
9575,-10000.0,-1000.0,5,0.832043371818579
9576,50000.0,-400.0,9,0.83201043060803
9577,-10000.0,-400.0,2,0.8320031105403243
9578,-10000.0,-400.0,5,0.8319848106913099
9579,-10000.0,-400.0,4,0.831970171141492
9580,-10000.0,-400.0,9,0.8319372332248993
9581,50000.0,200.0,3,0.8319262542487434
9582,-10000.0,200.0,1,0.8319225946266213
9583,-10000.0,200.0,3,0.8319116158700428
9584,-10000.0,200.0,2,0.8319042967904796
9585,50000.0,800.0,3,0.8318933183083664
9586,-10000.0,800.0,1,0.8318896588509236
9587,-10000.0,800.0,2,0.8318823399909294
9588,-10000.0,800.0,4,0.8318677024905051
9589,-10000.0,200.0,2,0.8318603838500735
9590,-10000.0,200.0,2,0.8318530652828279
9591,-10000.0,200.0,1,0.8318494060266496
9592,50000.0,800.0,7,0.8318237917456912
9593,-10000.0,800.0,2,0.8318164735443648
9594,-10000.0,800.0,5,0.8317981783612169
9595,-10000.0,800.0,4,0.8317835425440084
9596,50000.0,1400.0,8,0.8317542717877258
9597,-10000.0,1400.0,8,0.8317250022022498
9598,-10000.0,1400.0,1,0.8317213435863853
9599,-10000.0,1400.0,1,0.8317176849888139
9600,-10000.0,1400.0,3,0.8317067093058569
9601,-10000.0,1400.0,8,0.8316774416228422
9602,-10000.0,1400.0,1,0.8316737832447801
9603,50000.0,2000.0,5,0.8316554916288451
9604,-10000.0,2000.0,4,0.8316408586653425
9605,50000.0,2600.0,12,0.8315969615307499
9606,50000.0,3200.0,8,0.8315676982375585
9607,-10000.0,3200.0,2,0.8315603825971544
9608,50000.0,3800.0,10,0.8315238054924597
9609,-10000.0,3800.0,2,0.8315164902909808
9610,-10000.0,3200.0,4,0.8315018601074774
9611,-10000.0,3200.0,4,0.8314872302165747
9612,-10000.0,3200.0,3,0.8314762579904134
9613,-10000.0,3200.0,1,0.8314726006182668
9614,-10000.0,3200.0,2,0.8314652859288341
9615,-10000.0,3200.0,2,0.831457971312548
9616,-10000.0,2600.0,6,0.8314360279025613
9617,-10000.0,2600.0,4,0.8314213993282895
9618,-10000.0,2600.0,1,0.8314177422304356
9619,-10000.0,2600.0,3,0.8314067710465863
9620,-10000.0,2600.0,1,0.8314031140218736
9621,-10000.0,2600.0,2,0.8313958000273034
9622,50000.0,3200.0,14,0.8313446041131793
9623,-10000,2600.0,1,0.8313409473993006
9624,50000.0,3200.0,5,0.8313226641041578
9625,-10000.0,3200.0,3,0.8313116943464696
9626,-10000.0,3200.0,3,0.8313007247533266
9627,-10000.0,3200.0,1,0.8312970682588441
9628,-10000.0,3200.0,1,0.8312934117826439
9629,-10000.0,3200.0,6,0.8312714733093692
9630,-10000.0,3200.0,2,0.8312641606311997
9631,50000.0,3800.0,4,0.8312495354942389
9632,-10000.0,3200.0,5,0.8312312544843651
9633,-10000.0,3200.0,1,0.831227598337233
9634,-10000.0,3200.0,3,0.8312166300055206
9635,-10000.0,3200.0,4,0.8312020058191628
9636,-10000.0,3200.0,1,0.8311983498182738
9637,50000.0,3800.0,3,0.8311873819252859
9638,50000.0,4400.0,11,0.8311471677251807
9639,50000.0,5000.0,6,0.8311252336391619
9640,-10000.0,5000.0,13,0.8310777120434438
9641,-10000.0,4400.0,3,0.8310667459600091
9642,-10000.0,4400.0,2,0.8310594353291028
9643,-10000.0,3800.0,9,0.8310265383946994
9644,-10000.0,3200.0,3,0.8310155730788636
9645,-10000.0,3200.0,14,0.8309644037796945
9646,-10000.0,2600.0,4,0.8309497846378108
9647,-10000.0,2600.0,3,0.8309388204732727
9648,-10000.0,2600.0,18,0.8308730389396435
9649,-10000.0,2600.0,8,0.8308438046027765
9650,-10000.0,2600.0,2,0.8308364962012725
9651,-10000.0,2600.0,1,0.830832842027927
9652,50000.0,3200.0,9,0.8307999552899928
9653,-10000.0,2600.0,6,0.8307780316201908
9654,50000.0,3200.0,12,0.8307341862536678
9655,-10000.0,3200.0,1,0.8307305325918707
9656,50000.0,3800.0,9,0.8306976504577577
9657,-10000.0,3800.0,6,0.8306757298570545
9658,-10000.0,3200.0,4,0.8306611164885916
9659,-10000.0,2600.0,5,0.8306428501890091
9660,-10000.0,2000.0,4,0.8306282374781329
9661,-10000.0,2000.0,3,0.830617278136766
9662,-10000.0,2000.0,7,0.8305917069795291
9663,-10000.0,2000.0,1,0.8305880540301265
9664,-10000.0,2000.0,15,0.8305332619808018
9665,-10000.0,2000.0,3,0.8305223040640567
9666,-10000.0,2000.0,1,0.8305186514616679
9667,-10000.0,2000.0,1,0.8305149988775421
9668,-10000.0,2000.0,4,0.8305003887236665
9669,-10000.0,2000.0,2,0.8304930837563042
9670,-10000.0,2000.0,7,0.8304675169457945
9671,-10000.0,2000.0,3,0.8304565600152175
9672,50000.0,2000.0,6,0.8304346466471192
9673,-10000.0,2000.0,2,0.8304273423371743
9674,-10000.0,1400.0,4,0.830412733936412
9675,-10000.0,1400.0,1,0.8304090818818726
9676,-10000.0,800.0,1,0.8304054298455933
9677,-10000.0,800.0,3,0.8303944738463158
9678,-10000.0,800.0,3,0.830383518011377
9679,-10000.0,800.0,6,0.830361606834506
9680,-10000.0,800.0,1,0.8303579550356014
9681,-10000,200.0,1,0.8303543032549555
9682,-10000.0,200.0,5,0.8303360446256081
9683,-10000.0,200.0,1,0.8303323929545141
9684,-10000.0,200.0,5,0.8303141348729172
9685,-10000.0,-400.0,2,0.8303068317680841
9686,-10000.0,-400.0,4,0.830292225777509
9687,-10000.0,-400.0,1,0.8302885743255088
9688,-10000.0,-400.0,1,0.8302849228917658
9689,50000.0,200.0,3,0.8302739687000791
9690,-10000.0,200.0,2,0.8302666659969057
9691,-10000.0,200.0,1,0.830263014672704
9692,-10000.0,-400.0,2,0.8302557120790702
9693,-10000.0,-400.0,7,0.8302301535764239
9694,50000.0,200.0,3,0.8302192002062707
9695,-10000.0,200.0,5,0.8302009449544572
9696,-10000.0,-400.0,2,0.8301936429815175
9697,50000.0,200.0,5,0.8301753883686267
9698,-10000,200.0,1,0.830171737500812
9699,-10000.0,200.0,3,0.8301607850068934
9700,-10000.0,200.0,1,0.8301571342120954
9701,-10000.0,200.0,2,0.830149832677261
9702,-10000.0,200.0,3,0.8301388805119122
9703,-10000.0,-400.0,3,0.8301279285108447
9704,-10000.0,-400.0,8,0.8300987239777988
9705,-10000.0,-1000.0,1,0.8300950734933052
9706,-10000.0,-1600.0,3,0.8300841221493381
9707,-10000.0,-1600.0,4,0.830069520612911
9708,-10000.0,-2200.0,1,0.8300658702744338
9709,-10000.0,-2200.0,2,0.8300585696522341
9710,50000.0,-1600.0,4,0.8300439686268519
9711,-10000.0,-1600.0,3,0.8300330180494521
9712,-10000.0,-1600.0,7,0.8300074673409603
9713,50000.0,-1000.0,8,0.8299782676262648
9714,-10000.0,-1000.0,5,0.8299600183976905
9715,-10000.0,-1000.0,1,0.829956368606723
9716,-10000.0,-1000.0,6,0.8299344702441419
9717,-10000.0,-1000.0,2,0.829927170935936
9718,-10000.0,-1000.0,1,0.8299235213092054
9719,-10000.0,-1000.0,3,0.8299125725385018
9720,-10000.0,-1000.0,1,0.829908922984763
9721,-10000.0,-1000.0,1,0.8299052734492719
9722,50000.0,-1000.0,2,0.8298979744330326
9723,-10000.0,-1000.0,1,0.8298943249522841
9724,-10000.0,-1600.0,2,0.8298870260455292
9725,-10000.0,-1600.0,1,0.8298833766195225
9726,-10000.0,-1600.0,8,0.8298541818683566
9727,-10000.0,-1600.0,11,0.8298140409922381
9728,-10000.0,-1600.0,1,0.8298103919311558
9729,-10000.0,-1600.0,4,0.8297957958692782
9730,50000.0,-1000.0,3,0.8297848490144418
9731,-10000.0,-1600.0,1,0.8297812000993191
9732,-10000.0,-1600.0,6,0.8297593069917144
9733,-10000.0,-1600.0,10,0.8297228199385487
9734,50000.0,-1000.0,9,0.8296899831504848
9735,-10000.0,-1000.0,5,0.8296717411289322
9736,-10000.0,-1000.0,1,0.8296680927793474
9737,-10000.0,-1600.0,2,0.8296607961349028
9738,50000.0,-1600.0,7,0.8296352584539503
9739,-10000.0,-2200.0,8,0.8296060736273124
9740,-10000.0,-2200.0,1,0.8296024256060643
9741,-10000.0,-2200.0,1,0.8295987776030564
9742,50000.0,-1600.0,14,0.8295477074760995
9743,-10000,-1600.0,1,0.8295440597466814
9744,-10000.0,-1600.0,3,0.8295331166678586
9745,-10000.0,-1600.0,4,0.8295185261514308
9746,-10000.0,-1600.0,7,0.8294929934498404
9747,-10000.0,-1600.0,3,0.8294820511370062
9748,50000.0,-1000.0,10,0.8294455779462867
9749,-10000.0,-1000.0,1,0.829441930727515
9750,50000.0,-400.0,2,0.8294346363446797
9751,-10000.0,-400.0,3,0.8294236949071956
9752,-10000.0,-1000.0,6,0.8294018125245857
9753,-10000.0,-1000.0,6,0.8293799307984375
9754,-10000.0,-1600.0,2,0.8293726370355985
9755,-10000.0,-1600.0,4,0.8293580497287312
9756,50000.0,-1600.0,4,0.8293434627136074
9757,-10000.0,-1600.0,7,0.8293179361391301
9758,-10000.0,-1600.0,5,0.8292997034186365
9759,-10000.0,-1600.0,3,0.829288764005131
9760,-10000.0,-1600.0,3,0.8292778247557154
9761,-10000.0,-1600.0,6,0.8292559467491446
9762,-10000.0,-1600.0,2,0.8292486542261397
9763,-10000.0,-1600.0,1,0.8292450079919842
9764,50000.0,-1000.0,7,0.8292194848633618
9765,-10000.0,-1000.0,2,0.8292121927049741
9766,-10000.0,-1000.0,16,0.8291538580629745
9767,-10000.0,-1000.0,4,0.829139275131643
9768,-10000.0,-1000.0,2,0.8291319837753485
9769,-10000.0,-1000.0,1,0.8291283381245438
9770,-10000.0,-1000.0,6,0.8291064646025045
9771,-10000.0,-1000.0,3,0.8290955280875596
9772,50000.0,-1000.0,7,0.8290700101906423
9773,-10000.0,-1000.0,4,0.8290554289362515
9774,50000.0,-400.0,20,0.8289825270385136
9775,50000.0,200.0,3,0.8289715923826181
9776,-10000.0,200.0,5,0.8289533683206103
9777,-10000.0,200.0,7,0.8289278553991978
9778,-10000.0,200.0,3,0.8289169215633707
9779,-10000.0,200.0,7,0.8288914099175724
9780,-10000.0,200.0,4,0.8288768322351514
9781,-10000.0,200.0,3,0.8288658991646661
9782,-10000,200.0,1,0.8288622548442811
9783,-10000.0,200.0,13,0.8288148803374042
9784,-10000.0,200.0,5,0.8287966601931487
9785,50000.0,800.0,12,0.8287529337053449
9786,-10000.0,800.0,10,0.8287164969695856
9787,-10000.0,800.0,4,0.8287019227853885
9788,-10000.0,800.0,1,0.8286982792848833
9789,-10000.0,200.0,6,0.8286764186644158
9790,-10000.0,200.0,1,0.8286727752914308
9791,50000.0,800.0,12,0.8286290562364981
9792,-10000.0,800.0,3,0.8286181268826249
9793,-10000.0,800.0,3,0.8286071976926908
9794,-10000.0,200.0,2,0.8285999116571441
9795,50000.0,800.0,7,0.8285744111064984
9796,-10000.0,800.0,2,0.8285671253988159
9797,-10000.0,200.0,5,0.8285489114483563
9798,50000.0,800.0,3,0.828537983296646
9799,-10000.0,800.0,4,0.8285234126826866
9800,-10000.0,800.0,2,0.8285161274849857
9801,-10000.0,800.0,18,0.8284505639839139
9802,-10000.0,800.0,4,0.8284359951183233
9803,-10000.0,800.0,5,0.8284177844460798
9804,50000.0,1400.0,8,0.8283886483174284
9805,-10000.0,1400.0,2,0.8283813644673645
9806,-10000.0,1400.0,8,0.8283522297954832
9807,50000.0,2000.0,4,0.8283376628965567
9808,-10000.0,2000.0,1,0.8283340212173465
9809,-10000.0,2000.0,2,0.8283267379135509
9810,50000.0,2000.0,6,0.8283048884391572
9811,-10000,2000.0,1,0.8283012469238189
9812,-10000.0,2000.0,2,0.8282939639477646
9813,-10000.0,1400.0,4,0.8282793982141434
9814,-10000.0,1400.0,4,0.828264832771834
9815,-10000.0,1400.0,2,0.8282575501599194
9816,-10000.0,1400.0,1,0.8282539088812718
9817,-10000.0,1400.0,6,0.8282320615917164
9818,-10000.0,1400.0,4,0.82821749709613
9819,-10000.0,1400.0,2,0.8282102149575699
9820,-10000.0,1400.0,3,0.8281992918862686
9821,-10000.0,1400.0,5,0.8281810871315318
9822,-10000.0,800.0,1,0.8281774462351984
9823,-10000.0,800.0,2,0.8281701644971448
9824,-10000.0,800.0,1,0.8281665236554245
9825,50000.0,1400.0,15,0.8281119132140675
9826,-10000.0,1400.0,1,0.8281082726636028
9827,-10000.0,1400.0,1,0.8281046321313409
9828,-10000.0,1400.0,7,0.8280791489151751
9829,-10000.0,1400.0,1,0.8280755085285315
9830,50000.0,1400.0,3,0.8280645874778116
9831,-10000.0,1400.0,5,0.828046386090643
9832,-10000.0,1400.0,1,0.8280427458678131
9833,-10000.0,1400.0,5,0.8280245450266779
9834,50000.0,1400.0,10,0.827988144709442
9835,-10000.0,1400.0,4,0.8279735850921446
9836,-10000.0,1400.0,1,0.8279699452333187
9837,-10000.0,1400.0,9,0.8279371873228417
9838,-10000.0,800.0,2,0.8279299079873652
9839,-10000.0,800.0,8,0.8279007913733819
9840,-10000.0,800.0,7,0.8278753152915178
9841,-10000.0,800.0,3,0.827864397243674
9842,-10000.0,200.0,2,0.8278571186360947
9843,-10000.0,200.0,6,0.827835283250068
9844,-10000.0,200.0,5,0.8278170875954334
9845,-10000.0,200.0,4,0.827802531399244
9846,-10000.0,200.0,9,0.8277697810222201
9847,-10000.0,200.0,6,0.8277479482562825
9848,50000.0,200.0,2,0.8277406708131871
9849,50000.0,800.0,5,0.827722477523834
9850,50000.0,800.0,13,0.8276751771000752
9851,-10000.0,800.0,3,0.8276642620542819
9852,-10000.0,800.0,2,0.8276569854480444
9853,50000.0,1400.0,8,0.8276278797507443
9854,-10000.0,1400.0,1,0.8276242416204409
9855,50000.0,2000.0,12,0.8275805854756411
9856,-10000.0,1400.0,1,0.8275769475818084
9857,-10000.0,1400.0,2,0.8275696718487113
9858,-10000.0,1400.0,1,0.8275660340094467
9859,-10000.0,1400.0,4,0.8275514828342788
9860,-10000.0,1400.0,1,0.827547845085959
9861,50000.0,2000.0,5,0.8275296566171886
9862,-10000.0,2000.0,8,0.8275005560129399
9863,-10000.0,2000.0,1,0.8274969185192537
9864,-10000.0,1400.0,2,0.8274896435864432
9865,50000.0,2000.0,4,0.8274750939390684
9866,-10000.0,2000.0,3,0.8274641818944999
9867,-10000.0,2000.0,12,0.8274205353529955
9868,-10000.0,2000.0,1,0.8274168982594116
9869,-10000.0,2000.0,3,0.8274059870877716
9870,-10000.0,2000.0,2,0.8273987130642708
9871,-10000.0,2000.0,5,0.8273805283237544
9872,-10000.0,1400.0,7,0.8273550704507785
9873,-10000.0,1400.0,4,0.8273405234948396
9874,-10000.0,800.0,1,0.8273368868013138
9875,-10000.0,200.0,8,0.8273077939077035
9876,50000.0,800.0,7,0.8272823385803876
9877,-10000.0,800.0,1,0.8272787021777857
9878,-10000.0,800.0,3,0.8272677930790714
9879,-10000.0,800.0,1,0.8272641567491968
9880,50000.0,1400.0,7,0.8272387029491548
9881,50000.0,2000.0,8,0.82720961398282
9882,-10000.0,2000.0,5,0.8271914339697215
9883,-10000.0,2000.0,2,0.8271841620917413
9884,-10000.0,2000.0,8,0.8271550753069972
9885,-10000.0,1400.0,3,0.8271441680626721
9886,-10000.0,1400.0,4,0.8271296253247388
9887,-10000.0,1400.0,5,0.8271114473113317
9888,-10000.0,1400.0,1,0.827107811763184
9889,-10000.0,1400.0,3,0.8270969052278069
9890,-10000.0,1400.0,6,0.8270750926478403
9891,-10000.0,800.0,4,0.8270605512914014
9892,50000.0,1400.0,17,0.8269987537709734
9893,-10000.0,1400.0,1,0.8269951187862921
9894,-10000,1400.0,1,0.8269914838197856
9895,-10000.0,800.0,1,0.8269878488714538
9896,-10000.0,800.0,1,0.8269842139412968
9897,-10000.0,800.0,4,0.8269696744024139
9898,-10000.0,200.0,1,0.826966039563129
9899,50000.0,800.0,8,0.8269369615031116
9900,-10000.0,800.0,9,0.8269042500758566
9901,-10000.0,800.0,7,0.8268788088723276
9902,-10000.0,800.0,1,0.8268751744873691
9903,-10000.0,800.0,3,0.8268642714415249
9904,-10000.0,200.0,2,0.8268570028351536
9905,-10000.0,200.0,9,0.8268242950059577
9906,-10000.0,200.0,11,0.826784320769034
9907,50000.0,200.0,4,0.8267697852279745
9908,-10000.0,200.0,1,0.8267661513881329
9909,50000.0,800.0,12,0.8267225467272025
9910,-10000.0,200.0,2,0.8267152795380712
9911,-10000.0,200.0,3,0.8267043788906333
9912,-10000.0,200.0,2,0.8266971118831795
9913,50000.0,800.0,4,0.8266825780862802
9914,-10000.0,800.0,7,0.826657144641135
9915,-10000.0,800.0,2,0.8266498781060214
9916,50000.0,1400.0,11,0.8266099134617634
9917,-10000.0,1400.0,2,0.8266026473989592
9918,50000.0,2000.0,8,0.8265735838743375
9919,-10000.0,2000.0,18,0.8265081951943236
9920,-10000.0,2000.0,3,0.8264972976531275
9921,50000.0,2600.0,7,0.826471870692684
9922,-10000.0,2600.0,6,0.8264500768634723
9923,-10000.0,2600.0,4,0.8264355480072241
9924,-10000.0,2600.0,6,0.8264137552676766
9925,50000.0,2600.0,10,0.8263774354879153
9926,-10000.0,2600.0,4,0.82636290808448
9927,-10000.0,2600.0,2,0.8263556444917172
9928,-10000.0,2600.0,2,0.8263483809715899
9929,-10000,2600.0,1,0.8263447492387643
9930,-10000.0,2000.0,6,0.8263229592231391
9931,-10000.0,2000.0,1,0.8263193276174221
9932,-10000.0,2000.0,8,0.826290275425365
9933,-10000.0,2000.0,2,0.8262830125589251
9934,-10000.0,1400.0,1,0.8262793811529409
9935,-10000.0,1400.0,15,0.8262249122419641
9936,-10000.0,1400.0,4,0.8262103878889633
9937,-10000,1400.0,1,0.8262067568461016
9938,50000.0,2000.0,4,0.8261922328562049
9939,-10000.0,2000.0,2,0.8261849709701858
9940,-10000.0,2000.0,3,0.8261740782773167
9941,-10000.0,2000.0,7,0.8261486626293534
9942,-10000.0,2000.0,1,0.8261450318951171
9943,-10000.0,2000.0,4,0.8261305091397072
9944,-10000.0,2000.0,16,0.8260724210225318
9945,-10000.0,2000.0,3,0.8260615300178992
9946,-10000.0,2000.0,2,0.8260542694389019
9947,-10000.0,2000.0,2,0.8260470089325102
9948,-10000.0,1400.0,4,0.8260324881375399
9949,-10000.0,800.0,5,0.8260143375522198
9950,-10000.0,200.0,3,0.8260034474188327
9951,-10000.0,200.0,5,0.8259852975595214
9952,-10000.0,200.0,2,0.8259780377428448
9953,-10000.0,-400.0,3,0.8259671481539509
9954,50000.0,200.0,5,0.8259489992021098
9955,50000.0,200.0,9,0.8259163322321581
9956,-10000.0,200.0,6,0.8258945550688502
9957,-10000.0,200.0,7,0.8258691492040281
9958,-10000.0,200.0,1,0.8258655198673555
9959,-10000,200.0,1,0.8258618905488293
9960,50000.0,800.0,4,0.8258473734561899
9961,-10000.0,200.0,1,0.8258437442283957
9962,50000.0,800.0,7,0.8258183401419217
9963,-10000.0,800.0,6,0.8257965659183324
9964,-10000.0,800.0,2,0.825789307988963
9965,50000.0,800.0,4,0.82577479234796
9966,-10000.0,800.0,3,0.8257639058077242
9967,-10000.0,800.0,4,0.8257493906747597
9968,-10000.0,800.0,1,0.8257457619368783
9969,50000.0,1400.0,20,0.8256731909892924
9970,50000.0,2000.0,6,0.8256514211201125
9971,-10000.0,2000.0,5,0.8256332800613486
9972,-10000.0,2000.0,1,0.8256296519040187
9973,-10000.0,2000.0,2,0.825622395643781
9974,-10000.0,2000.0,4,0.8256078833409917
9975,-10000.0,2000.0,1,0.825604255310645
9976,-10000.0,1400.0,3,0.8255933713284453
9977,50000.0,2000.0,5,0.8255752317209083
9978,50000.0,2600.0,8,0.8255462092920919
9979,-10000.0,2600.0,3,0.8255353261805761
9980,50000.0,2600.0,9,0.8255026778254915
9981,-10000.0,2000.0,2,0.8254954228349882
9982,50000.0,2600.0,13,0.8254482671650798
9983,50000.0,3200.0,13,0.8254011145601903
9984,50000.0,3800.0,19,0.825332204727576
9985,-10000.0,3800.0,2,0.8253249514417952
9986,-10000.0,3800.0,5,0.8253068185446713
9987,-10000.0,3800.0,5,0.8252886861008641
9988,-10000.0,3800.0,2,0.8252814332502674
9989,-10000.0,3800.0,4,0.8252669277666578
9990,50000.0,4400.0,4,0.8252524225731548
9991,-10000.0,4400.0,4,0.825237917669753
9992,50000.0,4400.0,5,0.8252197869484461
9993,-10000.0,4400.0,4,0.8252052826977502
9994,-10000.0,4400.0,2,0.8251980306811834
9995,50000.0,5000.0,15,0.8251436428684508
9996,50000.0,5600.0,11,0.8251037610648526
9997,-10000.0,5600.0,2,0.8250965100634969
9998,50000.0,6200.0,9,0.8250638814546933
9999,-10000.0,5600.0,3,0.8250530055780408
10000,50000.0,6200.0,4,0.8250385046629389
10001,-10000.0,6200.0,6,0.8250167538340631
10002,-10000.0,6200.0,3,0.8250058786643195
10003,50000.0,6800.0,8,0.8249768790091699
10004,-10000.0,6800.0,1,0.8249732541338372
10005,50000.0,7400.0,12,0.8249297570435148
10006,-10000.0,7400.0,3,0.8249188831787133
10007,-10000.0,6800.0,1,0.8249152585933589
10008,50000.0,7400.0,14,0.8248645163012583
10009,-10000.0,6800.0,5,0.8248463949148691
10010,-10000.0,6800.0,1,0.824842770691955
10011,-10000.0,6800.0,2,0.8248355223004902
10012,-10000.0,6800.0,2,0.8248282739815088
10013,-10000.0,6200.0,1,0.8248246498491992
10014,50000.0,6800.0,8,0.8247956574430573
10015,-10000.0,6800.0,1,0.82479203347383
10016,-10000.0,6200.0,12,0.8247485472564211
10017,-10000.0,6200.0,7,0.8247231815011705
10018,-10000.0,5600.0,7,0.8246978166337057
10019,-10000.0,5600.0,2,0.8246905696917741
10020,-10000.0,5600.0,9,0.8246579593498762
10021,-10000.0,5000.0,1,0.8246543360691376
10022,-10000.0,5000.0,2,0.8246470895620095
10023,-10000.0,5000.0,4,0.8246325967651467
10024,-10000.0,5000.0,3,0.824621727357716
10025,-10000.0,4400.0,6,0.8245999890319718
10026,-10000.0,4400.0,7,0.824574628476168
10027,-10000.0,4400.0,2,0.8245673827661119
10028,-10000.0,4400.0,3,0.8245565143368838
10029,-10000.0,4400.0,3,0.824545646070681
10030,-10000.0,4400.0,3,0.8245347779675009
10031,-10000.0,4400.0,3,0.824523910027341
10032,-10000.0,4400.0,1,0.8245202874168475
10033,-10000.0,4400.0,4,0.8245057971560023
10034,-10000.0,4400.0,5,0.8244876847374795
10035,-10000.0,4400.0,4,0.8244731951286813
10036,-10000.0,4400.0,1,0.8244695727717616
10037,-10000.0,4400.0,11,0.8244297280409992
10038,-10000.0,3800.0,4,0.8244152395913235
10039,-10000.0,3800.0,4,0.8244007514314137
10040,-10000.0,3800.0,1,0.8243971294367115
10041,-10000.0,3800.0,2,0.8243898855016369
10042,-10000,3800.0,1,0.8243862635612643
10043,-10000.0,3800.0,6,0.8243645322993279
10044,50000.0,4400.0,9,0.8243319366287826
10045,-10000.0,4400.0,2,0.8243246933456327
10046,-10000.0,4400.0,3,0.8243138285567188
10047,-10000.0,4400.0,1,0.8243102069966298
10048,-10000.0,4400.0,7,0.8242848565830199
10049,-10000.0,4400.0,10,0.8242486432455316
10050,-10000.0,4400.0,5,0.8242305372557763
10051,-10000.0,4400.0,1,0.8242269161121429
10052,-10000.0,4400.0,3,0.8242160527898763
10053,50000.0,5000.0,12,0.8241726011302718
10054,-10000.0,4400.0,1,0.8241689802763182
10055,-10000.0,3800.0,2,0.8241617386227238
10056,-10000.0,3800.0,1,0.8241581178230827
10057,-10000.0,3800.0,1,0.8241544970415456
10058,-10000,3800.0,1,0.8241508762781123
10059,-10000.0,3800.0,3,0.8241400140964347
10060,-10000.0,3200.0,3,0.8241291520776886
10061,50000.0,3800.0,3,0.8241182902218716
10062,-10000.0,3200.0,2,0.8241110490751751
10063,-10000.0,3200.0,1,0.8241074285289811
10064,-10000.0,3200.0,6,0.8240857056319703
10065,50000.0,3200.0,7,0.8240603630757705
10066,-10000.0,3200.0,10,0.824024160962677
10067,-10000.0,3200.0,6,0.8240024405636558
10068,50000.0,3800.0,8,0.8239734810452275
10069,-10000.0,3200.0,4,0.8239590017204003
10070,-10000.0,2600.0,1,0.8239553819344413
10071,-10000.0,2600.0,2,0.8239481424168195
10072,-10000.0,2600.0,1,0.8239445226851567
10073,-10000.0,2600.0,8,0.8239155654833972
10074,-10000.0,2600.0,3,0.8239047068313551
10075,50000.0,3200.0,8,0.8238757512221979
10076,-10000.0,3200.0,4,0.8238612738519476
10077,-10000.0,2600.0,2,0.823854035275402
10078,50000.0,2600.0,9,0.823821462576706
10079,-10000.0,2600.0,1,0.8238178434784408
10080,50000.0,2600.0,5,0.823799748258545
10081,-10000.0,2600.0,1,0.8237961292688512
10082,-10000.0,2000.0,4,0.8237816534910241
10083,-10000.0,1400.0,1,0.8237780345918039
10084,-10000.0,800.0,11,0.8237382278945955
10085,-10000.0,800.0,3,0.8237273719025971
10086,-10000.0,800.0,3,0.8237165160734375
10087,-10000.0,800.0,8,0.8236875679917601
10088,-10000.0,800.0,1,0.8236839495629662
10089,-10000.0,800.0,1,0.8236803311522645
10090,-10000.0,200.0,1,0.8236767127596547
10091,-10000.0,200.0,5,0.8236586210679828
10092,50000.0,200.0,4,0.8236441480402923
10093,50000.0,800.0,6,0.8236224390414877
10094,50000.0,1400.0,3,0.8236115847863091
10095,-10000.0,800.0,1,0.8236079667374303
10096,-10000,200.0,1,0.8236043487066417
10097,50000.0,800.0,10,0.8235681693936968
10098,-10000.0,200.0,5,0.8235500804155751
10099,50000.0,800.0,7,0.8235247566059297
10100,-10000.0,200.0,5,0.8235066687131142
10101,50000.0,800.0,12,0.8234632596152774
10102,-10000.0,800.0,2,0.8234560250188543
10103,-10000.0,200.0,6,0.8234343216636557
10104,-10000.0,200.0,2,0.8234270873566106
10105,-10000.0,-400.0,8,0.8233981508518503
10106,-10000,-400.0,1,0.8233945338701386
10107,-10000.0,-400.0,11,0.8233547482648899
10108,-10000.0,-1000.0,1,0.8233511315001905
10109,-10000.0,-1000.0,1,0.8233475147535748
10110,-10000.0,-1000.0,5,0.8233294312917502
10111,-10000.0,-1000.0,3,0.823318581431655
10112,50000.0,-400.0,5,0.8233004986931544
10113,-10000.0,-400.0,4,0.8232860328278396
10114,-10000.0,-1000.0,2,0.8232788000036755
10115,-10000.0,-1000.0,2,0.8232715672518393
10116,-10000.0,-1000.0,1,0.8232679509030439
10117,-10000.0,-1000.0,3,0.8232571019651476
10118,-10000.0,-1000.0,3,0.8232462531899842
10119,-10000.0,-1000.0,3,0.8232354045775511
10120,-10000.0,-1000.0,4,0.8232209400141057
10121,-10000.0,-1000.0,3,0.8232100917813674
10122,-10000.0,-1000.0,4,0.8231956277241729
10123,-10000.0,-1000.0,2,0.8231883958040552
10124,-10000.0,-1000.0,5,0.8231703163201547
10125,-10000.0,-1000.0,1,0.8231667004776128
10126,-10000.0,-1000.0,1,0.8231630846531499
10127,-10000.0,-1000.0,4,0.8231486215360885
10128,-10000.0,-1000.0,1,0.8231450058020201
10129,-10000.0,-1000.0,2,0.8231377743881192
10130,50000.0,-400.0,11,0.8230980029042537
10131,-10000.0,-400.0,1,0.8230943874232779
10132,-10000.0,-400.0,4,0.8230799256801473
10133,-10000.0,-400.0,2,0.8230726949170444
10134,-10000.0,-400.0,2,0.8230654642262488
10135,-10000.0,-400.0,7,0.8230401573778733
10136,-10000.0,-400.0,1,0.8230365421861243
10137,-10000.0,-400.0,1,0.8230329270124515
10138,-10000.0,-400.0,3,0.823022081599887
10139,-10000.0,-400.0,7,0.8229967762698769
10140,-10000.0,-400.0,10,0.8229606273347942
10141,-10000.0,-400.0,2,0.8229533977646688
10142,-10000.0,-400.0,2,0.8229461682668388
10143,-10000.0,-400.0,1,0.8229425535450342
10144,-10000.0,-1000.0,3,0.8229317094880616
10145,-10000.0,-1000.0,1,0.8229280948385509
10146,-10000.0,-1000.0,2,0.8229208655937488
10147,50000.0,-400.0,10,0.8228847204541051
10148,-10000.0,-400.0,1,0.8228811060395389
10149,-10000.0,-400.0,1,0.8228774916430447
10150,-10000.0,-400.0,3,0.8228666485619933
10151,50000.0,200.0,5,0.8228485771216733
10152,-10000.0,200.0,3,0.8228377344743365
10153,50000.0,200.0,4,0.8228232778642136
10154,-10000.0,200.0,2,0.8228160496675759
10155,-10000.0,200.0,1,0.8228124355963627
10156,-10000.0,200.0,2,0.8228052075081473
10157,-10000.0,200.0,12,0.8227618404967202
10158,50000.0,800.0,4,0.8227473854044617
10159,-10000.0,800.0,1,0.822743771676569
10160,-10000.0,800.0,1,0.8227401579667449
10161,-10000.0,200.0,9,0.8227076353913998
10162,-10000.0,200.0,3,0.822696794858173
10163,-10000.0,200.0,3,0.8226859544875532
10164,-10000.0,200.0,6,0.822664274234124
10165,-10000.0,-400.0,1,0.8226606609217861
10166,-10000.0,-400.0,3,0.8226498210931713
10167,-10000.0,-400.0,4,0.8226353682412784
10168,-10000.0,-1000.0,10,0.8225992373761455
10169,50000.0,-400.0,3,0.8225883984688768
10170,50000.0,200.0,6,0.8225667211420843
10171,-10000.0,200.0,1,0.8225631083175107
10172,-10000.0,200.0,6,0.8225414317494113
10173,50000.0,800.0,5,0.8225233684394099
10174,-10000.0,800.0,8,0.8224944680826833
10175,-10000.0,200.0,2,0.822487243174127
10176,-10000.0,200.0,1,0.8224836307469423
10177,-10000.0,200.0,9,0.8224511197150624
10178,-10000.0,-400.0,1,0.8224475074684944
10179,50000.0,200.0,4,0.8224330586628336
10180,-10000.0,-400.0,4,0.822418610146146
10181,-10000.0,-400.0,4,0.8224041619184258
10182,-10000.0,-400.0,3,0.8223933259372671
10183,-10000.0,-400.0,2,0.8223861020401272
10184,-10000.0,-400.0,14,0.822335536782789
10185,50000.0,200.0,10,0.8222994209088543
10186,-10000.0,200.0,1,0.8222958094207785
10187,-10000.0,200.0,1,0.8222921979507601
10188,-10000.0,200.0,1,0.822288586498799
10189,-10000,200.0,1,0.8222849750648951
10190,50000.0,800.0,8,0.8222560842437128
10191,-10000.0,800.0,1,0.8222524729723197
10192,-10000.0,200.0,4,0.8222380280673098
10193,-10000.0,-400.0,1,0.8222344168861975
10194,-10000.0,-1000.0,3,0.8222235834511951
10195,50000.0,-400.0,5,0.8222055280873017
10196,-10000.0,-400.0,6,0.8221838622464483
10197,-10000.0,-1000.0,4,0.8221694187136394
10198,50000.0,-400.0,6,0.8221477539560509
10199,-10000.0,-1000.0,5,0.8221297004878713
10200,-10000.0,-1000.0,3,0.8221188686236032
10201,-10000.0,-1600.0,4,0.8221044263906535
10202,-10000.0,-1600.0,7,0.8220791531780136
10203,-10000.0,-1600.0,3,0.8220683220719494
10204,50000.0,-1000.0,5,0.8220502705895422
10205,-10000.0,-1000.0,3,0.8220394399167136
10206,-10000.0,-1000.0,5,0.822021389156351
10207,50000.0,-400.0,12,0.8219780691726142
10208,50000.0,200.0,5,0.8219600199465011
10209,-10000.0,200.0,5,0.821941971171613
10210,-10000.0,200.0,11,0.8219022654551159
10211,-10000.0,200.0,5,0.8218842181240721
10212,-10000.0,-400.0,12,0.8218409063703502
10213,-10000.0,-400.0,2,0.8218336879973784
10214,-10000.0,-400.0,2,0.82182646969659
10215,-10000.0,-400.0,5,0.8218084242604164
10216,-10000.0,-400.0,2,0.8218012062122642
10217,50000.0,200.0,8,0.8217723347414491
10218,-10000.0,200.0,4,0.8217578994391076
10219,-10000.0,200.0,2,0.821750681896201
10220,-10000.0,200.0,1,0.8217470731518134
10221,-10000.0,200.0,3,0.8217362470269124
10222,50000.0,800.0,6,0.8217145952642796
10223,-10000.0,800.0,1,0.8217109867003247
10224,-10000.0,800.0,1,0.8217073781544125
10225,-10000.0,800.0,3,0.8216965526249319
10226,-10000.0,800.0,4,0.8216821188382177
10227,-10000.0,800.0,4,0.8216676853401764
10228,-10000.0,800.0,5,0.8216496438735622
10229,50000.0,1400.0,3,0.8216388192100892
10230,-10000.0,800.0,6,0.8216171703702472
10231,50000.0,1400.0,15,0.8215630511119669
10232,-10000.0,1400.0,9,0.8215305815052385
10233,-10000.0,1400.0,2,0.8215233662354999
10234,-10000.0,1400.0,8,0.8214945058780615
10235,-10000.0,1400.0,1,0.8214908984145508
10236,-10000.0,1400.0,3,0.8214800761322418
10237,-10000.0,1400.0,3,0.821469254012266
10238,-10000.0,1400.0,1,0.8214656466750143
10239,50000.0,2000.0,12,0.821422360034826
10240,-10000.0,2000.0,5,0.8214043247012677
10241,50000.0,2600.0,8,0.8213754691053955
10242,50000.0,3200.0,33,0.8212564519721766
10243,-10000.0,3200.0,7,0.8212312084381219
10244,50000.0,3800.0,19,0.821162694727773
10245,-10000.0,3800.0,1,0.8211590889233139
10246,-10000.0,3800.0,7,0.8211338487969064
10247,-10000.0,3200.0,3,0.8211230318703016
10248,-10000.0,3200.0,5,0.821105004019854
10249,-10000.0,3200.0,3,0.8210941875259176
10250,-10000.0,3200.0,3,0.8210833711942274
10251,-10000.0,2600.0,2,0.8210761603965695
10252,-10000.0,2600.0,5,0.8210581337178939
10253,-10000.0,2000.0,5,0.8210401074898799
10254,-10000.0,2000.0,5,0.8210220817125157
10255,-10000.0,2000.0,10,0.8209860315096926
10256,-10000.0,2000.0,3,0.8209752168003306
10257,-10000.0,2000.0,3,0.8209644022531879
10258,-10000.0,1400.0,3,0.8209535878682621
10259,-10000.0,1400.0,2,0.820946378368431
10260,-10000.0,1400.0,11,0.8209067274080322
10261,-10000.0,1400.0,2,0.8208995183768033
10262,-10000.0,1400.0,6,0.8208778917156535
10263,-10000.0,1400.0,2,0.8208706829727802
10264,-10000.0,1400.0,1,0.8208670786283762
10265,50000.0,2000.0,15,0.8208130156248671
10266,-10000.0,2000.0,3,0.8208022035107236
10267,-10000,2000.0,1,0.8207985995087161
10268,-10000.0,2000.0,1,0.8207949955247286
10269,-10000.0,1400.0,5,0.820776975875087
10270,-10000.0,800.0,6,0.8207553528901572
10271,50000.0,1400.0,4,0.8207409379272494
10272,-10000.0,1400.0,17,0.8206796775511285
10273,-10000.0,800.0,2,0.820672470790387
10274,-10000.0,800.0,3,0.8206616607844003
10275,-10000.0,800.0,2,0.8206544542038253
10276,-10000,800.0,1,0.8206508509405626
10277,-10000.0,800.0,1,0.8206472476953159
10278,-10000.0,800.0,7,0.8206220254830379
10279,-10000.0,200.0,3,0.8206112162337252
10280,-10000.0,200.0,3,0.82060040714655
10281,-10000.0,200.0,1,0.8205968041535218
10282,-10000.0,200.0,3,0.8205859952825263
10283,-10000.0,200.0,6,0.8205643780269283
10284,-10000.0,200.0,1,0.8205607752140451
10285,50000.0,200.0,4,0.820546364142652
10286,50000.0,800.0,16,0.8204887227392075
10287,-10000,800.0,1,0.8204851203045999
10288,-10000.0,800.0,3,0.8204743131088496
10289,-10000.0,800.0,4,0.8204599037666812
10290,-10000.0,200.0,3,0.8204490969491761
10291,-10000.0,200.0,4,0.820434688111326
10292,-10000.0,200.0,7,0.8204094733385032
10293,-10000.0,200.0,1,0.8204058713001416
10294,50000.0,800.0,4,0.8203914633267958
10295,-10000.0,200.0,8,0.8203626482445683
10296,-10000.0,200.0,1,0.8203590464403314
10297,-10000.0,200.0,1,0.8203554446541038
10298,-10000.0,-400.0,1,0.8203518428858849
10299,-10000.0,-400.0,2,0.8203446394034736
10300,-10000.0,-400.0,1,0.8203410376892809
10301,-10000.0,-400.0,6,0.8203194277823004
10302,-10000.0,-400.0,5,0.8203014200217037
10303,50000.0,200.0,5,0.8202834127112956
10304,-10000.0,-400.0,13,0.820236595811035
10305,-10000.0,-400.0,3,0.8202257923431241
10306,-10000.0,-400.0,3,0.820214989037264
10307,-10000.0,-1000.0,2,0.8202077869233843
10308,50000.0,-1000.0,12,0.8201645757525169
10309,50000.0,-400.0,22,0.82008536200602
10310,-10000.0,-400.0,5,0.8200673600969947
10311,-10000.0,-400.0,5,0.8200493586380114
10312,-10000.0,-400.0,5,0.820031357629059
10313,-10000.0,-400.0,2,0.8200241573514843
10314,50000.0,200.0,14,0.8199737574244876
10315,-10000.0,200.0,2,0.8199665577229119
10316,50000.0,800.0,16,0.8199089627021257
10317,50000.0,800.0,5,0.8198909652030278
10318,-10000.0,800.0,2,0.8198837663293701
10319,-10000.0,800.0,3,0.8198729681538618
10320,-10000.0,800.0,11,0.8198333762294012
10321,50000.0,1400.0,11,0.8197937864824366
10322,-10000.0,800.0,4,0.8197793907506647
10323,-10000.0,800.0,2,0.8197721929927462
10324,-10000.0,800.0,2,0.8197649953068047
10325,50000.0,1400.0,4,0.8197506001508507
10326,-10000.0,1400.0,1,0.8197470014068468
10327,-10000.0,1400.0,4,0.819732606610767
10328,-10000.0,1400.0,1,0.8197290079567305
10329,-10000.0,800.0,1,0.8197254093206874
10330,-10000.0,800.0,1,0.8197218107026373
10331,-10000.0,200.0,4,0.8197074164103667
10332,-10000.0,200.0,1,0.819703817882281
10333,50000.0,800.0,8,0.8196750303053211
10334,50000.0,1400.0,4,0.8196606369486489
10335,-10000.0,1400.0,8,0.8196318510988919
10336,-10000.0,1400.0,11,0.8195922724355046
10337,-10000.0,1400.0,1,0.8195886744831373
10338,-10000.0,1400.0,3,0.8195778807339734
10339,50000.0,1400.0,3,0.8195670871467146
10340,-10000.0,1400.0,9,0.8195347073563437
10341,-10000.0,800.0,1,0.8195311096918011
10342,-10000.0,200.0,2,0.8195239144166806
10343,-10000.0,200.0,4,0.819509524082296
10344,-10000.0,-400.0,3,0.8194987315203792
10345,-10000.0,-400.0,2,0.819491536569039
10346,-10000.0,-400.0,2,0.8194843416896477
10347,-10000.0,-400.0,1,0.8194807442769327
10348,-10000.0,-400.0,8,0.8194519656227386
10349,-10000.0,-400.0,1,0.8194483683719036
10350,-10000.0,-400.0,4,0.8194339795484249
10351,-10000.0,-400.0,3,0.8194231881196676
10352,50000.0,200.0,4,0.8194087997997889
10353,-10000.0,200.0,3,0.8193980087487249
10354,-10000.0,200.0,7,0.8193728302590448
10355,-10000.0,200.0,3,0.81936203974752
10356,-10000.0,200.0,5,0.8193440559213251
10357,50000.0,800.0,5,0.8193260725447202
10358,-10000.0,800.0,1,0.8193224759233491
10359,-10000.0,800.0,5,0.8193044930862373
10360,50000.0,1400.0,15,0.8192505472722492
10361,-10000.0,1400.0,1,0.8192469510285034
10362,-10000.0,1400.0,2,0.8192397585949553
10363,-10000,1400.0,1,0.819236162405153
10364,-10000.0,1400.0,3,0.8192253739436305
10365,50000.0,1400.0,10,0.81918941357395
10366,-10000.0,1400.0,1,0.819185817635872
10367,-10000.0,1400.0,2,0.8191786258136549
10368,-10000.0,1400.0,8,0.8191498592439576
10369,-10000.0,1400.0,1,0.8191462635036506
10370,50000.0,2000.0,3,0.8191354763906016
10371,-10000.0,1400.0,1,0.8191318807222089
10372,-10000.0,1400.0,5,0.8191139026499177
10373,-10000.0,1400.0,2,0.8191067115468467
10374,-10000.0,1400.0,1,0.8191031160222778
10375,-10000.0,1400.0,2,0.8190959250270726
10376,50000.0,2000.0,13,0.8190491853110031
10377,-10000.0,2000.0,1,0.8190455900740646
10378,-10000.0,2000.0,3,0.8190348044711058
10379,-10000.0,2000.0,3,0.8190240190299297
10380,-10000.0,2000.0,2,0.8190168288256905
10381,-10000.0,2000.0,3,0.8190060436541471
10382,-10000.0,2000.0,1,0.8190024486329164
10383,-10000.0,2000.0,2,0.81899525864438
10384,-10000.0,2000.0,2,0.8189880687277433
10385,50000.0,2000.0,5,0.8189700942507069
10386,-10000.0,1400.0,1,0.8189664994092228
10387,-10000.0,1400.0,2,0.818959309780177
10388,-10000.0,1400.0,6,0.818937741324412
10389,-10000.0,1400.0,1,0.818934146644692
10390,-10000.0,1400.0,2,0.8189269573391722
10391,50000.0,2000.0,8,0.8188982008360125
10392,-10000.0,2000.0,1,0.8188946063539946
10393,-10000.0,2000.0,4,0.8188802286056454
10394,50000.0,2000.0,6,0.8188586625222802
10395,-10000.0,2000.0,4,0.8188442854928004
10396,-10000.0,2000.0,2,0.8188370970858876
10397,-10000.0,2000.0,4,0.8188227204877124
10398,50000.0,2600.0,8,0.8187939681539435
10399,-10000.0,2600.0,4,0.8187795924183381
10400,50000.0,3200.0,11,0.8187400606278894
10401,-10000.0,3200.0,3,0.8187292796078378
10402,-10000.0,3200.0,3,0.8187184987495003
10403,-10000.0,2600.0,9,0.8186861571447481
10404,50000.0,3200.0,2,0.8186789703191109
10405,-10000.0,3200.0,1,0.8186753769332428
10406,-10000.0,3200.0,5,0.8186574102734036
10407,-10000.0,3200.0,10,0.8186214783011967
10408,-10000.0,2600.0,7,0.8185963269896067
10409,-10000.0,2000.0,5,0.8185783623059915
10410,-10000.0,2000.0,5,0.8185603980714876
10411,-10000.0,2000.0,2,0.8185532125034349
10412,-10000.0,2000.0,4,0.8185388415828945
10413,-10000.0,2000.0,2,0.8185316562304055
10414,50000.0,2000.0,5,0.818513693163539
10415,50000.0,2600.0,2,0.8185065080625329
10416,-10000.0,2000.0,3,0.8184957305457435
10417,-10000.0,1400.0,1,0.818492138076072
10418,50000.0,2000.0,4,0.8184777683770079
10419,-10000.0,2000.0,13,0.8184310688398148
10420,-10000.0,2000.0,4,0.8184167003621233
10421,-10000.0,1400.0,2,0.8184095162310404
10422,50000.0,2000.0,4,0.8183951481843967
10423,-10000,2000.0,1,0.8183915562176357
10424,-10000.0,2000.0,4,0.8183771885301887
10425,-10000.0,1400.0,4,0.8183628211300926
10426,-10000.0,1400.0,2,0.8183556375377993
10427,-10000.0,1400.0,2,0.8183484540173416
10428,-10000.0,1400.0,2,0.8183412705687186
10429,50000.0,2000.0,4,0.8183269038869746
10430,-10000.0,2000.0,5,0.8183089459388528
10431,-10000.0,2000.0,5,0.818290988439674
10432,-10000.0,2000.0,2,0.818283805565704
10433,-10000.0,1400.0,5,0.8182658486950267
10434,50000.0,1400.0,6,0.8182443010427822
10435,-10000.0,1400.0,5,0.8182263451597056
10436,-10000.0,1400.0,1,0.8182227540369577
10437,-10000.0,1400.0,3,0.8182119807764467
10438,-10000.0,1400.0,2,0.8182047986925495
10439,-10000.0,800.0,3,0.8181940257013667
10440,-10000.0,800.0,1,0.8181904347402156
10441,50000.0,1400.0,19,0.818122209889647
10442,-10000.0,1400.0,13,0.8180755334630044
10443,-10000.0,1400.0,3,0.8180647624107856
10444,-10000.0,1400.0,2,0.8180575817990646
10445,-10000.0,1400.0,11,0.8180180897181079
10446,-10000.0,1400.0,5,0.8180001394902436
10447,-10000.0,1400.0,4,0.8179857796310529
10448,-10000.0,1400.0,4,0.8179714200590565
10449,50000.0,2000.0,9,0.817939112072089
10450,50000.0,2600.0,4,0.8179247534334345
10451,-10000.0,2600.0,2,0.8179175742217963
10452,-10000.0,2000.0,8,0.8178888580931538
10453,-10000.0,2000.0,2,0.8178816792404672
10454,-10000.0,2000.0,2,0.8178745004595688
10455,-10000.0,2000.0,1,0.8178709110960399
10456,-10000.0,2000.0,3,0.8178601431131335
10457,-10000.0,1400.0,4,0.8178457860538423
10458,-10000.0,1400.0,8,0.8178170727966692
10459,-10000.0,1400.0,6,0.8177955386074997
10460,-10000.0,800.0,5,0.8177775939433438
10461,-10000.0,800.0,4,0.8177632385350194
10462,-10000.0,800.0,1,0.8177596497277988
10463,-10000.0,800.0,1,0.8177560609385222
10464,50000.0,1400.0,6,0.8177345285796809
10465,-10000.0,800.0,5,0.8177165854407566
10466,-10000,800.0,1,0.8177129968668009
10467,50000.0,1400.0,3,0.8177022312525901
10468,-10000.0,1400.0,4,0.8176878773515046
10469,50000.0,2000.0,6,0.8176663470381403
10470,-10000.0,1400.0,5,0.8176484056037333
10471,-10000.0,1400.0,1,0.8176448173706758
10472,-10000.0,1400.0,1,0.8176412291555596
10473,-10000.0,1400.0,1,0.8176376409583843
10474,-10000,1400.0,1,0.81763405277915
10475,-10000.0,1400.0,3,0.8176232883490917
10476,-10000.0,800.0,4,0.8176089360268484
10477,50000.0,1400.0,5,0.8175909960276987
10478,-10000.0,1400.0,2,0.8175838201536179
10479,-10000.0,1400.0,7,0.8175587051594274
10480,-10000.0,1400.0,1,0.8175551173748711
10481,50000.0,2000.0,7,0.8175300033852603
10482,-10000.0,2000.0,4,0.8175156529286977
10483,-10000.0,2000.0,9,0.8174833654507896
10484,-10000.0,2000.0,2,0.817476190653009
10485,50000.0,2000.0,6,0.8174546666901507
10486,-10000.0,2000.0,2,0.8174474921793563
10487,-10000.0,2000.0,1,0.8174439049508634
10488,50000.0,2600.0,15,0.8173900986757527
10489,-10000.0,2600.0,3,0.8173793379049785
10490,-10000.0,2600.0,3,0.8173685772956147
10491,-10000.0,2000.0,4,0.8173542300675416
10492,50000.0,2600.0,11,0.8173147766698663
10493,50000.0,3200.0,20,0.8172430487786536
10494,-10000.0,2600.0,2,0.8172358763840278
10495,-10000.0,2600.0,1,0.8172322902136113
10496,-10000.0,2600.0,1,0.8172287040611257
10497,-10000.0,2600.0,1,0.8172251179265707
10498,-10000.0,2000.0,6,0.817203601495781
10499,50000.0,2600.0,4,0.8171892575671909
10500,-10000.0,2000.0,1,0.8171856716298679
10501,-10000.0,2000.0,6,0.8171641563824493
10502,50000.0,2600.0,7,0.8171390560762338
10503,-10000.0,2600.0,3,0.8171282990710704
10504,50000.0,2600.0,15,0.817074516465513
10505,50000.0,3200.0,12,0.8170314932852334
10506,-10000.0,3200.0,3,0.8170207378934998
10507,50000.0,3800.0,7,0.8169956426068435
10508,-10000.0,3800.0,5,0.8169777179398376
10509,-10000.0,3800.0,7,0.8169526241588535
10510,-10000.0,3800.0,3,0.816941869950148
10511,-10000.0,3800.0,5,0.8169239466274416
10512,-10000.0,3800.0,1,0.81692036201667
10513,-10000.0,3800.0,4,0.8169060237528127
10514,-10000.0,3200.0,4,0.8168916857757179
10515,50000.0,3200.0,7,0.8168665950058068
10516,-10000.0,3200.0,4,0.8168522578172791
10517,-10000.0,3200.0,2,0.8168450893305435
10518,-10000.0,2600.0,8,0.8168164161004386
10519,50000.0,3200.0,20,0.8167447380427911
10520,-10000.0,3200.0,3,0.816733986952354
10521,50000.0,3800.0,5,0.8167160688266576
10522,-10000.0,3200.0,2,0.8167089017018051
10523,-10000.0,3200.0,1,0.8167053181662554
10524,-10000.0,3200.0,12,0.8166623171372092
10525,-10000.0,3200.0,4,0.816647984034198
10526,-10000.0,3200.0,1,0.8166444008032359
10527,-10000.0,3200.0,4,0.8166300680585478
10528,-10000.0,3200.0,1,0.8166264849171654
10529,-10000.0,2600.0,5,0.8166085694789863
10530,-10000.0,2600.0,1,0.8166049864450965
10531,-10000.0,2600.0,3,0.8165942374509174
10532,-10000.0,2600.0,5,0.816576322818915
10533,-10000.0,2600.0,2,0.8165691570915156
10534,-10000.0,2000.0,3,0.8165584086347728
10535,-10000.0,2000.0,2,0.8165512430865143
10536,50000.0,2600.0,7,0.8165261642318887
10537,-10000.0,2600.0,2,0.8165189990060726
10538,50000.0,3200.0,3,0.8165082513016955
10539,50000.0,3800.0,8,0.8164795915448424
10540,50000.0,4400.0,15,0.816425857590525
10541,-10000.0,3800.0,5,0.8164079471679664
10542,-10000.0,3800.0,1,0.8164043651371856
10543,-10000.0,3800.0,2,0.8163972011293544
10544,-10000.0,3800.0,2,0.8163900371931628
10545,-10000.0,3800.0,6,0.8163685458144194
10546,-10000.0,3800.0,2,0.8163613821647795
10547,-10000.0,3800.0,4,0.8163470550804075
10548,-10000,3800.0,1,0.8163434733540865
10549,50000.0,3800.0,4,0.8163291466278871
10550,-10000.0,3200.0,3,0.8163184017712743
10551,-10000.0,3200.0,1,0.8163148201882194
10552,-10000.0,3200.0,4,0.8163004940350777
10553,-10000.0,3200.0,3,0.8162897496082506
10554,-10000,3200.0,1,0.8162861681684561
10555,50000.0,3800.0,3,0.8162754239565154
10556,-10000.0,3800.0,14,0.8162252864316722
10557,-10000.0,3800.0,1,0.8162217053141929
10558,-10000.0,3800.0,3,0.8162109620691878
10559,-10000.0,3800.0,5,0.8161930570189501
10560,-10000.0,3800.0,8,0.8161644098696161
10561,50000.0,4400.0,10,0.8161286025443132
10562,-10000.0,4400.0,6,0.8161071190084915
10563,50000.0,5000.0,8,0.8160784752966093
10564,-10000.0,4400.0,4,0.8160641538703182
10565,-10000.0,4400.0,6,0.8160426722679276
10566,-10000.0,4400.0,4,0.8160283515576898
10567,50000.0,4400.0,5,0.8160104510726579
10568,-10000.0,4400.0,8,0.8159818112274158
10569,-10000.0,3800.0,1,0.8159782313273093
10570,-10000.0,3800.0,1,0.8159746514451024
10571,50000.0,4400.0,5,0.8159567523025565
10572,-10000.0,4400.0,10,0.8159209553598724
10573,-10000.0,4400.0,1,0.8159173757640446
10574,-10000.0,4400.0,1,0.8159137961861147
10575,-10000.0,4400.0,1,0.8159102166260827
10576,-10000.0,4400.0,3,0.8158994780533727
10577,-10000.0,3800.0,7,0.8158744220101243
10578,-10000.0,3800.0,2,0.8158672633016978
10579,-10000.0,3800.0,1,0.8158636839743296
10580,-10000.0,3800.0,2,0.8158565253732828
10581,50000.0,3800.0,6,0.8158350499996538
10582,-10000.0,3800.0,2,0.8158278916849455
10583,-10000.0,3800.0,4,0.8158135752702764
10584,-10000.0,3800.0,3,0.815802838147176
10585,50000.0,3800.0,18,0.8157384187906573
10586,-10000.0,3800.0,7,0.8157133683843844
10587,-10000,3800.0,1,0.8157097898264888
10588,-10000.0,3200.0,4,0.8156954757738333
10589,-10000.0,3200.0,4,0.8156811620074559
10590,-10000.0,3200.0,2,0.8156740052316198
10591,-10000.0,3200.0,2,0.815666848527351
10592,-10000.0,2600.0,5,0.8156489570797819
10593,-10000.0,2000.0,10,0.8156131755264743
10594,-10000.0,2000.0,1,0.8156095974695416
10595,-10000.0,2000.0,3,0.8155988634060853
10596,50000.0,2600.0,10,0.8155630843573987
10597,-10000.0,2600.0,2,0.8155559287623332
10598,50000.0,3200.0,5,0.8155380400877235
10599,-10000.0,2600.0,9,0.815505841600391
10600,-10000.0,2600.0,2,0.81549868657775
10601,-10000.0,2600.0,7,0.8154736445619577
10602,-10000.0,2000.0,2,0.8154664898612857
10603,-10000.0,2000.0,4,0.8154521806745808
10604,-10000.0,1400.0,3,0.8154414489723586
10605,-10000.0,800.0,2,0.8154342945936409
10606,50000.0,1400.0,14,0.8153842159457925
10607,-10000.0,800.0,8,0.8153556011494543
10608,-10000.0,800.0,2,0.8153484476292105
10609,-10000.0,800.0,3,0.8153377174829723
10610,-10000.0,800.0,1,0.8153341408033267
10611,50000.0,1400.0,4,0.8153198342635765
10612,-10000.0,1400.0,4,0.8153055280099543
10613,50000.0,2000.0,8,0.8152769163610706
10614,-10000.0,2000.0,2,0.8152697636276707
10615,-10000.0,1400.0,2,0.8152626109657978
10616,-10000.0,1400.0,3,0.8152518821071
10617,-10000.0,1400.0,3,0.8152411534093338
10618,-10000.0,1400.0,4,0.8152268487293128
10619,-10000.0,800.0,2,0.8152196964965868
10620,-10000.0,800.0,5,0.8152018162276786
10621,50000.0,800.0,4,0.8151875123343935
10622,-10000.0,800.0,4,0.8151732087271835
10623,50000.0,1400.0,7,0.8151481781029164
10624,-10000.0,1400.0,4,0.815133875282383
10625,-10000.0,1400.0,2,0.8151267239793868
10626,-10000.0,1400.0,3,0.8151159971589785
10627,50000.0,2000.0,5,0.8150981194825214
10628,50000.0,2600.0,6,0.8150766668607278
10629,-10000.0,2600.0,3,0.8150659407911707
10630,-10000.0,2600.0,3,0.8150552148825033
10631,-10000.0,2600.0,3,0.8150444891347234
10632,-10000.0,2600.0,4,0.8150301883879486
10633,-10000.0,2600.0,3,0.8150194630155633
10634,-10000.0,2600.0,1,0.8150158879271859
10635,50000.0,3200.0,3,0.8150051627693059
10636,50000.0,3200.0,17,0.8149443899133535
10637,50000.0,3800.0,4,0.8149300911685431
10638,-10000.0,3200.0,11,0.8148907710948408
10639,-10000.0,2600.0,1,0.8148871966499215
10640,-10000.0,2000.0,3,0.8148764734223961
10641,-10000.0,2000.0,3,0.8148657503557181
10642,-10000.0,2000.0,4,0.814851453183683
10643,-10000.0,2000.0,8,0.8148228596974292
10644,-10000.0,2000.0,12,0.8147799716125028
10645,50000.0,2600.0,7,0.8147549547512941
10646,-10000.0,2600.0,3,0.8147442335073823
10647,-10000.0,2600.0,6,0.8147227915020088
10648,-10000.0,2600.0,1,0.8147192178969853
10649,-10000.0,2000.0,4,0.8147049236555702
10650,-10000.0,2000.0,2,0.8146977766420688
10651,-10000.0,2000.0,3,0.8146870562558222
10652,-10000.0,2000.0,1,0.8146834828294746
10653,50000.0,2600.0,10,0.8146477495486726
10654,-10000.0,2600.0,3,0.8146370299128268
10655,-10000.0,2000.0,1,0.8146334567366101
10656,-10000.0,2000.0,4,0.8146191642104011
10657,50000.0,2600.0,9,0.8145870070715527
10658,-10000.0,2600.0,19,0.8145191245303527
10659,-10000.0,2600.0,8,0.8144905443369792
10660,-10000.0,2600.0,1,0.8144869718931886
10661,-10000.0,2000.0,4,0.8144726822966472
10662,50000.0,2600.0,3,0.8144619652867905
10663,-10000.0,2000.0,1,0.8144583929858948
10664,-10000.0,2000.0,3,0.8144476761903762
10665,-10000.0,2000.0,1,0.8144441039609258
10666,50000.0,2600.0,9,0.8144119546996114
10667,-10000.0,2000.0,8,0.8143833787929453
10668,-10000.0,2000.0,2,0.8143762349948765
10669,-10000.0,2000.0,4,0.8143619476130509
10670,-10000.0,2000.0,3,0.8143512322642019
10671,-10000.0,1400.0,8,0.8143226587863848
10672,-10000.0,1400.0,9,0.8142905149899803
10673,-10000.0,1400.0,1,0.8142869435463339
10674,-10000,1400.0,1,0.8142833721205447
10675,-10000.0,1400.0,6,0.8142619439408054
10676,-10000.0,1400.0,8,0.8142333740344497
10677,-10000.0,1400.0,10,0.8141976632585249
10678,50000.0,2000.0,2,0.8141905213176021
10679,50000.0,2600.0,16,0.8141333883612454
10680,-10000.0,2600.0,4,0.8141191058363039
10681,-10000.0,2000.0,1,0.8141155352497011
10682,-10000.0,2000.0,1,0.8141119646809514
10683,-10000.0,2000.0,5,0.8140941121049924
10684,-10000.0,2000.0,9,0.8140619785929571
10685,-10000.0,1400.0,2,0.8140548380088742
10686,-10000.0,1400.0,2,0.8140476974961967
10687,-10000.0,1400.0,8,0.8140191361595275
10688,-10000.0,1400.0,5,0.8140012859042526
10689,-10000.0,1400.0,2,0.8139941459270935
10690,-10000.0,1400.0,10,0.8139584471122749
10691,-10000.0,1400.0,2,0.8139513075635016
10692,-10000.0,1400.0,16,0.8138941937434797
10693,-10000.0,1400.0,11,0.8138549306425691
10694,-10000.0,1400.0,1,0.813851361376839
10695,-10000.0,1400.0,2,0.8138442228989177
10696,-10000.0,800.0,1,0.8138406536867263
10697,50000.0,1400.0,9,0.8138085315800632
10698,50000.0,1400.0,9,0.8137764109188623
10699,-10000.0,1400.0,3,0.813765704352998
10700,-10000.0,1400.0,1,0.8137621355333984
10701,-10000.0,1400.0,3,0.8137514291816632
10702,-10000.0,1400.0,1,0.8137478604334392
10703,-10000.0,1400.0,2,0.813740722990522
10704,-10000.0,1400.0,2,0.813733585618979
10705,-10000.0,1400.0,1,0.8137300169599726
10706,-10000.0,800.0,2,0.8137228796954894
10707,-10000,800.0,1,0.8137193110900125
10708,-10000.0,800.0,3,0.813708605380639
10709,50000.0,1400.0,8,0.8136800576073832
10710,50000.0,2000.0,5,0.8136622158289661
10711,50000.0,2000.0,6,0.8136408062836361
10712,-10000.0,2000.0,4,0.8136265336102376
10713,-10000.0,1400.0,1,0.8136229654864898
10714,-10000.0,1400.0,5,0.813605125135358
10715,-10000.0,1400.0,2,0.8135979891197869
10716,-10000.0,1400.0,13,0.8135516067579371
10717,-10000.0,1400.0,2,0.813544471277547
10718,-10000.0,1400.0,4,0.8135302005308294
10719,-10000.0,1400.0,5,0.8135123624987924
10720,-10000.0,1400.0,1,0.8135087949458989
10721,-10000.0,800.0,2,0.8135016598936247
10722,50000.0,1400.0,5,0.8134838225750948
10723,-10000.0,800.0,7,0.8134588510783084
10724,-10000.0,800.0,11,0.8134196119205858
10725,-10000.0,800.0,2,0.8134124777601375
10726,-10000.0,800.0,5,0.813394642671133
10727,-10000.0,200.0,3,0.8133839418317494
10728,-10000.0,-400.0,1,0.8133803749209575
10729,-10000.0,-400.0,1,0.8133768080280002
10730,-10000.0,-400.0,1,0.8133732411528772
10731,-10000.0,-400.0,8,0.8133447067939221
10732,-10000.0,-400.0,4,0.8133304400424543
10733,50000.0,200.0,9,0.8132983408948885
10734,-10000.0,200.0,1,0.8132947744121003
10735,-10000.0,-400.0,1,0.8132912079471445
10736,-10000.0,-1000.0,8,0.8132626768694519
10737,-10000.0,-1600.0,4,0.8132484117585661
10738,-10000.0,-1600.0,3,0.8132377131126297
10739,-10000,-1600.0,1,0.8132341469329797
10740,-10000.0,-1600.0,3,0.813223448501014
10741,-10000.0,-1600.0,6,0.8132020521185064
10742,-10000.0,-1600.0,6,0.8131806563778806
10743,-10000.0,-1600.0,2,0.8131735246069758
10744,-10000.0,-1600.0,15,0.8131200385983806
10745,-10000.0,-2200.0,4,0.8131057763402316
10746,-10000.0,-2200.0,8,0.813077252679655
10747,-10000.0,-2200.0,7,0.813052295412566
10748,-10000.0,-2200.0,2,0.8130451649252644
10749,-10000.0,-2200.0,3,0.8130344693280076
10750,-10000.0,-2200.0,5,0.8130166436890959
10751,-10000.0,-2200.0,1,0.8130130786147901
10752,50000.0,-1600.0,4,0.8129988184958195
10753,-10000.0,-2200.0,2,0.8129916885432844
10754,-10000.0,-2200.0,2,0.8129845586620483
10755,-10000.0,-2200.0,12,0.8129417808718752
10756,-10000.0,-2200.0,1,0.8129382161718827
10757,-10000.0,-2800.0,1,0.8129346514897134
10758,-10000.0,-2800.0,2,0.8129275221788451
10759,-10000.0,-2800.0,1,0.8129239575501458
10760,-10000.0,-2800.0,6,0.8129025701522319
10761,-10000.0,-2800.0,1,0.8128990056482924
10762,-10000.0,-3400.0,6,0.8128776189989243
10763,-10000.0,-3400.0,3,0.8128669259148377
10764,-10000.0,-3400.0,3,0.8128562329911461
10765,-10000.0,-3400.0,5,0.812838411808087
10766,50000.0,-3400.0,6,0.8128170269765068
10767,-10000.0,-3400.0,13,0.8127706953755467
10768,-10000.0,-3400.0,4,0.8127564401041925
10769,-10000.0,-3400.0,7,0.8127314940653471
10770,-10000.0,-3400.0,7,0.8127065488995976
10771,-10000.0,-3400.0,6,0.8126851680238454
10772,-10000.0,-3400.0,4,0.812670914463021
10773,-10000.0,-3400.0,2,0.8126637877895098
10774,-10000.0,-3400.0,1,0.8126602244794792
10775,-10000.0,-3400.0,11,0.8126210292450116
10776,-10000.0,-3400.0,1,0.8126174661487731
10777,-10000.0,-3400.0,3,0.8126067769669499
10778,-10000.0,-4000.0,7,0.8125818361662227
10779,-10000.0,-4600.0,1,0.812578273265949
10780,-10000.0,-4600.0,7,0.8125533334628339
10781,-10000,-4600.0,1,0.8125497707050734
10782,-10000.0,-4600.0,5,0.8125319571834757
10783,-10000.0,-4600.0,8,0.8125034564752064
10784,-10000.0,-4600.0,2,0.8124963314762667
10785,-10000.0,-4600.0,3,0.8124856441114501
10786,-10000.0,-4600.0,7,0.8124607075502984
10787,-10000.0,-4600.0,3,0.8124500207198366
10788,-10000.0,-4600.0,10,0.8124143991093483
10789,-10000.0,-4600.0,6,0.8123930269979583
10790,-10000.0,-4600.0,1,0.8123894650417283
10791,-10000.0,-4600.0,4,0.8123752173949044
10792,-10000.0,-4600.0,1,0.8123716555277221
10793,-10000.0,-4600.0,5,0.8123538464589481
10794,-10000.0,-4600.0,2,0.8123467229561011
10795,-10000.0,-4600.0,1,0.8123431612313907
10796,-10000.0,-4600.0,1,0.8123395995244888
10797,-10000.0,-5200.0,7,0.8123146680748083
10798,-10000.0,-5800.0,6,0.8122932989553046
10799,-10000.0,-5800.0,2,0.8122861760579295
10800,-10000.0,-5800.0,2,0.8122790532317831
10801,-10000.0,-5800.0,1,0.8122754918454204
10802,50000.0,-5200.0,6,0.8122541239011858
10803,-10000.0,-5200.0,1,0.8122505626394695
10804,-10000.0,-5200.0,6,0.8122291954430998
10805,-10000.0,-5200.0,3,0.8122185120852936
10806,-10000.0,-5200.0,7,0.8121935848735993
10807,-10000.0,-5200.0,1,0.8121900239145774
10808,-10000.0,-5200.0,4,0.8121757802565361
10809,50000.0,-5200.0,2,0.8121686585343423
10810,50000.0,-5200.0,10,0.8121330509916115
10811,-10000.0,-5800.0,3,0.8121223690759611
10812,-10000.0,-5800.0,2,0.8121152478878765
10813,-10000.0,-5800.0,6,0.8120938847508884
10814,-10000,-5800.0,1,0.8120903242903659
10815,-10000.0,-5800.0,3,0.8120796430156113
10816,-10000.0,-5800.0,12,0.812036919518748
10817,-10000.0,-5800.0,1,0.8120333593430509
10818,-10000.0,-5800.0,3,0.8120226789227641
10819,-10000.0,-5800.0,1,0.8120191188182697
10820,-10000.0,-5800.0,1,0.8120155587315759
10821,50000.0,-5200.0,9,0.811983518752338
10822,-10000.0,-5800.0,7,0.8119585997652664
10823,-10000.0,-5800.0,4,0.8119443607356619
10824,-10000.0,-5800.0,1,0.8119408010227576
10825,50000.0,-5200.0,3,0.811930121990835
10826,-10000.0,-5200.0,2,0.8119230027252116
10827,-10000.0,-5200.0,3,0.8119123239602616
10828,-10000,-5200.0,1,0.8119087644075408
10829,-10000.0,-5200.0,4,0.8118945263746333
10830,50000.0,-4600.0,5,0.8118767292339392
10831,-10000.0,-4600.0,1,0.8118731698591914
10832,-10000.0,-4600.0,16,0.8118162222835361
10833,50000.0,-4600.0,4,0.8118019861014528
10834,-10000.0,-4600.0,5,0.8117841912742365
10835,-10000.0,-4600.0,6,0.811762838068798
10836,-10000.0,-4600.0,1,0.8117592792635047
10837,-10000.0,-4600.0,3,0.8117486029543881
10838,-10000.0,-4600.0,2,0.811741485503946
10839,-10000.0,-4600.0,10,0.8117058993193328
10840,-10000.0,-4600.0,4,0.8116916653436866
10841,-10000.0,-4600.0,3,0.8116809900487714
10842,-10000.0,-4600.0,3,0.8116703149139844
10843,50000.0,-4000.0,5,0.8116525233785067
10844,-10000.0,-4000.0,8,0.8116240578468858
10845,-10000.0,-4000.0,4,0.8116098255080528
10846,50000.0,-3400.0,3,0.8115991514407259
10847,-10000.0,-3400.0,3,0.8115884775335088
10848,-10000.0,-3400.0,2,0.8115813616843127
10849,-10000.0,-3400.0,2,0.8115742459062748
10850,-10000.0,-3400.0,6,0.8115528989991029
10851,50000.0,-2800.0,11,0.811513764665862
10852,-10000.0,-3400.0,11,0.8114746324849502
10853,-10000.0,-3400.0,12,0.8114319452876299
10854,-10000.0,-3400.0,1,0.8114283881367962
10855,50000.0,-2800.0,8,0.8113999315704059
10856,-10000.0,-2800.0,1,0.8113963745796405
10857,-10000.0,-2800.0,1,0.81139281760666
10858,-10000.0,-2800.0,1,0.8113892606514644
10859,-10000.0,-2800.0,6,0.8113679192937668
10860,-10000.0,-2800.0,2,0.8113608056501422
10861,-10000.0,-2800.0,4,0.8113465785763004
10862,-10000.0,-2800.0,3,0.8113359084576479
10863,50000.0,-2200.0,6,0.8113145687004921
10864,-10000.0,-2200.0,6,0.8112932295835195
10865,-10000.0,-2200.0,7,0.8112683347561461
10866,-10000.0,-2800.0,4,0.8112541095317037
10867,-10000.0,-2800.0,3,0.8112434408000764
10868,-10000.0,-2800.0,13,0.8111972114788936
10869,-10000.0,-2800.0,1,0.8111936555017261
10870,-10000.0,-2800.0,1,0.8111900995423386
10871,-10000.0,-2800.0,1,0.8111865436007307
10872,-10000.0,-2800.0,3,0.8111758758825848
10873,50000.0,-2200.0,4,0.8111616525073013
10874,-10000.0,-2200.0,2,0.8111545409263342
10875,-10000.0,-2200.0,11,0.8111154285021848
10876,50000.0,-1600.0,16,0.8110585415434133
10877,-10000.0,-1600.0,1,0.8110549862595938
10878,-10000.0,-1600.0,5,0.8110372101071401
10879,-10000.0,-1600.0,1,0.8110336549299776
10880,50000.0,-1000.0,6,0.8110123242402916
10881,-10000.0,-1000.0,3,0.8110016591354164
10882,-10000.0,-1000.0,3,0.8109909941905168
10883,-10000.0,-1000.0,1,0.8109874392444332
10884,-10000.0,-1000.0,3,0.8109767745128301
10885,-10000.0,-1000.0,2,0.8109696647806338
10886,-10000.0,-1000.0,3,0.8109590003156457
10887,-10000.0,-1000.0,5,0.8109412265628108
10888,-10000.0,-1000.0,3,0.8109305625243928
10889,-10000.0,-1000.0,1,0.8109270078804667
10890,-10000.0,-1000.0,4,0.8109127894824937
10891,-10000,-1000.0,1,0.8109092349274325
10892,-10000.0,-1000.0,1,0.8109056803901442
10893,-10000.0,-1000.0,8,0.8108772447316457
10894,-10000.0,-1000.0,6,0.8108559187341953
10895,-10000.0,-1000.0,3,0.8108452559753851
10896,50000.0,-400.0,9,0.8108132686585863
10897,-10000.0,-400.0,5,0.810795498548997
10898,-10000.0,-400.0,7,0.810770621141905
10899,-10000.0,-400.0,2,0.810763513471232
10900,-10000.0,-400.0,5,0.810745744605507
10901,-10000.0,-400.0,3,0.8107350834992963
10902,-10000.0,-1000.0,7,0.8107102082066941
10903,-10000.0,-1000.0,1,0.8107066546645368
10904,-10000,-1000.0,1,0.8107031011401474
10905,-10000.0,-1000.0,5,0.8106853337847117
10906,50000.0,-400.0,5,0.8106675668734545
10907,-10000.0,-400.0,3,0.810656906939901
10908,-10000.0,-400.0,4,0.8106426939438928
10909,-10000.0,-1000.0,2,0.8106355875524853
10910,-10000.0,-1600.0,9,0.8106036096705531
10911,-10000.0,-1600.0,4,0.8105893977404794
10912,-10000.0,-1600.0,2,0.8105822918820316
10913,-10000.0,-1600.0,2,0.8105751860946416
10914,-10000.0,-1600.0,11,0.8105361055341317
10915,-10000.0,-1600.0,3,0.8105254475724836
10916,-10000.0,-1600.0,4,0.8105112372056363
10917,-10000.0,-1600.0,10,0.8104757125319003
10918,50000.0,-1000.0,7,0.8104508463171229
10919,-10000.0,-1000.0,3,0.8104401896343535
10920,-10000.0,-1000.0,4,0.810425980972648
10921,-10000.0,-1600.0,1,0.8104224288516233
10922,-10000.0,-1600.0,5,0.8104046685129073
10923,-10000.0,-1600.0,3,0.8103940125227996
10924,-10000.0,-1600.0,8,0.8103655973306064
10925,-10000.0,-2200.0,15,0.8103123219086599
10926,50000.0,-1600.0,9,0.8102803585733545
10927,50000.0,-1000.0,13,0.810234191850482
10928,-10000.0,-1000.0,3,0.8102235384175052
10929,-10000.0,-1000.0,6,0.81020223203095
10930,-10000.0,-1600.0,8,0.8101738245098229
10931,-10000.0,-1600.0,3,0.8101631719823496
10932,-10000.0,-1600.0,2,0.8101560703861377
10933,50000.0,-1600.0,14,0.8101063612010524
10934,-10000.0,-1600.0,4,0.8100921592158488
10935,-10000.0,-1600.0,6,0.8100708567706106
10936,-10000.0,-1600.0,1,0.8100673064252025
10937,-10000.0,-1600.0,3,0.8100566554954883
10938,-10000.0,-1600.0,5,0.8100389043009918
10939,-10000.0,-1600.0,2,0.8100318039474507
10940,-10000.0,-1600.0,6,0.8100105033128433
10941,-10000.0,-1600.0,2,0.8100034032433107
10942,-10000.0,-1600.0,4,0.8099892033172454
10943,50000.0,-1600.0,9,0.8099572545219496
10944,-10000.0,-1600.0,3,0.8099466052430014
10945,-10000.0,-1600.0,3,0.8099359561237914
10946,-10000.0,-2200.0,2,0.8099288567997268
10947,-10000.0,-2200.0,2,0.8099217575466552
10948,-10000.0,-2200.0,10,0.8098862623461652
10949,-10000.0,-2200.0,6,0.8098649660777405
10950,50000.0,-1600.0,2,0.8098578674635728
10951,-10000.0,-2200.0,6,0.8098365720469818
10952,-10000,-2200.0,1,0.8098330228729945
10953,-10000.0,-2200.0,2,0.8098259245782573
10954,-10000.0,-2200.0,8,0.8097975321091273
10955,-10000.0,-2800.0,4,0.8097833363004436
10956,-10000.0,-2800.0,2,0.8097762385025697
10957,-10000.0,-2800.0,2,0.8097691407756734
10958,-10000,-2800.0,1,0.8097655919388416
10959,-10000.0,-2800.0,2,0.8097584943184104
10960,-10000.0,-2800.0,6,0.8097372018829689
10961,50000.0,-2200.0,10,0.8097017159100316
10962,-10000.0,-2200.0,2,0.8096946189283575
10963,-10000.0,-2800.0,4,0.8096804251779168
10964,-10000,-2800.0,1,0.8096768767846619
10965,-10000.0,-2800.0,3,0.8096662317113484
10966,-10000.0,-2800.0,1,0.8096626833890607
10967,-10000.0,-2800.0,15,0.8096094606836829
10968,-10000.0,-2800.0,1,0.8096059126452495
10969,-10000.0,-2800.0,2,0.8095988166216033
10970,50000.0,-2200.0,8,0.8095704332366099
10971,-10000.0,-2200.0,1,0.8095668853933133
10972,-10000.0,-2200.0,1,0.809563337567756
10973,-10000.0,-2800.0,2,0.8095562419698583
10974,50000.0,-2200.0,8,0.809527860287817
10975,-10000.0,-2200.0,1,0.8095243126573846
10976,-10000.0,-2800.0,4,0.8095101223130353
10977,-10000.0,-2800.0,3,0.8094994797410202
10978,50000.0,-2200.0,4,0.8094852898933242
10979,-10000.0,-2200.0,3,0.8094746476937926
10980,-10000.0,-2800.0,1,0.8094711003294226
10981,-10000,-2800.0,1,0.8094675529827893
10982,50000.0,-2200.0,6,0.8094462692754569
10983,-10000.0,-2200.0,1,0.8094427220529787
10984,-10000.0,-2200.0,2,0.8094356276612301
10985,-10000.0,-2200.0,1,0.8094320804919597
10986,-10000.0,-2200.0,3,0.8094214390905631
10987,-10000.0,-2200.0,5,0.8094037037762782
10988,-10000.0,-2200.0,1,0.8094001567666268
10989,-10000.0,-2200.0,2,0.809393062800529
10990,-10000.0,-2200.0,2,0.8093859689053706
10991,-10000.0,-2200.0,5,0.8093682344778291
10992,-10000.0,-2200.0,6,0.8093469537500073
10993,-10000.0,-2200.0,2,0.8093398603159371
10994,-10000.0,-2200.0,2,0.8093327669528009
10995,50000.0,-1600.0,5,0.8093150338552917
10996,50000.0,-1600.0,7,0.8092902082635571
10997,50000.0,-1000.0,2,0.8092831153969389
10998,-10000.0,-1000.0,1,0.809279568990228
10999,-10000.0,-1000.0,2,0.809272476230002
11000,-10000.0,-1000.0,8,0.809244105898363
11001,50000.0,-400.0,4,0.809229921158093
11002,-10000.0,-400.0,9,0.8091980065297254
11003,-10000.0,-400.0,10,0.8091625475158817
11004,-10000.0,-400.0,11,0.8091235446483569
11005,-10000.0,-400.0,4,0.8091093623192878
11006,-10000.0,-1000.0,1,0.8091058167813401
11007,-10000.0,-1000.0,16,0.8090490905850757
11008,50000.0,-400.0,2,0.8090420001296221
11009,-10000.0,-400.0,3,0.809031364579387
11010,-10000.0,-400.0,2,0.8090242743011926
11011,-10000.0,-400.0,6,0.8090030038920213
11012,-10000.0,-400.0,2,0.8089959138974324
11013,-10000.0,-400.0,2,0.8089888239737432
11014,50000.0,200.0,4,0.8089746443390605
11015,-10000.0,200.0,5,0.8089569201945047
11016,-10000.0,200.0,1,0.8089533754187657
11017,-10000.0,200.0,9,0.8089214732346764
11018,-10000.0,-400.0,3,0.8089108394923312
11019,-10000.0,-400.0,1,0.808907294946995
11020,-10000.0,-400.0,5,0.8088895724861531
11021,-10000.0,-400.0,5,0.8088718504683671
11022,-10000.0,-400.0,1,0.8088683061179757
11023,-10000.0,-400.0,2,0.8088612174703578
11024,-10000.0,-400.0,4,0.8088470403877797
11025,-10000.0,-400.0,4,0.8088328635887403
11026,-10000.0,-1000.0,5,0.808815142988659
11027,50000.0,-1000.0,6,0.808793878853333
11028,-10000.0,-1000.0,5,0.808776159227858
11029,-10000.0,-1000.0,3,0.8087655276652064
11030,50000.0,-400.0,3,0.8087548962620272
11031,-10000.0,-400.0,12,0.8087123722439847
11032,-10000.0,-400.0,8,0.8086840243160573
11033,-10000.0,-1000.0,5,0.8086663074369114
11034,-10000.0,-1000.0,21,0.8085919013810168
11035,-10000.0,-1000.0,3,0.8085812725822121
11036,-10000.0,-1000.0,4,0.8085671010984758
11037,-10000.0,-1000.0,2,0.8085600154628931
11038,50000.0,-400.0,4,0.8085458444042949
11039,-10000.0,-400.0,5,0.8085281309796036
11040,-10000.0,-400.0,4,0.8085139605586886
11041,-10000.0,-400.0,9,0.8084820781478231
11042,50000.0,200.0,6,0.8084608240042924
11043,-10000.0,-400.0,6,0.8084395704983764
11044,50000.0,200.0,10,0.8084041494053863
11045,-10000.0,200.0,6,0.8083828975996827
11046,-10000.0,200.0,2,0.8083758138061258
11047,-10000.0,200.0,2,0.8083687300834064
11048,-10000.0,200.0,7,0.8083439376117243
11049,-10000.0,200.0,3,0.8083333125323484
11050,-10000.0,-400.0,1,0.80832977087464
11051,50000.0,200.0,11,0.808290813808571
11052,-10000.0,200.0,2,0.8082837309358473
11053,-10000.0,200.0,13,0.8082376939895535
11054,-10000.0,200.0,6,0.8082164471774376
11055,-10000.0,200.0,4,0.8082022829901363
11056,50000.0,800.0,3,0.8081916600355639
11057,50000.0,1400.0,10,0.8081562513377869
11058,-10000.0,1400.0,1,0.8081527105653821
11059,-10000.0,1400.0,1,0.8081491698106812
11060,-10000.0,1400.0,3,0.8081385476528004
11061,50000.0,1400.0,6,0.80811730381503
11062,-10000.0,1400.0,4,0.8081031416105762
11063,-10000.0,1400.0,7,0.8080783584343278
11064,-10000.0,1400.0,7,0.8080535761254757
11065,-10000.0,1400.0,7,0.808028794683989
11066,50000.0,2000.0,4,0.8080146342497002
11067,-10000.0,2000.0,25,0.8079261379515529
11068,-10000.0,2000.0,4,0.8079119795703781
11069,-10000.0,2000.0,1,0.8079084400193292
11070,50000.0,2000.0,4,0.8078942819921094
11071,-10000.0,2000.0,6,0.807873045482199
11072,-10000.0,2000.0,2,0.8078659667871376
11073,-10000,2000.0,1,0.807862427466152
11074,-10000.0,1400.0,2,0.8078553488772704
11075,-10000.0,1400.0,1,0.8078518096093741
11076,-10000.0,1400.0,4,0.8078376527147514
11077,-10000.0,1400.0,4,0.8078234961032636
11078,-10000.0,800.0,4,0.8078093397749054
11079,-10000.0,800.0,5,0.8077916447625996
11080,-10000.0,800.0,4,0.8077774890712617
11081,-10000.0,800.0,2,0.8077704113317598
11082,-10000.0,200.0,2,0.8077633336630348
11083,-10000.0,200.0,5,0.8077456398008674
11084,-10000.0,200.0,4,0.8077314850296197
11085,-10000.0,200.0,3,0.8077208691369635
11086,-10000.0,200.0,1,0.8077173305414644
11087,-10000.0,200.0,2,0.8077102534035447
11088,-10000.0,200.0,1,0.807706714861124
11089,-10000.0,200.0,1,0.8077031763363961
11090,-10000.0,200.0,2,0.8076960993400177
11091,50000.0,800.0,11,0.8076571771249247
11092,-10000.0,800.0,1,0.8076536388478849
11093,-10000.0,800.0,5,0.8076359477280536
11094,-10000.0,800.0,5,0.8076182570504947
11095,-10000.0,200.0,8,0.8075899528862999
11096,-10000.0,-400.0,2,0.8075828770221504
11097,-10000.0,-1000.0,22,0.8075050471863973
11098,-10000.0,-1000.0,3,0.8074944346902835
11099,-10000.0,-1000.0,8,0.8074661354788839
11100,-10000.0,-1000.0,2,0.8074590608529022
11101,-10000.0,-1600.0,4,0.8074449118131761
11102,-10000.0,-1600.0,2,0.8074378373994301
11103,-10000.0,-1600.0,5,0.8074201516745676
11104,50000.0,-1000.0,4,0.8074060034130172
11105,-10000.0,-1000.0,3,0.8073953924025488
11106,-10000.0,-1000.0,11,0.8073564867258826
11107,50000.0,-400.0,4,0.8073423397376183
11108,50000.0,-400.0,8,0.8073140466098953
11109,-10000.0,-400.0,3,0.8073034369787685
11110,50000.0,200.0,13,0.807257463749511
11111,-10000.0,200.0,1,0.807253927471033
11112,-10000,200.0,1,0.8072503912102362
11113,-10000.0,200.0,4,0.8072362463438612
11114,-10000.0,-400.0,4,0.8072221017603806
11115,-10000.0,-400.0,4,0.8072079574597888
11116,-10000.0,-400.0,16,0.8071513830861972
11117,50000.0,200.0,7,0.8071266332209144
11118,-10000.0,200.0,3,0.8071160264009674
11119,-10000.0,200.0,10,0.8070806714835276
11120,-10000.0,200.0,2,0.8070736007121667
11121,-10000.0,200.0,2,0.8070665300115131
11122,-10000.0,200.0,14,0.8070170370866849
11123,-10000.0,200.0,9,0.80698522203586
11124,-10000.0,200.0,1,0.8069816871185871
11125,-10000.0,200.0,1,0.8069781522189887
11126,-10000.0,200.0,4,0.8069640127973392
11127,-10000.0,-400.0,3,0.8069534084166802
11128,-10000.0,-400.0,3,0.8069428041950858
11129,-10000.0,-400.0,3,0.8069322001325536
11130,-10000.0,-1000.0,1,0.8069286654803896
11131,-10000.0,-1000.0,2,0.8069215962290811
11132,-10000.0,-1000.0,5,0.8069039234100864
11133,-10000.0,-1000.0,1,0.8069003888993057
11134,-10000.0,-1000.0,3,0.8068897854729982
11135,-10000.0,-1000.0,3,0.8068791822057407
11136,-10000.0,-1000.0,2,0.8068721134492626
11137,-10000.0,-1000.0,3,0.8068615104470835
11138,-10000.0,-1600.0,2,0.806854441867322
11139,-10000.0,-1600.0,5,0.8068367707271654
11140,-10000.0,-1600.0,1,0.8068332365521472
11141,-10000,-1600.0,1,0.8068297023947999
11142,-10000.0,-2200.0,1,0.8068261682551233
11143,-10000.0,-2200.0,3,0.806815565942117
11144,50000.0,-2200.0,6,0.8067943617932025
11145,-10000.0,-2200.0,1,0.8067908278302285
11146,-10000.0,-2200.0,1,0.8067872938849243
11147,50000.00000000001,-1600.0,3,0.8067766921550291
11148,50000.0,-1000.0,16,0.8067201522812818
11149,-10000.0,-1000.0,1,0.8067166186893544
11150,50000.0,-400.0,9,0.8066848171570532
11151,-10000.0,-1000.0,9,0.8066530170557888
11152,-10000.0,-1000.0,1,0.8066494837995367
11153,-10000.0,-1000.0,3,0.8066388841367774
11154,-10000.0,-1000.0,2,0.8066318177832679
11155,-10000.0,-1000.0,5,0.8066141522086439
11156,-10000.0,-1600.0,5,0.8065964870756538
11157,-10000.0,-2200.0,19,0.8065293635977971
11158,-10000.0,-2200.0,5,0.8065117005844958
11159,-10000.0,-2200.0,16,0.8064551819092262
11160,-10000.0,-2200.0,2,0.8064481173927298
11161,-10000.0,-2800.0,9,0.8064163279427151
11162,-10000.0,-2800.0,2,0.8064092638147564
11163,50000.0,-2200.0,18,0.8063456898418847
11164,50000.0,-1600.0,8,0.8063174365793601
11165,-10000.0,-1600.0,1,0.8063139050010061
11166,-10000.0,-2200.0,2,0.8063068418972718
11167,50000.0,-1600.0,1,0.8063033103718911
11168,50000.0,-1000.0,9,0.8062715274380456
11169,-10000.0,-1000.0,17,0.8062114969095471
11170,-10000.0,-1600.0,3,0.8062009038165419
11171,-10000.0,-1600.0,3,0.8061903108824318
11172,-10000.0,-1600.0,3,0.8061797181072146
11173,-10000,-1600.0,1,0.8061761872174512
11174,-10000.0,-1600.0,1,0.8061726563453423
11175,-10000.0,-1600.0,1,0.8061691254908877
11176,-10000.0,-1600.0,2,0.8061620638349413
11177,-10000.0,-1600.0,1,0.8061585330334491
11178,50000.0,-1000.0,3,0.806147940734896
11179,-10000.0,-1000.0,3,0.8061373485952262
11180,-10000.0,-1000.0,15,0.8060843902800432
11181,-10000.0,-1000.0,4,0.8060702687334534
11182,-10000.0,-1000.0,2,0.8060632080660697
11183,-10000.0,-1000.0,18,0.8059996652368139
11184,-10000.0,-1000.0,1,0.8059961352473126
11185,50000.0,-400.0,6,0.8059749556809503
11186,-10000.0,-400.0,2,0.8059678959666922
11187,-10000.0,-400.0,2,0.8059608363230307
11188,-10000.0,-400.0,9,0.8059290688001708
11189,-10000.0,-400.0,1,0.805925539163651
11190,-10000.0,-400.0,1,0.8059220095447792
11191,50000.0,-400.0,6,0.8059008322021546
11192,-10000.0,-400.0,3,0.8058902437690849
11193,-10000.0,-400.0,9,0.8058584794228184
11194,-10000.0,-400.0,8,0.8058302456483208
11195,-10000.0,-400.0,4,0.805816129184573
11196,-10000.0,-400.0,5,0.8057984840019091
11197,-10000.0,-400.0,3,0.805787897104051
11198,-10000.0,-400.0,2,0.8057808392603693
11199,-10000.0,-400.0,1,0.8057773103649952
11200,-10000.0,-400.0,4,0.8057631949599424
11201,-10000.0,-400.0,6,0.8057420223816839
11202,-10000.0,-400.0,8,0.8057137932653746
11203,-10000,-400.0,1,0.8057102647052298
11204,-10000.0,-1000.0,2,0.8057032076378681
11205,50000.0,-400.0,9,0.8056714517080381
11206,-10000.0,-400.0,4,0.8056573384201373
11207,-10000.0,-1000.0,14,0.8056079441352682
11208,-10000.0,-1600.0,3,0.8055973600954865
11209,-10000.0,-1600.0,3,0.8055867762144644
11210,-10000.0,-2200.0,1,0.8055832482894032
11211,-10000.0,-2200.0,6,0.8055620811094638
11212,-10000.0,-2200.0,2,0.8055550255239307
11213,50000.0,-1600.0,10,0.8055197486545835
11214,50000.0,-1000.0,6,0.8054985833796046
11215,-10000.0,-1000.0,1,0.8054950558955064
11216,-10000.0,-1000.0,7,0.8054703640006607
11217,-10000.0,-1600.0,8,0.8054421457504695
11218,-10000.0,-1600.0,7,0.8054174557074465
11219,50000.0,-1000.0,10,0.8053821857164183
11220,-10000.0,-1000.0,2,0.8053751319298301
11221,-10000,-1000.0,1,0.8053716050629877
11222,-10000.0,-1000.0,8,0.8053433907630748
11223,-10000.0,-1000.0,2,0.8053363373644343
11224,-10000.0,-1000.0,1,0.8053328106915641
11225,50000.0,-400.0,2,0.8053257573987238
11226,-10000.0,-400.0,6,0.8053045979433952
11227,-10000.0,-400.0,9,0.805272859950598
11228,-10000.0,-400.0,4,0.8052587546344526
11229,-10000.0,-400.0,1,0.8052552283494951
11230,-10000.0,-400.0,1,0.805251702082169
11231,-10000.0,-400.0,4,0.8052375971891769
11232,-10000.0,-400.0,2,0.8052305448484668
11233,-10000.0,-400.0,2,0.8052234925782796
11234,-10000.0,-400.0,12,0.8051811804381018
11235,-10000,-400.0,1,0.8051776545410143
11236,-10000.0,-400.0,1,0.8051741286615564
11237,-10000.0,-400.0,2,0.8051670769555284
11238,-10000.0,-400.0,1,0.8051635511289581
11239,-10000.0,-400.0,2,0.8051564995287049
11240,-10000,-400.0,1,0.8051529737550217
11241,-10000.0,-400.0,1,0.8051494479989673
11242,-10000.0,-400.0,2,0.8051423965397447
11243,50000.0,200.0,5,0.8051247682001864
11244,-10000.0,-400.0,2,0.8051177169877605
11245,50000.0,200.0,4,0.8051036147744434
11246,-10000.0,200.0,3,0.8050930382995455
11247,-10000.0,-400.0,1,0.8050895128431677
11248,-10000.0,-1000.0,2,0.8050824619832936
11249,-10000.0,-1000.0,4,0.8050683604750695
11250,-10000.0,-1600.0,6,0.8050472087415328
11251,-10000.0,-1600.0,3,0.8050366331127191
11252,-10000.0,-1600.0,3,0.8050260576425387
11253,50000.0,-1000.0,11,0.8049872822757006
11254,-10000.0,-1000.0,1,0.8049837573481016
11255,-10000.0,-1000.0,2,0.8049767075457772
11256,50000.0,-400.0,5,0.804959083348392
11257,-10000.0,-400.0,4,0.8049449843077159
11258,-10000.0,-400.0,4,0.8049308855490177
11259,-10000.0,-400.0,2,0.8049238362754088
11260,-10000.0,-400.0,18,0.8048603959849998
11261,-10000.0,-400.0,4,0.8048462989180512
11262,-10000.0,-400.0,9,0.804814581548246
11263,50000.0,-400.0,5,0.8047969614039601
11264,-10000.0,-1000.0,2,0.8047899134695857
11265,50000.0,-400.0,4,0.8047758178122734
11266,-10000.0,-400.0,4,0.8047617224368715
11267,-10000.0,-1000.0,2,0.8047546748548849
11268,-10000.0,-1600.0,1,0.8047511510903201
11269,-10000.0,-1600.0,4,0.8047370562082476
11270,50000.0,-1000.0,10,0.8047018202363438
11271,-10000.0,-1000.0,1,0.8046982967360514
11272,-10000.0,-1000.0,1,0.8046947732533765
11273,-10000.0,-1000.0,6,0.8046736327272883
11274,-10000.0,-1000.0,11,0.8046348767432877
11275,-10000.0,-1000.0,2,0.804627830429752
11276,-10000.0,-1000.0,1,0.8046243072994076
11277,-10000.0,-1000.0,2,0.8046172610915656
11278,-10000.0,-1600.0,4,0.8046031688872664
11279,-10000.0,-1600.0,4,0.8045890769648083
11280,-10000.0,-1600.0,3,0.8045785082079197
11281,-10000.0,-1600.0,5,0.8045608939653934
11282,-10000.0,-1600.0,6,0.8045397574556237
11283,-10000.0,-1600.0,2,0.804532712093276
11284,-10000.0,-1600.0,7,0.804508053879874
11285,-10000.0,-2200.0,1,0.8045045313484109
11286,-10000.0,-2200.0,1,0.8045010088345605
11287,-10000.0,-2200.0,2,0.8044939638596971
11288,-10000.0,-2200.0,6,0.8044728293578004
11289,-10000.0,-2200.0,2,0.8044657846647304
11290,-10000.0,-2200.0,3,0.8044552177572124
11291,-10000,-2800.0,1,0.8044516954899292
11292,-10000.0,-2800.0,2,0.8044446510081968
11293,-10000.0,-2800.0,5,0.8044270401120587
11294,-10000.0,-2800.0,3,0.8044164737857047
11295,-10000.0,-2800.0,1,0.804412951712141
11296,-10000.0,-2800.0,5,0.8043953416084755
11297,-10000.0,-2800.0,4,0.8043812538425213
11298,-10000.0,-2800.0,7,0.8043566009300653
11299,50000.0,-2200.0,7,0.8043319488804462
11300,-10000.0,-2200.0,2,0.8043249055961738
11301,-10000.0,-2200.0,8,0.8042967331634024
11302,-10000.0,-2200.0,6,0.8042756045783379
11303,-10000.0,-2200.0,2,0.8042685618575057
11304,-10000.0,-2200.0,2,0.8042615192071004
11305,50000.0,-2200.0,11,0.8042227858887201
11306,-10000.0,-2200.0,2,0.8042157436960723
11307,-10000.0,-2200.0,3,0.8042051805391407
11308,-10000.0,-2200.0,7,0.8041805337891424
11309,-10000.0,-2200.0,3,0.8041699711603556
11310,-10000.0,-2200.0,2,0.8041629294958523
11311,-10000.0,-2200.0,13,0.804117160392947
11312,-10000.0,-2200.0,5,0.804099557683972
11313,-10000.0,-2800.0,13,0.8040537927001007
11314,-10000.0,-3400.0,3,0.8040432319724158
11315,-10000.0,-3400.0,5,0.8040256311116282
11316,50000.0,-2800.0,12,0.8039833908409822
11317,-10000.0,-2800.0,4,0.8039693113139611
11318,-10000.0,-2800.0,16,0.8039129960216977
11319,-10000.0,-3400.0,6,0.8038918789485748
11320,-10000.0,-3400.0,2,0.8038848400649797
11321,-10000.0,-3400.0,6,0.8038637238365228
11322,-10000.0,-3400.0,1,0.803860204526702
11323,-10000.0,-3400.0,5,0.8038426082415432
11324,-10000.0,-3400.0,9,0.8038109360368023
11325,-10000.0,-4000.0,1,0.8038074169909197
11326,-10000.0,-4000.0,3,0.8037968599588429
11327,-10000.0,-4000.0,18,0.8037335210917383
11328,-10000.0,-4000.0,3,0.8037229651680916
11329,-10000.0,-4000.0,3,0.8037124094027825
11330,-10000.0,-4000.0,6,0.8036912983471679
11331,50000.0,-3400.0,8,0.8036631512581796
11332,50000.0,-2800.0,17,0.8036033424322337
11333,-10000.0,-2800.0,4,0.8035892705061047
11334,-10000.0,-2800.0,6,0.8035681631446016
11335,50000.0,-2200.0,5,0.8035505741603862
11336,50000.0,-1600.0,2,0.803543538689822
11337,50000.0,-1000.0,14,0.8034942923657551
11338,-10000.0,-1000.0,6,0.8034731878535534
11339,-10000.0,-1000.0,2,0.8034661531568484
11340,-10000.0,-1000.0,10,0.8034309807285086
11341,-10000.0,-1000.0,6,0.8034098781156276
11342,50000.0,-400.0,9,0.8033782253833042
11343,-10000.0,-1000.0,6,0.8033571243530596
11344,50000.0,-400.0,6,0.8033360239558367
11345,-10000.0,-1000.0,1,0.8033325072845086
11346,-10000.0,-1000.0,1,0.8033289906307638
11347,-10000.0,-1000.0,2,0.8033219573760239
11348,-10000.0,-1000.0,2,0.8033149241916161
11349,-10000.0,-1000.0,4,0.8033008580337943
11350,-10000.0,-1000.0,2,0.8032938250603788
11351,50000.0,-400.0,3,0.8032832757321231
11352,50000.0,200.0,10,0.803248112447426
11353,-10000.0,-400.0,2,0.8032410800014637
11354,-10000.0,-400.0,1,0.8032375638048542
11355,-10000.0,-400.0,4,0.8032234991942246
11356,50000.0,-400.0,6,0.8032024028056963
11357,-10000.0,-400.0,5,0.8031848229653751
11358,-10000.0,-400.0,2,0.8031777911523045
11359,-10000.0,-400.0,2,0.8031707594095518
11360,-10000.0,-400.0,5,0.8031531803603056
11361,50000.0,200.0,5,0.8031356017505301
11362,-10000.0,200.0,2,0.8031285704296693
11363,-10000.0,-400.0,5,0.8031109924351344
11364,-10000.0,-400.0,8,0.8030828685579183
11365,-10000.0,-1000.0,3,0.8030723223939864
11366,-10000.0,-1000.0,2,0.8030652917059159
11367,-10000.0,-1000.0,5,0.8030477152933293
11368,-10000.0,-1000.0,7,0.8030231090539057
11369,-10000.0,-1000.0,5,0.8030055336958724
11370,-10000.0,-1600.0,4,0.8029914737257985
11371,-10000.0,-1600.0,2,0.8029844438462107
11372,-10000.0,-1600.0,1,0.8029809289327787
11373,-10000.0,-1600.0,3,0.8029703842979298
11374,-10000.0,-1600.0,3,0.8029598398212491
11375,-10000.0,-1600.0,6,0.8029387513423831
11376,50000.0,-1000.0,5,0.8029211780932662
11377,50000.0,-400.0,8,0.8028930618084719
11378,-10000.0,-400.0,10,0.8028579180339832
11379,-10000.0,-400.0,1,0.8028544037531787
11380,-10000.0,-400.0,1,0.8028508894899455
11381,-10000.0,-400.0,2,0.8028438610161931
11382,-10000.0,-400.0,2,0.8028368326127251
11383,-10000.0,-400.0,1,0.8028333184373474
11384,-10000.0,-400.0,2,0.8028262901393046
11385,-10000.0,-400.0,2,0.8028192619115443
11386,-10000.0,-400.0,3,0.8028087197016824
11387,50000.0,200.0,6,0.8027876357563521
11388,-10000.0,200.0,8,0.8027595248131445
11389,-10000.0,200.0,20,0.8026892523743437
11390,-10000.0,200.0,1,0.8026857389368655
11391,-10000.0,200.0,9,0.8026541187900719
11392,50000.0,800.0,7,0.8026295263262849
11393,-10000.0,800.0,3,0.8026189869624355
11394,50000.0,1400.0,5,0.8026014217073281
11395,-10000.0,1400.0,2,0.8025943957282409
11396,-10000.0,1400.0,5,0.8025768310879066
11397,-10000.0,1400.0,9,0.802545215841856
11398,-10000.0,1400.0,2,0.8025381904248248
11399,50000.0,1400.0,3,0.8025276524310035
11400,-10000.0,1400.0,7,0.8025030643934615
11401,-10000.0,1400.0,2,0.8024960393979427
11402,-10000.0,1400.0,3,0.8024855020363821
11403,-10000.0,1400.0,9,0.8024538909000464
11404,-10000.0,1400.0,1,0.8024503786393725
11405,-10000.0,800.0,1,0.80244686639626
11406,-10000.0,800.0,2,0.8024398419627182
11407,-10000.0,800.0,10,0.8024047208486552
11408,-10000.0,800.0,2,0.8023976968365669
11409,-10000.0,800.0,9,0.8023660896513762
11410,-10000.0,800.0,1,0.8023625778297075
